s_id;provider_id;lon;lat;alt;alt_dem;gss_id;genus;species;subspecies;phase_id;year;day;date;cult_season;license_short
20450;2701;19.0833;42.1;6;0;1950100;Olea;Olea europaea;;60;1952;110;1952-04-19;0;CC BY-NC 4.0
20450;2701;19.0833;42.1;6;0;1950100;Olea;Olea europaea;;65;1952;140;1952-05-19;0;CC BY-NC 4.0
7230;14;2.355;41.638;195;189;1950100;Olea;Olea europaea;;60;1952;149;1952-05-28;0;CC BY-NC 4.0
20450;2701;19.0833;42.1;6;0;1950100;Olea;Olea europaea;;81;1952;294;1952-10-20;0;CC BY-NC 4.0
20450;2701;19.0833;42.1;6;0;1950100;Olea;Olea europaea;;100;1952;333;1952-11-28;0;CC BY-NC 4.0
20450;2701;19.0833;42.1;6;0;1950101;Olea;Olea europaea;Olea europaea Oblica;60;1953;109;1953-04-19;0;CC BY-NC 4.0
20450;2701;19.0833;42.1;6;0;1950101;Olea;Olea europaea;Olea europaea Oblica;65;1953;137;1953-05-17;0;CC BY-NC 4.0
7230;14;2.355;41.638;195;189;1950100;Olea;Olea europaea;;60;1953;139;1953-05-19;0;CC BY-NC 4.0
20450;2701;19.0833;42.1;6;0;1950101;Olea;Olea europaea;Olea europaea Oblica;81;1953;272;1953-09-29;0;CC BY-NC 4.0
20450;2701;19.0833;42.1;6;0;1950101;Olea;Olea europaea;Olea europaea Oblica;100;1953;312;1953-11-08;0;CC BY-NC 4.0
20450;2701;19.0833;42.1;6;0;1950101;Olea;Olea europaea;Olea europaea Oblica;60;1954;145;1954-05-25;0;CC BY-NC 4.0
20450;2701;19.0833;42.1;6;0;1950101;Olea;Olea europaea;Olea europaea Oblica;65;1954;150;1954-05-30;0;CC BY-NC 4.0
7230;14;2.355;41.638;195;189;1950100;Olea;Olea europaea;;60;1954;158;1954-06-07;0;CC BY-NC 4.0
7230;14;2.355;41.638;195;189;1950100;Olea;Olea europaea;;60;1955;150;1955-05-30;0;CC BY-NC 4.0
20450;2701;19.0833;42.1;6;0;1950101;Olea;Olea europaea;Olea europaea Oblica;60;1956;118;1956-04-27;0;CC BY-NC 4.0
20450;2701;19.0833;42.1;6;0;1950101;Olea;Olea europaea;Olea europaea Oblica;65;1956;140;1956-05-19;0;CC BY-NC 4.0
20450;2701;19.0833;42.1;6;0;1950101;Olea;Olea europaea;Olea europaea Oblica;69;1956;151;1956-05-30;0;CC BY-NC 4.0
7230;14;2.355;41.638;195;189;1950100;Olea;Olea europaea;;60;1956;164;1956-06-12;0;CC BY-NC 4.0
20450;2701;19.0833;42.1;6;0;1950100;Olea;Olea europaea;;60;1957;122;1957-05-02;0;CC BY-NC 4.0
20450;2701;19.0833;42.1;6;0;1950100;Olea;Olea europaea;;65;1957;131;1957-05-11;0;CC BY-NC 4.0
7230;14;2.355;41.638;195;189;1950100;Olea;Olea europaea;;60;1957;164;1957-06-13;0;CC BY-NC 4.0
20450;2701;19.0833;42.1;6;0;1950100;Olea;Olea europaea;;60;1958;115;1958-04-25;0;CC BY-NC 4.0
20450;2701;19.0833;42.1;6;0;1950100;Olea;Olea europaea;;65;1958;129;1958-05-09;0;CC BY-NC 4.0
7230;14;2.355;41.638;195;189;1950100;Olea;Olea europaea;;60;1958;154;1958-06-03;0;CC BY-NC 4.0
20450;2701;19.0833;42.1;6;0;1950100;Olea;Olea europaea;;81;1958;281;1958-10-08;0;CC BY-NC 4.0
20450;2701;19.0833;42.1;6;0;1950100;Olea;Olea europaea;;100;1958;284;1958-10-11;0;CC BY-NC 4.0
20450;2701;19.0833;42.1;6;0;1950100;Olea;Olea europaea;;60;1959;97;1959-04-07;0;CC BY-NC 4.0
20450;2701;19.0833;42.1;6;0;1950100;Olea;Olea europaea;;65;1959;118;1959-04-28;0;CC BY-NC 4.0
7230;14;2.355;41.638;195;189;1950100;Olea;Olea europaea;;60;1959;150;1959-05-30;0;CC BY-NC 4.0
20450;2701;19.0833;42.1;6;0;1950100;Olea;Olea europaea;;81;1959;272;1959-09-29;0;CC BY-NC 4.0
20450;2701;19.0833;42.1;6;0;1950100;Olea;Olea europaea;;100;1959;283;1959-10-10;0;CC BY-NC 4.0
20450;2701;19.0833;42.1;6;0;1950100;Olea;Olea europaea;;65;1960;83;1960-03-23;0;CC BY-NC 4.0
20450;2701;19.0833;42.1;6;0;1950102;Olea;Olea europaea;Olea europaea Zutica;65;1960;121;1960-04-30;0;CC BY-NC 4.0
7230;14;2.355;41.638;195;189;1950100;Olea;Olea europaea;;60;1960;150;1960-05-29;0;CC BY-NC 4.0
20450;2701;19.0833;42.1;6;0;1950100;Olea;Olea europaea;;60;1961;78;1961-03-19;0;CC BY-NC 4.0
20450;2701;19.0833;42.1;6;0;1950100;Olea;Olea europaea;;65;1961;114;1961-04-24;0;CC BY-NC 4.0
19299;2101;17.977;42.7124;60;64;1950100;Olea;Olea europaea;;60;1961;132;1961-05-12;0;CC BY-NC 4.0
19294;2101;16.45;43.167;20;37;1950100;Olea;Olea europaea;;60;1961;138;1961-05-18;0;CC BY-NC 4.0
19298;2101;14.7687;44.7556;26;18;1950100;Olea;Olea europaea;;60;1961;138;1961-05-18;0;CC BY-NC 4.0
19298;2101;14.7687;44.7556;26;18;1950100;Olea;Olea europaea;;65;1961;145;1961-05-25;0;CC BY-NC 4.0
19299;2101;17.977;42.7124;60;64;1950100;Olea;Olea europaea;;65;1961;145;1961-05-25;0;CC BY-NC 4.0
19294;2101;16.45;43.167;20;37;1950100;Olea;Olea europaea;;65;1961;146;1961-05-26;0;CC BY-NC 4.0
7230;14;2.355;41.638;195;189;1950100;Olea;Olea europaea;;60;1961;149;1961-05-29;0;CC BY-NC 4.0
19294;2101;16.45;43.167;20;37;1950100;Olea;Olea europaea;;69;1961;151;1961-05-31;0;CC BY-NC 4.0
19299;2101;17.977;42.7124;60;64;1950100;Olea;Olea europaea;;69;1961;155;1961-06-04;0;CC BY-NC 4.0
6871;201;13.6167;45.4833;2;5;1950100;Olea;Olea europaea;;60;1961;161;1961-06-10;0;CC BY-NC 4.0
6871;201;13.6167;45.4833;2;5;1950100;Olea;Olea europaea;;65;1961;166;1961-06-15;0;CC BY-NC 4.0
6871;201;13.6167;45.4833;2;5;1950100;Olea;Olea europaea;;69;1961;173;1961-06-22;0;CC BY-NC 4.0
20450;2701;19.0833;42.1;6;0;1950100;Olea;Olea europaea;;81;1961;270;1961-09-27;0;CC BY-NC 4.0
20450;2701;19.0833;42.1;6;0;1950100;Olea;Olea europaea;;100;1961;277;1961-10-04;0;CC BY-NC 4.0
19299;2101;17.977;42.7124;60;64;1950100;Olea;Olea europaea;;380;1961;283;1961-10-10;0;CC BY-NC 4.0
19299;2101;17.977;42.7124;60;64;1950100;Olea;Olea europaea;;87;1961;319;1961-11-15;0;CC BY-NC 4.0
20450;2701;19.0833;42.1;6;0;1950100;Olea;Olea europaea;;95;1961;354;1961-12-20;0;CC BY-NC 4.0
6871;201;13.6167;45.4833;2;5;1950100;Olea;Olea europaea;;60;1962;118;1962-04-28;0;CC BY-NC 4.0
6871;201;13.6167;45.4833;2;5;1950100;Olea;Olea europaea;;65;1962;121;1962-05-01;0;CC BY-NC 4.0
6871;201;13.6167;45.4833;2;5;1950100;Olea;Olea europaea;;69;1962;128;1962-05-08;0;CC BY-NC 4.0
7230;14;2.355;41.638;195;189;1950100;Olea;Olea europaea;;60;1962;134;1962-05-14;0;CC BY-NC 4.0
20450;2701;19.0833;42.1;6;0;1950102;Olea;Olea europaea;Olea europaea Zutica;60;1962;137;1962-05-17;0;CC BY-NC 4.0
20450;2701;19.0833;42.1;6;0;1950102;Olea;Olea europaea;Olea europaea Zutica;65;1962;144;1962-05-24;0;CC BY-NC 4.0
19299;2101;17.977;42.7124;60;64;1950100;Olea;Olea europaea;;60;1962;145;1962-05-25;0;CC BY-NC 4.0
20450;2701;19.0833;42.1;6;0;1950102;Olea;Olea europaea;Olea europaea Zutica;69;1962;147;1962-05-27;0;CC BY-NC 4.0
19294;2101;16.45;43.167;20;37;1950100;Olea;Olea europaea;;60;1962;151;1962-05-31;0;CC BY-NC 4.0
19299;2101;17.977;42.7124;60;64;1950100;Olea;Olea europaea;;65;1962;151;1962-05-31;0;CC BY-NC 4.0
19298;2101;14.7687;44.7556;26;18;1950100;Olea;Olea europaea;;60;1962;158;1962-06-07;0;CC BY-NC 4.0
19294;2101;16.45;43.167;20;37;1950100;Olea;Olea europaea;;65;1962;159;1962-06-08;0;CC BY-NC 4.0
19299;2101;17.977;42.7124;60;64;1950100;Olea;Olea europaea;;69;1962;163;1962-06-12;0;CC BY-NC 4.0
19298;2101;14.7687;44.7556;26;18;1950100;Olea;Olea europaea;;65;1962;164;1962-06-13;0;CC BY-NC 4.0
19294;2101;16.45;43.167;20;37;1950100;Olea;Olea europaea;;69;1962;166;1962-06-15;0;CC BY-NC 4.0
19298;2101;14.7687;44.7556;26;18;1950100;Olea;Olea europaea;;69;1962;169;1962-06-18;0;CC BY-NC 4.0
19298;2101;14.7687;44.7556;26;18;1950100;Olea;Olea europaea;;380;1962;286;1962-10-13;0;CC BY-NC 4.0
20450;2701;19.0833;42.1;6;0;1950102;Olea;Olea europaea;Olea europaea Zutica;81;1962;287;1962-10-14;0;CC BY-NC 4.0
19294;2101;16.45;43.167;20;37;1950100;Olea;Olea europaea;;380;1962;295;1962-10-22;0;CC BY-NC 4.0
19299;2101;17.977;42.7124;60;64;1950100;Olea;Olea europaea;;380;1962;298;1962-10-25;0;CC BY-NC 4.0
19298;2101;14.7687;44.7556;26;18;1950100;Olea;Olea europaea;;87;1962;302;1962-10-29;0;CC BY-NC 4.0
19294;2101;16.45;43.167;20;37;1950100;Olea;Olea europaea;;87;1962;314;1962-11-10;0;CC BY-NC 4.0
19299;2101;17.977;42.7124;60;64;1950100;Olea;Olea europaea;;87;1962;321;1962-11-17;0;CC BY-NC 4.0
20450;2701;19.0833;42.1;6;0;1950102;Olea;Olea europaea;Olea europaea Zutica;60;1963;88;1963-03-29;0;CC BY-NC 4.0
20450;2701;19.0833;42.1;6;0;1950102;Olea;Olea europaea;Olea europaea Zutica;65;1963;119;1963-04-29;0;CC BY-NC 4.0
6871;201;13.6167;45.4833;2;5;1950100;Olea;Olea europaea;;60;1963;130;1963-05-10;0;CC BY-NC 4.0
20450;2701;19.0833;42.1;6;0;1950102;Olea;Olea europaea;Olea europaea Zutica;69;1963;134;1963-05-14;0;CC BY-NC 4.0
6871;201;13.6167;45.4833;2;5;1950100;Olea;Olea europaea;;65;1963;136;1963-05-16;0;CC BY-NC 4.0
19299;2101;17.977;42.7124;60;64;1950100;Olea;Olea europaea;;60;1963;142;1963-05-22;0;CC BY-NC 4.0
6871;201;13.6167;45.4833;2;5;1950100;Olea;Olea europaea;;69;1963;148;1963-05-28;0;CC BY-NC 4.0
19294;2101;16.45;43.167;20;37;1950100;Olea;Olea europaea;;60;1963;148;1963-05-28;0;CC BY-NC 4.0
19299;2101;17.977;42.7124;60;64;1950100;Olea;Olea europaea;;65;1963;152;1963-06-01;0;CC BY-NC 4.0
7230;14;2.355;41.638;195;189;1950100;Olea;Olea europaea;;60;1963;153;1963-06-02;0;CC BY-NC 4.0
19298;2101;14.7687;44.7556;26;18;1950100;Olea;Olea europaea;;60;1963;154;1963-06-03;0;CC BY-NC 4.0
19294;2101;16.45;43.167;20;37;1950100;Olea;Olea europaea;;65;1963;155;1963-06-04;0;CC BY-NC 4.0
19299;2101;17.977;42.7124;60;64;1950100;Olea;Olea europaea;;69;1963;159;1963-06-08;0;CC BY-NC 4.0
19298;2101;14.7687;44.7556;26;18;1950100;Olea;Olea europaea;;65;1963;160;1963-06-09;0;CC BY-NC 4.0
19294;2101;16.45;43.167;20;37;1950100;Olea;Olea europaea;;69;1963;164;1963-06-13;0;CC BY-NC 4.0
19298;2101;14.7687;44.7556;26;18;1950100;Olea;Olea europaea;;69;1963;169;1963-06-18;0;CC BY-NC 4.0
20450;2701;19.0833;42.1;6;0;1950102;Olea;Olea europaea;Olea europaea Zutica;81;1963;267;1963-09-24;0;CC BY-NC 4.0
20450;2701;19.0833;42.1;6;0;1950102;Olea;Olea europaea;Olea europaea Zutica;100;1963;272;1963-09-29;0;CC BY-NC 4.0
19298;2101;14.7687;44.7556;26;18;1950100;Olea;Olea europaea;;380;1963;282;1963-10-09;0;CC BY-NC 4.0
19299;2101;17.977;42.7124;60;64;1950100;Olea;Olea europaea;;380;1963;288;1963-10-15;0;CC BY-NC 4.0
19294;2101;16.45;43.167;20;37;1950100;Olea;Olea europaea;;380;1963;289;1963-10-16;0;CC BY-NC 4.0
19298;2101;14.7687;44.7556;26;18;1950100;Olea;Olea europaea;;87;1963;317;1963-11-13;0;CC BY-NC 4.0
19294;2101;16.45;43.167;20;37;1950100;Olea;Olea europaea;;87;1963;318;1963-11-14;0;CC BY-NC 4.0
19299;2101;17.977;42.7124;60;64;1950100;Olea;Olea europaea;;87;1963;319;1963-11-15;0;CC BY-NC 4.0
20450;2701;19.0833;42.1;6;0;1950102;Olea;Olea europaea;Olea europaea Zutica;60;1964;111;1964-04-20;0;CC BY-NC 4.0
19299;2101;17.977;42.7124;60;64;1950100;Olea;Olea europaea;;60;1964;142;1964-05-21;0;CC BY-NC 4.0
19294;2101;16.45;43.167;20;37;1950100;Olea;Olea europaea;;60;1964;151;1964-05-30;0;CC BY-NC 4.0
19299;2101;17.977;42.7124;60;64;1950100;Olea;Olea europaea;;65;1964;152;1964-05-31;0;CC BY-NC 4.0
19298;2101;14.7687;44.7556;26;18;1950100;Olea;Olea europaea;;60;1964;156;1964-06-04;0;CC BY-NC 4.0
19294;2101;16.45;43.167;20;37;1950100;Olea;Olea europaea;;65;1964;157;1964-06-05;0;CC BY-NC 4.0
20450;2701;19.0833;42.1;6;0;1950102;Olea;Olea europaea;Olea europaea Zutica;65;1964;157;1964-06-05;0;CC BY-NC 4.0
7230;14;2.355;41.638;195;189;1950100;Olea;Olea europaea;;60;1964;158;1964-06-06;0;CC BY-NC 4.0
19298;2101;14.7687;44.7556;26;18;1950100;Olea;Olea europaea;;65;1964;160;1964-06-08;0;CC BY-NC 4.0
6871;201;13.6167;45.4833;2;5;1950100;Olea;Olea europaea;;60;1964;162;1964-06-10;0;CC BY-NC 4.0
6871;201;13.6167;45.4833;2;5;1950100;Olea;Olea europaea;;65;1964;166;1964-06-14;0;CC BY-NC 4.0
19294;2101;16.45;43.167;20;37;1950100;Olea;Olea europaea;;69;1964;167;1964-06-15;0;CC BY-NC 4.0
19299;2101;17.977;42.7124;60;64;1950100;Olea;Olea europaea;;69;1964;167;1964-06-15;0;CC BY-NC 4.0
20450;2701;19.0833;42.1;6;0;1950102;Olea;Olea europaea;Olea europaea Zutica;69;1964;167;1964-06-15;0;CC BY-NC 4.0
6871;201;13.6167;45.4833;2;5;1950100;Olea;Olea europaea;;69;1964;172;1964-06-20;0;CC BY-NC 4.0
19298;2101;14.7687;44.7556;26;18;1950100;Olea;Olea europaea;;69;1964;172;1964-06-20;0;CC BY-NC 4.0
20450;2701;19.0833;42.1;6;0;1950102;Olea;Olea europaea;Olea europaea Zutica;81;1964;254;1964-09-10;0;CC BY-NC 4.0
20450;2701;19.0833;42.1;6;0;1950102;Olea;Olea europaea;Olea europaea Zutica;100;1964;259;1964-09-15;0;CC BY-NC 4.0
19298;2101;14.7687;44.7556;26;18;1950100;Olea;Olea europaea;;380;1964;280;1964-10-06;0;CC BY-NC 4.0
19294;2101;16.45;43.167;20;37;1950100;Olea;Olea europaea;;380;1964;285;1964-10-11;0;CC BY-NC 4.0
19299;2101;17.977;42.7124;60;64;1950100;Olea;Olea europaea;;380;1964;292;1964-10-18;0;CC BY-NC 4.0
19298;2101;14.7687;44.7556;26;18;1950100;Olea;Olea europaea;;87;1964;312;1964-11-07;0;CC BY-NC 4.0
19294;2101;16.45;43.167;20;37;1950100;Olea;Olea europaea;;87;1964;314;1964-11-09;0;CC BY-NC 4.0
19299;2101;17.977;42.7124;60;64;1950100;Olea;Olea europaea;;87;1964;320;1964-11-15;0;CC BY-NC 4.0
20450;2701;19.0833;42.1;6;0;1950102;Olea;Olea europaea;Olea europaea Zutica;60;1965;124;1965-05-04;0;CC BY-NC 4.0
20450;2701;19.0833;42.1;6;0;1950102;Olea;Olea europaea;Olea europaea Zutica;65;1965;129;1965-05-09;0;CC BY-NC 4.0
19299;2101;17.977;42.7124;60;64;1950100;Olea;Olea europaea;;60;1965;142;1965-05-22;0;CC BY-NC 4.0
20450;2701;19.0833;42.1;6;0;1950102;Olea;Olea europaea;Olea europaea Zutica;69;1965;142;1965-05-22;0;CC BY-NC 4.0
19294;2101;16.45;43.167;20;37;1950100;Olea;Olea europaea;;60;1965;152;1965-06-01;0;CC BY-NC 4.0
19299;2101;17.977;42.7124;60;64;1950100;Olea;Olea europaea;;65;1965;155;1965-06-04;0;CC BY-NC 4.0
19294;2101;16.45;43.167;20;37;1950100;Olea;Olea europaea;;65;1965;159;1965-06-08;0;CC BY-NC 4.0
7230;14;2.355;41.638;195;189;1950100;Olea;Olea europaea;;60;1965;160;1965-06-09;0;CC BY-NC 4.0
19298;2101;14.7687;44.7556;26;18;1950100;Olea;Olea europaea;;60;1965;160;1965-06-09;0;CC BY-NC 4.0
19299;2101;17.977;42.7124;60;64;1950100;Olea;Olea europaea;;69;1965;163;1965-06-12;0;CC BY-NC 4.0
19298;2101;14.7687;44.7556;26;18;1950100;Olea;Olea europaea;;65;1965;168;1965-06-17;0;CC BY-NC 4.0
6871;201;13.6167;45.4833;2;5;1950100;Olea;Olea europaea;;60;1965;171;1965-06-20;0;CC BY-NC 4.0
19294;2101;16.45;43.167;20;37;1950100;Olea;Olea europaea;;69;1965;171;1965-06-20;0;CC BY-NC 4.0
6871;201;13.6167;45.4833;2;5;1950100;Olea;Olea europaea;;65;1965;174;1965-06-23;0;CC BY-NC 4.0
19298;2101;14.7687;44.7556;26;18;1950100;Olea;Olea europaea;;69;1965;176;1965-06-25;0;CC BY-NC 4.0
6871;201;13.6167;45.4833;2;5;1950100;Olea;Olea europaea;;69;1965;181;1965-06-30;0;CC BY-NC 4.0
19298;2101;14.7687;44.7556;26;18;1950100;Olea;Olea europaea;;380;1965;287;1965-10-14;0;CC BY-NC 4.0
19294;2101;16.45;43.167;20;37;1950100;Olea;Olea europaea;;380;1965;288;1965-10-15;0;CC BY-NC 4.0
19299;2101;17.977;42.7124;60;64;1950100;Olea;Olea europaea;;380;1965;293;1965-10-20;0;CC BY-NC 4.0
20450;2701;19.0833;42.1;6;0;1950102;Olea;Olea europaea;Olea europaea Zutica;81;1965;305;1965-11-01;0;CC BY-NC 4.0
20450;2701;19.0833;42.1;6;0;1950102;Olea;Olea europaea;Olea europaea Zutica;100;1965;308;1965-11-04;0;CC BY-NC 4.0
19294;2101;16.45;43.167;20;37;1950100;Olea;Olea europaea;;87;1965;322;1965-11-18;0;CC BY-NC 4.0
19298;2101;14.7687;44.7556;26;18;1950100;Olea;Olea europaea;;87;1965;322;1965-11-18;0;CC BY-NC 4.0
19299;2101;17.977;42.7124;60;64;1950100;Olea;Olea europaea;;87;1965;323;1965-11-19;0;CC BY-NC 4.0
20450;2701;19.0833;42.1;6;0;1950102;Olea;Olea europaea;Olea europaea Zutica;60;1966;78;1966-03-19;0;CC BY-NC 4.0
20450;2701;19.0833;42.1;6;0;1950102;Olea;Olea europaea;Olea europaea Zutica;65;1966;114;1966-04-24;0;CC BY-NC 4.0
20450;2701;19.0833;42.1;6;0;1950102;Olea;Olea europaea;Olea europaea Zutica;69;1966;124;1966-05-04;0;CC BY-NC 4.0
19299;2101;17.977;42.7124;60;64;1950100;Olea;Olea europaea;;60;1966;138;1966-05-18;0;CC BY-NC 4.0
19298;2101;14.7687;44.7556;26;18;1950100;Olea;Olea europaea;;60;1966;144;1966-05-24;0;CC BY-NC 4.0
19294;2101;16.45;43.167;20;37;1950100;Olea;Olea europaea;;60;1966;145;1966-05-25;0;CC BY-NC 4.0
7230;14;2.355;41.638;195;189;1950100;Olea;Olea europaea;;60;1966;150;1966-05-30;0;CC BY-NC 4.0
19299;2101;17.977;42.7124;60;64;1950100;Olea;Olea europaea;;65;1966;150;1966-05-30;0;CC BY-NC 4.0
19298;2101;14.7687;44.7556;26;18;1950100;Olea;Olea europaea;;65;1966;151;1966-05-31;0;CC BY-NC 4.0
6871;201;13.6167;45.4833;2;5;1950100;Olea;Olea europaea;;60;1966;152;1966-06-01;0;CC BY-NC 4.0
19294;2101;16.45;43.167;20;37;1950100;Olea;Olea europaea;;65;1966;153;1966-06-02;0;CC BY-NC 4.0
6871;201;13.6167;45.4833;2;5;1950100;Olea;Olea europaea;;65;1966;155;1966-06-04;0;CC BY-NC 4.0
19299;2101;17.977;42.7124;60;64;1950100;Olea;Olea europaea;;69;1966;157;1966-06-06;0;CC BY-NC 4.0
19298;2101;14.7687;44.7556;26;18;1950100;Olea;Olea europaea;;69;1966;161;1966-06-10;0;CC BY-NC 4.0
19294;2101;16.45;43.167;20;37;1950100;Olea;Olea europaea;;69;1966;164;1966-06-13;0;CC BY-NC 4.0
6871;201;13.6167;45.4833;2;5;1950100;Olea;Olea europaea;;69;1966;167;1966-06-16;0;CC BY-NC 4.0
19298;2101;14.7687;44.7556;26;18;1950100;Olea;Olea europaea;;380;1966;272;1966-09-29;0;CC BY-NC 4.0
19294;2101;16.45;43.167;20;37;1950100;Olea;Olea europaea;;380;1966;280;1966-10-07;0;CC BY-NC 4.0
19299;2101;17.977;42.7124;60;64;1950100;Olea;Olea europaea;;380;1966;288;1966-10-15;0;CC BY-NC 4.0
19298;2101;14.7687;44.7556;26;18;1950100;Olea;Olea europaea;;87;1966;306;1966-11-02;0;CC BY-NC 4.0
19294;2101;16.45;43.167;20;37;1950100;Olea;Olea europaea;;87;1966;309;1966-11-05;0;CC BY-NC 4.0
19299;2101;17.977;42.7124;60;64;1950100;Olea;Olea europaea;;87;1966;314;1966-11-10;0;CC BY-NC 4.0
20450;2701;19.0833;42.1;6;0;1950100;Olea;Olea europaea;;60;1967;111;1967-04-21;0;CC BY-NC 4.0
19299;2101;17.977;42.7124;60;64;1950100;Olea;Olea europaea;;60;1967;141;1967-05-21;0;CC BY-NC 4.0
20450;2701;19.0833;42.1;6;0;1950100;Olea;Olea europaea;;65;1967;144;1967-05-24;0;CC BY-NC 4.0
20450;2701;19.0833;42.1;6;0;1950100;Olea;Olea europaea;;69;1967;147;1967-05-27;0;CC BY-NC 4.0
19299;2101;17.977;42.7124;60;64;1950100;Olea;Olea europaea;;65;1967;148;1967-05-28;0;CC BY-NC 4.0
19294;2101;16.45;43.167;20;37;1950100;Olea;Olea europaea;;60;1967;151;1967-05-31;0;CC BY-NC 4.0
19298;2101;14.7687;44.7556;26;18;1950100;Olea;Olea europaea;;60;1967;152;1967-06-01;0;CC BY-NC 4.0
7230;14;2.355;41.638;195;189;1950100;Olea;Olea europaea;;60;1967;155;1967-06-04;0;CC BY-NC 4.0
19298;2101;14.7687;44.7556;26;18;1950100;Olea;Olea europaea;;65;1967;156;1967-06-05;0;CC BY-NC 4.0
19294;2101;16.45;43.167;20;37;1950100;Olea;Olea europaea;;65;1967;158;1967-06-07;0;CC BY-NC 4.0
6871;201;13.6167;45.4833;2;5;1950100;Olea;Olea europaea;;60;1967;160;1967-06-09;0;CC BY-NC 4.0
19298;2101;14.7687;44.7556;26;18;1950100;Olea;Olea europaea;;69;1967;160;1967-06-09;0;CC BY-NC 4.0
19299;2101;17.977;42.7124;60;64;1950100;Olea;Olea europaea;;69;1967;161;1967-06-10;0;CC BY-NC 4.0
19294;2101;16.45;43.167;20;37;1950100;Olea;Olea europaea;;69;1967;163;1967-06-12;0;CC BY-NC 4.0
6871;201;13.6167;45.4833;2;5;1950100;Olea;Olea europaea;;65;1967;176;1967-06-25;0;CC BY-NC 4.0
6871;201;13.6167;45.4833;2;5;1950100;Olea;Olea europaea;;69;1967;191;1967-07-10;0;CC BY-NC 4.0
19298;2101;14.7687;44.7556;26;18;1950100;Olea;Olea europaea;;380;1967;282;1967-10-09;0;CC BY-NC 4.0
19294;2101;16.45;43.167;20;37;1950100;Olea;Olea europaea;;380;1967;301;1967-10-28;0;CC BY-NC 4.0
19299;2101;17.977;42.7124;60;64;1950100;Olea;Olea europaea;;380;1967;308;1967-11-04;0;CC BY-NC 4.0
19298;2101;14.7687;44.7556;26;18;1950100;Olea;Olea europaea;;87;1967;310;1967-11-06;0;CC BY-NC 4.0
19294;2101;16.45;43.167;20;37;1950100;Olea;Olea europaea;;87;1967;317;1967-11-13;0;CC BY-NC 4.0
19299;2101;17.977;42.7124;60;64;1950100;Olea;Olea europaea;;87;1967;326;1967-11-22;0;CC BY-NC 4.0
19299;2101;17.977;42.7124;60;64;1950100;Olea;Olea europaea;;60;1968;141;1968-05-20;0;CC BY-NC 4.0
19294;2101;16.45;43.167;20;37;1950100;Olea;Olea europaea;;60;1968;143;1968-05-22;0;CC BY-NC 4.0
19298;2101;14.7687;44.7556;26;18;1950100;Olea;Olea europaea;;60;1968;144;1968-05-23;0;CC BY-NC 4.0
19298;2101;14.7687;44.7556;26;18;1950100;Olea;Olea europaea;;65;1968;150;1968-05-29;0;CC BY-NC 4.0
19299;2101;17.977;42.7124;60;64;1950100;Olea;Olea europaea;;65;1968;150;1968-05-29;0;CC BY-NC 4.0
19294;2101;16.45;43.167;20;37;1950100;Olea;Olea europaea;;65;1968;151;1968-05-30;0;CC BY-NC 4.0
6871;201;13.6167;45.4833;2;5;1950100;Olea;Olea europaea;;60;1968;155;1968-06-03;0;CC BY-NC 4.0
19294;2101;16.45;43.167;20;37;1950100;Olea;Olea europaea;;69;1968;156;1968-06-04;0;CC BY-NC 4.0
19298;2101;14.7687;44.7556;26;18;1950100;Olea;Olea europaea;;69;1968;156;1968-06-04;0;CC BY-NC 4.0
19299;2101;17.977;42.7124;60;64;1950100;Olea;Olea europaea;;69;1968;156;1968-06-04;0;CC BY-NC 4.0
7230;14;2.355;41.638;195;189;1950100;Olea;Olea europaea;;60;1968;159;1968-06-07;0;CC BY-NC 4.0
6871;201;13.6167;45.4833;2;5;1950100;Olea;Olea europaea;;65;1968;162;1968-06-10;0;CC BY-NC 4.0
6871;201;13.6167;45.4833;2;5;1950100;Olea;Olea europaea;;69;1968;177;1968-06-25;0;CC BY-NC 4.0
19298;2101;14.7687;44.7556;26;18;1950100;Olea;Olea europaea;;380;1968;284;1968-10-10;0;CC BY-NC 4.0
19294;2101;16.45;43.167;20;37;1950100;Olea;Olea europaea;;380;1968;295;1968-10-21;0;CC BY-NC 4.0
19294;2101;16.45;43.167;20;37;1950100;Olea;Olea europaea;;87;1968;306;1968-11-01;0;CC BY-NC 4.0
19298;2101;14.7687;44.7556;26;18;1950100;Olea;Olea europaea;;87;1968;307;1968-11-02;0;CC BY-NC 4.0
19299;2101;17.977;42.7124;60;64;1950100;Olea;Olea europaea;;380;1968;307;1968-11-02;0;CC BY-NC 4.0
19299;2101;17.977;42.7124;60;64;1950100;Olea;Olea europaea;;87;1968;320;1968-11-15;0;CC BY-NC 4.0
20450;2701;19.0833;42.1;6;0;1950102;Olea;Olea europaea;Olea europaea Zutica;60;1969;114;1969-04-24;0;CC BY-NC 4.0
7230;14;2.355;41.638;195;189;1950100;Olea;Olea europaea;;60;1969;136;1969-05-16;0;CC BY-NC 4.0
19299;2101;17.977;42.7124;60;64;1950100;Olea;Olea europaea;;60;1969;143;1969-05-23;0;CC BY-NC 4.0
20450;2701;19.0833;42.1;6;0;1950102;Olea;Olea europaea;Olea europaea Zutica;65;1969;147;1969-05-27;0;CC BY-NC 4.0
19294;2101;16.45;43.167;20;37;1950100;Olea;Olea europaea;;60;1969;150;1969-05-30;0;CC BY-NC 4.0
19298;2101;14.7687;44.7556;26;18;1950100;Olea;Olea europaea;;60;1969;150;1969-05-30;0;CC BY-NC 4.0
19299;2101;17.977;42.7124;60;64;1950100;Olea;Olea europaea;;65;1969;150;1969-05-30;0;CC BY-NC 4.0
20450;2701;19.0833;42.1;6;0;1950102;Olea;Olea europaea;Olea europaea Zutica;69;1969;150;1969-05-30;0;CC BY-NC 4.0
19298;2101;14.7687;44.7556;26;18;1950100;Olea;Olea europaea;;65;1969;154;1969-06-03;0;CC BY-NC 4.0
19299;2101;17.977;42.7124;60;64;1950100;Olea;Olea europaea;;69;1969;154;1969-06-03;0;CC BY-NC 4.0
19294;2101;16.45;43.167;20;37;1950100;Olea;Olea europaea;;65;1969;156;1969-06-05;0;CC BY-NC 4.0
6871;201;13.6167;45.4833;2;5;1950100;Olea;Olea europaea;;60;1969;157;1969-06-06;0;CC BY-NC 4.0
19298;2101;14.7687;44.7556;26;18;1950100;Olea;Olea europaea;;69;1969;157;1969-06-06;0;CC BY-NC 4.0
19294;2101;16.45;43.167;20;37;1950100;Olea;Olea europaea;;69;1969;160;1969-06-09;0;CC BY-NC 4.0
6871;201;13.6167;45.4833;2;5;1950100;Olea;Olea europaea;;65;1969;161;1969-06-10;0;CC BY-NC 4.0
6871;201;13.6167;45.4833;2;5;1950100;Olea;Olea europaea;;69;1969;182;1969-07-01;0;CC BY-NC 4.0
20450;2701;19.0833;42.1;6;0;1950102;Olea;Olea europaea;Olea europaea Zutica;81;1969;247;1969-09-04;0;CC BY-NC 4.0
19298;2101;14.7687;44.7556;26;18;1950100;Olea;Olea europaea;;380;1969;288;1969-10-15;0;CC BY-NC 4.0
19299;2101;17.977;42.7124;60;64;1950100;Olea;Olea europaea;;380;1969;302;1969-10-29;0;CC BY-NC 4.0
20450;2701;19.0833;42.1;6;0;1950102;Olea;Olea europaea;Olea europaea Zutica;100;1969;313;1969-11-09;0;CC BY-NC 4.0
19298;2101;14.7687;44.7556;26;18;1950100;Olea;Olea europaea;;87;1969;325;1969-11-21;0;CC BY-NC 4.0
19299;2101;17.977;42.7124;60;64;1950100;Olea;Olea europaea;;87;1969;329;1969-11-25;0;CC BY-NC 4.0
19299;2101;17.977;42.7124;60;64;1950100;Olea;Olea europaea;;60;1970;150;1970-05-30;0;CC BY-NC 4.0
19294;2101;16.45;43.167;20;37;1950100;Olea;Olea europaea;;60;1970;154;1970-06-03;0;CC BY-NC 4.0
19294;2101;16.45;43.167;20;37;1950100;Olea;Olea europaea;;65;1970;160;1970-06-09;0;CC BY-NC 4.0
19299;2101;17.977;42.7124;60;64;1950100;Olea;Olea europaea;;65;1970;160;1970-06-09;0;CC BY-NC 4.0
7230;14;2.355;41.638;195;189;1950100;Olea;Olea europaea;;60;1970;162;1970-06-11;0;CC BY-NC 4.0
6871;201;13.6167;45.4833;2;5;1950100;Olea;Olea europaea;;60;1970;163;1970-06-12;0;CC BY-NC 4.0
19298;2101;14.7687;44.7556;26;18;1950100;Olea;Olea europaea;;60;1970;164;1970-06-13;0;CC BY-NC 4.0
19299;2101;17.977;42.7124;60;64;1950100;Olea;Olea europaea;;69;1970;166;1970-06-15;0;CC BY-NC 4.0
19294;2101;16.45;43.167;20;37;1950100;Olea;Olea europaea;;69;1970;167;1970-06-16;0;CC BY-NC 4.0
19298;2101;14.7687;44.7556;26;18;1950100;Olea;Olea europaea;;65;1970;168;1970-06-17;0;CC BY-NC 4.0
6871;201;13.6167;45.4833;2;5;1950100;Olea;Olea europaea;;65;1970;169;1970-06-18;0;CC BY-NC 4.0
19298;2101;14.7687;44.7556;26;18;1950100;Olea;Olea europaea;;69;1970;172;1970-06-21;0;CC BY-NC 4.0
6871;201;13.6167;45.4833;2;5;1950100;Olea;Olea europaea;;69;1970;179;1970-06-28;0;CC BY-NC 4.0
19298;2101;14.7687;44.7556;26;18;1950100;Olea;Olea europaea;;380;1970;298;1970-10-25;0;CC BY-NC 4.0
19298;2101;14.7687;44.7556;26;18;1950100;Olea;Olea europaea;;87;1970;312;1970-11-08;0;CC BY-NC 4.0
20450;2701;19.0833;42.1;6;0;1950102;Olea;Olea europaea;Olea europaea Zutica;60;1971;89;1971-03-30;0;CC BY-NC 4.0
20450;2701;19.0833;42.1;6;0;1950102;Olea;Olea europaea;Olea europaea Zutica;65;1971;104;1971-04-14;0;CC BY-NC 4.0
20450;2701;19.0833;42.1;6;0;1950102;Olea;Olea europaea;Olea europaea Zutica;69;1971;114;1971-04-24;0;CC BY-NC 4.0
19299;2101;17.977;42.7124;60;64;1950100;Olea;Olea europaea;;60;1971;144;1971-05-24;0;CC BY-NC 4.0
19298;2101;14.7687;44.7556;26;18;1950100;Olea;Olea europaea;;60;1971;146;1971-05-26;0;CC BY-NC 4.0
19294;2101;16.45;43.167;20;37;1950100;Olea;Olea europaea;;60;1971;148;1971-05-28;0;CC BY-NC 4.0
19299;2101;17.977;42.7124;60;64;1950100;Olea;Olea europaea;;65;1971;149;1971-05-29;0;CC BY-NC 4.0
6871;201;13.6167;45.4833;2;5;1950100;Olea;Olea europaea;;60;1971;153;1971-06-02;0;CC BY-NC 4.0
19298;2101;14.7687;44.7556;26;18;1950100;Olea;Olea europaea;;65;1971;155;1971-06-04;0;CC BY-NC 4.0
6871;201;13.6167;45.4833;2;5;1950100;Olea;Olea europaea;;65;1971;156;1971-06-05;0;CC BY-NC 4.0
19294;2101;16.45;43.167;20;37;1950100;Olea;Olea europaea;;65;1971;157;1971-06-06;0;CC BY-NC 4.0
19299;2101;17.977;42.7124;60;64;1950100;Olea;Olea europaea;;69;1971;159;1971-06-08;0;CC BY-NC 4.0
19298;2101;14.7687;44.7556;26;18;1950100;Olea;Olea europaea;;69;1971;163;1971-06-12;0;CC BY-NC 4.0
6871;201;13.6167;45.4833;2;5;1950100;Olea;Olea europaea;;69;1971;166;1971-06-15;0;CC BY-NC 4.0
19294;2101;16.45;43.167;20;37;1950100;Olea;Olea europaea;;69;1971;167;1971-06-16;0;CC BY-NC 4.0
20450;2701;19.0833;42.1;6;0;1950102;Olea;Olea europaea;Olea europaea Zutica;81;1971;267;1971-09-24;0;CC BY-NC 4.0
20450;2701;19.0833;42.1;6;0;1950102;Olea;Olea europaea;Olea europaea Zutica;100;1971;273;1971-09-30;0;CC BY-NC 4.0
19298;2101;14.7687;44.7556;26;18;1950100;Olea;Olea europaea;;380;1971;294;1971-10-21;0;CC BY-NC 4.0
19294;2101;16.45;43.167;20;37;1950100;Olea;Olea europaea;;380;1971;295;1971-10-22;0;CC BY-NC 4.0
19299;2101;17.977;42.7124;60;64;1950100;Olea;Olea europaea;;380;1971;298;1971-10-25;0;CC BY-NC 4.0
19294;2101;16.45;43.167;20;37;1950100;Olea;Olea europaea;;87;1971;305;1971-11-01;0;CC BY-NC 4.0
19298;2101;14.7687;44.7556;26;18;1950100;Olea;Olea europaea;;87;1971;309;1971-11-05;0;CC BY-NC 4.0
19299;2101;17.977;42.7124;60;64;1950100;Olea;Olea europaea;;87;1971;323;1971-11-19;0;CC BY-NC 4.0
19528;2601;17.8;43.3333;99;120;1950100;Olea;Olea europaea;;60;1972;37;1972-02-06;0;CC BY-NC 4.0
19528;2601;17.8;43.3333;99;120;1950100;Olea;Olea europaea;;65;1972;41;1972-02-10;0;CC BY-NC 4.0
19528;2601;17.8;43.3333;99;120;1950100;Olea;Olea europaea;;69;1972;44;1972-02-13;0;CC BY-NC 4.0
20450;2701;19.0833;42.1;6;0;1950102;Olea;Olea europaea;Olea europaea Zutica;60;1972;118;1972-04-27;0;CC BY-NC 4.0
20450;2701;19.0833;42.1;6;0;1950102;Olea;Olea europaea;Olea europaea Zutica;65;1972;129;1972-05-08;0;CC BY-NC 4.0
20450;2701;19.0833;42.1;6;0;1950102;Olea;Olea europaea;Olea europaea Zutica;69;1972;133;1972-05-12;0;CC BY-NC 4.0
19299;2101;17.977;42.7124;60;64;1950100;Olea;Olea europaea;;60;1972;136;1972-05-15;0;CC BY-NC 4.0
19294;2101;16.45;43.167;20;37;1950100;Olea;Olea europaea;;60;1972;138;1972-05-17;0;CC BY-NC 4.0
19299;2101;17.977;42.7124;60;64;1950100;Olea;Olea europaea;;65;1972;144;1972-05-23;0;CC BY-NC 4.0
19294;2101;16.45;43.167;20;37;1950100;Olea;Olea europaea;;65;1972;148;1972-05-27;0;CC BY-NC 4.0
19298;2101;14.7687;44.7556;26;18;1950100;Olea;Olea europaea;;60;1972;150;1972-05-29;0;CC BY-NC 4.0
19299;2101;17.977;42.7124;60;64;1950100;Olea;Olea europaea;;69;1972;152;1972-05-31;0;CC BY-NC 4.0
19298;2101;14.7687;44.7556;26;18;1950100;Olea;Olea europaea;;65;1972;153;1972-06-01;0;CC BY-NC 4.0
6871;201;13.6167;45.4833;2;5;1950100;Olea;Olea europaea;;60;1972;155;1972-06-03;0;CC BY-NC 4.0
7230;14;2.355;41.638;195;189;1950100;Olea;Olea europaea;;60;1972;158;1972-06-06;0;CC BY-NC 4.0
19294;2101;16.45;43.167;20;37;1950100;Olea;Olea europaea;;69;1972;158;1972-06-06;0;CC BY-NC 4.0
6871;201;13.6167;45.4833;2;5;1950100;Olea;Olea europaea;;65;1972;159;1972-06-07;0;CC BY-NC 4.0
19298;2101;14.7687;44.7556;26;18;1950100;Olea;Olea europaea;;69;1972;159;1972-06-07;0;CC BY-NC 4.0
6871;201;13.6167;45.4833;2;5;1950100;Olea;Olea europaea;;69;1972;170;1972-06-18;0;CC BY-NC 4.0
19528;2601;17.8;43.3333;99;120;1950100;Olea;Olea europaea;;380;1972;230;1972-08-17;0;CC BY-NC 4.0
20450;2701;19.0833;42.1;6;0;1950102;Olea;Olea europaea;Olea europaea Zutica;100;1972;276;1972-10-02;0;CC BY-NC 4.0
19294;2101;16.45;43.167;20;37;1950100;Olea;Olea europaea;;380;1972;286;1972-10-12;0;CC BY-NC 4.0
19299;2101;17.977;42.7124;60;64;1950100;Olea;Olea europaea;;380;1972;306;1972-11-01;0;CC BY-NC 4.0
19294;2101;16.45;43.167;20;37;1950100;Olea;Olea europaea;;87;1972;317;1972-11-12;0;CC BY-NC 4.0
19299;2101;17.977;42.7124;60;64;1950100;Olea;Olea europaea;;87;1972;325;1972-11-20;0;CC BY-NC 4.0
20450;2701;19.0833;42.1;6;0;1950102;Olea;Olea europaea;Olea europaea Zutica;60;1973;116;1973-04-26;0;CC BY-NC 4.0
20450;2701;19.0833;42.1;6;0;1950102;Olea;Olea europaea;Olea europaea Zutica;65;1973;129;1973-05-09;0;CC BY-NC 4.0
20450;2701;19.0833;42.1;6;0;1950102;Olea;Olea europaea;Olea europaea Zutica;69;1973;131;1973-05-11;0;CC BY-NC 4.0
19294;2101;16.45;43.167;20;37;1950100;Olea;Olea europaea;;60;1973;144;1973-05-24;0;CC BY-NC 4.0
19299;2101;17.977;42.7124;60;64;1950100;Olea;Olea europaea;;60;1973;145;1973-05-25;0;CC BY-NC 4.0
19294;2101;16.45;43.167;20;37;1950100;Olea;Olea europaea;;65;1973;148;1973-05-28;0;CC BY-NC 4.0
19298;2101;14.7687;44.7556;26;18;1950100;Olea;Olea europaea;;60;1973;151;1973-05-31;0;CC BY-NC 4.0
19299;2101;17.977;42.7124;60;64;1950100;Olea;Olea europaea;;65;1973;155;1973-06-04;0;CC BY-NC 4.0
19298;2101;14.7687;44.7556;26;18;1950100;Olea;Olea europaea;;65;1973;156;1973-06-05;0;CC BY-NC 4.0
19294;2101;16.45;43.167;20;37;1950100;Olea;Olea europaea;;69;1973;157;1973-06-06;0;CC BY-NC 4.0
19299;2101;17.977;42.7124;60;64;1950100;Olea;Olea europaea;;69;1973;158;1973-06-07;0;CC BY-NC 4.0
6871;201;13.6167;45.4833;2;5;1950100;Olea;Olea europaea;;60;1973;160;1973-06-09;0;CC BY-NC 4.0
7230;14;2.355;41.638;195;189;1950100;Olea;Olea europaea;;60;1973;163;1973-06-12;0;CC BY-NC 4.0
19298;2101;14.7687;44.7556;26;18;1950100;Olea;Olea europaea;;69;1973;163;1973-06-12;0;CC BY-NC 4.0
6871;201;13.6167;45.4833;2;5;1950100;Olea;Olea europaea;;65;1973;164;1973-06-13;0;CC BY-NC 4.0
6871;201;13.6167;45.4833;2;5;1950100;Olea;Olea europaea;;69;1973;172;1973-06-21;0;CC BY-NC 4.0
20450;2701;19.0833;42.1;6;0;1950102;Olea;Olea europaea;Olea europaea Zutica;81;1973;272;1973-09-29;0;CC BY-NC 4.0
20450;2701;19.0833;42.1;6;0;1950102;Olea;Olea europaea;Olea europaea Zutica;100;1973;273;1973-09-30;0;CC BY-NC 4.0
19294;2101;16.45;43.167;20;37;1950100;Olea;Olea europaea;;380;1973;288;1973-10-15;0;CC BY-NC 4.0
19298;2101;14.7687;44.7556;26;18;1950100;Olea;Olea europaea;;380;1973;288;1973-10-15;0;CC BY-NC 4.0
19299;2101;17.977;42.7124;60;64;1950100;Olea;Olea europaea;;380;1973;293;1973-10-20;0;CC BY-NC 4.0
19294;2101;16.45;43.167;20;37;1950100;Olea;Olea europaea;;87;1973;317;1973-11-13;0;CC BY-NC 4.0
19298;2101;14.7687;44.7556;26;18;1950100;Olea;Olea europaea;;87;1973;320;1973-11-16;0;CC BY-NC 4.0
19299;2101;17.977;42.7124;60;64;1950100;Olea;Olea europaea;;87;1973;323;1973-11-19;0;CC BY-NC 4.0
20450;2701;19.0833;42.1;6;0;1950102;Olea;Olea europaea;Olea europaea Zutica;60;1974;113;1974-04-23;0;CC BY-NC 4.0
20450;2701;19.0833;42.1;6;0;1950102;Olea;Olea europaea;Olea europaea Zutica;65;1974;116;1974-04-26;0;CC BY-NC 4.0
20450;2701;19.0833;42.1;6;0;1950102;Olea;Olea europaea;Olea europaea Zutica;69;1974;129;1974-05-09;0;CC BY-NC 4.0
19299;2101;17.977;42.7124;60;64;1950100;Olea;Olea europaea;;60;1974;141;1974-05-21;0;CC BY-NC 4.0
19294;2101;16.45;43.167;20;37;1950100;Olea;Olea europaea;;60;1974;143;1974-05-23;0;CC BY-NC 4.0
19294;2101;16.45;43.167;20;37;1950100;Olea;Olea europaea;;65;1974;147;1974-05-27;0;CC BY-NC 4.0
19299;2101;17.977;42.7124;60;64;1950100;Olea;Olea europaea;;65;1974;147;1974-05-27;0;CC BY-NC 4.0
19298;2101;14.7687;44.7556;26;18;1950100;Olea;Olea europaea;;60;1974;149;1974-05-29;0;CC BY-NC 4.0
19298;2101;14.7687;44.7556;26;18;1950100;Olea;Olea europaea;;65;1974;154;1974-06-03;0;CC BY-NC 4.0
19299;2101;17.977;42.7124;60;64;1950100;Olea;Olea europaea;;69;1974;154;1974-06-03;0;CC BY-NC 4.0
6871;201;13.6167;45.4833;2;5;1950100;Olea;Olea europaea;;60;1974;156;1974-06-05;0;CC BY-NC 4.0
19294;2101;16.45;43.167;20;37;1950100;Olea;Olea europaea;;69;1974;157;1974-06-06;0;CC BY-NC 4.0
6871;201;13.6167;45.4833;2;5;1950100;Olea;Olea europaea;;65;1974;160;1974-06-09;0;CC BY-NC 4.0
7230;14;2.355;41.638;195;189;1950100;Olea;Olea europaea;;60;1974;165;1974-06-14;0;CC BY-NC 4.0
19298;2101;14.7687;44.7556;26;18;1950100;Olea;Olea europaea;;69;1974;165;1974-06-14;0;CC BY-NC 4.0
6871;201;13.6167;45.4833;2;5;1950100;Olea;Olea europaea;;69;1974;179;1974-06-28;0;CC BY-NC 4.0
19298;2101;14.7687;44.7556;26;18;1950100;Olea;Olea europaea;;380;1974;286;1974-10-13;0;CC BY-NC 4.0
19294;2101;16.45;43.167;20;37;1950100;Olea;Olea europaea;;380;1974;291;1974-10-18;0;CC BY-NC 4.0
19299;2101;17.977;42.7124;60;64;1950100;Olea;Olea europaea;;380;1974;292;1974-10-19;0;CC BY-NC 4.0
20450;2701;19.0833;42.1;6;0;1950102;Olea;Olea europaea;Olea europaea Zutica;81;1974;294;1974-10-21;0;CC BY-NC 4.0
20450;2701;19.0833;42.1;6;0;1950102;Olea;Olea europaea;Olea europaea Zutica;100;1974;297;1974-10-24;0;CC BY-NC 4.0
19298;2101;14.7687;44.7556;26;18;1950100;Olea;Olea europaea;;87;1974;312;1974-11-08;0;CC BY-NC 4.0
19294;2101;16.45;43.167;20;37;1950100;Olea;Olea europaea;;87;1974;319;1974-11-15;0;CC BY-NC 4.0
19299;2101;17.977;42.7124;60;64;1950100;Olea;Olea europaea;;87;1974;319;1974-11-15;0;CC BY-NC 4.0
20450;2701;19.0833;42.1;6;0;1950102;Olea;Olea europaea;Olea europaea Zutica;60;1975;124;1975-05-04;0;CC BY-NC 4.0
20450;2701;19.0833;42.1;6;0;1950102;Olea;Olea europaea;Olea europaea Zutica;65;1975;129;1975-05-09;0;CC BY-NC 4.0
20450;2701;19.0833;42.1;6;0;1950102;Olea;Olea europaea;Olea europaea Zutica;69;1975;134;1975-05-14;0;CC BY-NC 4.0
19299;2101;17.977;42.7124;60;64;1950100;Olea;Olea europaea;;60;1975;143;1975-05-23;0;CC BY-NC 4.0
19294;2101;16.45;43.167;20;37;1950100;Olea;Olea europaea;;60;1975;148;1975-05-28;0;CC BY-NC 4.0
19299;2101;17.977;42.7124;60;64;1950100;Olea;Olea europaea;;65;1975;149;1975-05-29;0;CC BY-NC 4.0
6871;201;13.6167;45.4833;2;5;1950100;Olea;Olea europaea;;60;1975;153;1975-06-02;0;CC BY-NC 4.0
19298;2101;14.7687;44.7556;26;18;1950100;Olea;Olea europaea;;60;1975;153;1975-06-02;0;CC BY-NC 4.0
19294;2101;16.45;43.167;20;37;1950100;Olea;Olea europaea;;65;1975;155;1975-06-04;0;CC BY-NC 4.0
6871;201;13.6167;45.4833;2;5;1950100;Olea;Olea europaea;;65;1975;156;1975-06-05;0;CC BY-NC 4.0
19299;2101;17.977;42.7124;60;64;1950100;Olea;Olea europaea;;69;1975;157;1975-06-06;0;CC BY-NC 4.0
19298;2101;14.7687;44.7556;26;18;1950100;Olea;Olea europaea;;65;1975;159;1975-06-08;0;CC BY-NC 4.0
19294;2101;16.45;43.167;20;37;1950100;Olea;Olea europaea;;69;1975;161;1975-06-10;0;CC BY-NC 4.0
19298;2101;14.7687;44.7556;26;18;1950100;Olea;Olea europaea;;69;1975;166;1975-06-15;0;CC BY-NC 4.0
7230;14;2.355;41.638;195;189;1950100;Olea;Olea europaea;;60;1975;169;1975-06-18;0;CC BY-NC 4.0
6871;201;13.6167;45.4833;2;5;1950100;Olea;Olea europaea;;69;1975;173;1975-06-22;0;CC BY-NC 4.0
19294;2101;16.45;43.167;20;37;1950100;Olea;Olea europaea;;380;1975;288;1975-10-15;0;CC BY-NC 4.0
19298;2101;14.7687;44.7556;26;18;1950100;Olea;Olea europaea;;380;1975;293;1975-10-20;0;CC BY-NC 4.0
20450;2701;19.0833;42.1;6;0;1950102;Olea;Olea europaea;Olea europaea Zutica;100;1975;294;1975-10-21;0;CC BY-NC 4.0
19299;2101;17.977;42.7124;60;64;1950100;Olea;Olea europaea;;380;1975;298;1975-10-25;0;CC BY-NC 4.0
19298;2101;14.7687;44.7556;26;18;1950100;Olea;Olea europaea;;87;1975;313;1975-11-09;0;CC BY-NC 4.0
19294;2101;16.45;43.167;20;37;1950100;Olea;Olea europaea;;87;1975;317;1975-11-13;0;CC BY-NC 4.0
19299;2101;17.977;42.7124;60;64;1950100;Olea;Olea europaea;;87;1975;324;1975-11-20;0;CC BY-NC 4.0
20450;2701;19.0833;42.1;6;0;1950102;Olea;Olea europaea;Olea europaea Zutica;60;1976;123;1976-05-02;0;CC BY-NC 4.0
20450;2701;19.0833;42.1;6;0;1950102;Olea;Olea europaea;Olea europaea Zutica;65;1976;128;1976-05-07;0;CC BY-NC 4.0
19299;2101;17.977;42.7124;60;64;1950100;Olea;Olea europaea;;60;1976;141;1976-05-20;0;CC BY-NC 4.0
20450;2701;19.0833;42.1;6;0;1950102;Olea;Olea europaea;Olea europaea Zutica;69;1976;141;1976-05-20;0;CC BY-NC 4.0
19294;2101;16.45;43.167;20;37;1950100;Olea;Olea europaea;;60;1976;146;1976-05-25;0;CC BY-NC 4.0
19298;2101;14.7687;44.7556;26;18;1950100;Olea;Olea europaea;;60;1976;146;1976-05-25;0;CC BY-NC 4.0
19299;2101;17.977;42.7124;60;64;1950100;Olea;Olea europaea;;65;1976;152;1976-05-31;0;CC BY-NC 4.0
19294;2101;16.45;43.167;20;37;1950100;Olea;Olea europaea;;65;1976;153;1976-06-01;0;CC BY-NC 4.0
19298;2101;14.7687;44.7556;26;18;1950100;Olea;Olea europaea;;65;1976;154;1976-06-02;0;CC BY-NC 4.0
6871;201;13.6167;45.4833;2;5;1950100;Olea;Olea europaea;;60;1976;157;1976-06-05;0;CC BY-NC 4.0
7230;14;2.355;41.638;195;189;1950100;Olea;Olea europaea;;60;1976;157;1976-06-05;0;CC BY-NC 4.0
19299;2101;17.977;42.7124;60;64;1950100;Olea;Olea europaea;;69;1976;158;1976-06-06;0;CC BY-NC 4.0
19294;2101;16.45;43.167;20;37;1950100;Olea;Olea europaea;;69;1976;160;1976-06-08;0;CC BY-NC 4.0
6871;201;13.6167;45.4833;2;5;1950100;Olea;Olea europaea;;65;1976;161;1976-06-09;0;CC BY-NC 4.0
19298;2101;14.7687;44.7556;26;18;1950100;Olea;Olea europaea;;69;1976;167;1976-06-15;0;CC BY-NC 4.0
6871;201;13.6167;45.4833;2;5;1950100;Olea;Olea europaea;;69;1976;170;1976-06-18;0;CC BY-NC 4.0
20450;2701;19.0833;42.1;6;0;1950102;Olea;Olea europaea;Olea europaea Zutica;81;1976;284;1976-10-10;0;CC BY-NC 4.0
19298;2101;14.7687;44.7556;26;18;1950100;Olea;Olea europaea;;380;1976;289;1976-10-15;0;CC BY-NC 4.0
20450;2701;19.0833;42.1;6;0;1950102;Olea;Olea europaea;Olea europaea Zutica;100;1976;289;1976-10-15;0;CC BY-NC 4.0
19294;2101;16.45;43.167;20;37;1950100;Olea;Olea europaea;;380;1976;296;1976-10-22;0;CC BY-NC 4.0
19299;2101;17.977;42.7124;60;64;1950100;Olea;Olea europaea;;380;1976;302;1976-10-28;0;CC BY-NC 4.0
19298;2101;14.7687;44.7556;26;18;1950100;Olea;Olea europaea;;87;1976;309;1976-11-04;0;CC BY-NC 4.0
19294;2101;16.45;43.167;20;37;1950100;Olea;Olea europaea;;87;1976;316;1976-11-11;0;CC BY-NC 4.0
19299;2101;17.977;42.7124;60;64;1950100;Olea;Olea europaea;;87;1976;323;1976-11-18;0;CC BY-NC 4.0
19299;2101;17.977;42.7124;60;64;1950100;Olea;Olea europaea;;60;1977;141;1977-05-21;0;CC BY-NC 4.0
19294;2101;16.45;43.167;20;37;1950100;Olea;Olea europaea;;60;1977;143;1977-05-23;0;CC BY-NC 4.0
19298;2101;14.7687;44.7556;26;18;1950100;Olea;Olea europaea;;60;1977;143;1977-05-23;0;CC BY-NC 4.0
19294;2101;16.45;43.167;20;37;1950100;Olea;Olea europaea;;65;1977;147;1977-05-27;0;CC BY-NC 4.0
19299;2101;17.977;42.7124;60;64;1950100;Olea;Olea europaea;;65;1977;147;1977-05-27;0;CC BY-NC 4.0
19298;2101;14.7687;44.7556;26;18;1950100;Olea;Olea europaea;;65;1977;149;1977-05-29;0;CC BY-NC 4.0
19294;2101;16.45;43.167;20;37;1950100;Olea;Olea europaea;;69;1977;154;1977-06-03;0;CC BY-NC 4.0
19299;2101;17.977;42.7124;60;64;1950100;Olea;Olea europaea;;69;1977;155;1977-06-04;0;CC BY-NC 4.0
6871;201;13.6167;45.4833;2;5;1950100;Olea;Olea europaea;;60;1977;156;1977-06-05;0;CC BY-NC 4.0
6871;201;13.6167;45.4833;2;5;1950100;Olea;Olea europaea;;65;1977;159;1977-06-08;0;CC BY-NC 4.0
19298;2101;14.7687;44.7556;26;18;1950100;Olea;Olea europaea;;69;1977;161;1977-06-10;0;CC BY-NC 4.0
7230;14;2.355;41.638;195;189;1950100;Olea;Olea europaea;;60;1977;162;1977-06-11;0;CC BY-NC 4.0
6871;201;13.6167;45.4833;2;5;1950100;Olea;Olea europaea;;69;1977;168;1977-06-17;0;CC BY-NC 4.0
19298;2101;14.7687;44.7556;26;18;1950100;Olea;Olea europaea;;380;1977;286;1977-10-13;0;CC BY-NC 4.0
19294;2101;16.45;43.167;20;37;1950100;Olea;Olea europaea;;380;1977;290;1977-10-17;0;CC BY-NC 4.0
19299;2101;17.977;42.7124;60;64;1950100;Olea;Olea europaea;;380;1977;299;1977-10-26;0;CC BY-NC 4.0
19294;2101;16.45;43.167;20;37;1950100;Olea;Olea europaea;;87;1977;320;1977-11-16;0;CC BY-NC 4.0
19299;2101;17.977;42.7124;60;64;1950100;Olea;Olea europaea;;87;1977;328;1977-11-24;0;CC BY-NC 4.0
19299;2101;17.977;42.7124;60;64;1950100;Olea;Olea europaea;;60;1978;149;1978-05-29;0;CC BY-NC 4.0
19294;2101;16.45;43.167;20;37;1950100;Olea;Olea europaea;;60;1978;151;1978-05-31;0;CC BY-NC 4.0
19294;2101;16.45;43.167;20;37;1950100;Olea;Olea europaea;;65;1978;154;1978-06-03;0;CC BY-NC 4.0
19298;2101;14.7687;44.7556;26;18;1950100;Olea;Olea europaea;;60;1978;154;1978-06-03;0;CC BY-NC 4.0
19299;2101;17.977;42.7124;60;64;1950100;Olea;Olea europaea;;65;1978;160;1978-06-09;0;CC BY-NC 4.0
6871;201;13.6167;45.4833;2;5;1950100;Olea;Olea europaea;;60;1978;161;1978-06-10;0;CC BY-NC 4.0
19294;2101;16.45;43.167;20;37;1950100;Olea;Olea europaea;;69;1978;161;1978-06-10;0;CC BY-NC 4.0
19298;2101;14.7687;44.7556;26;18;1950100;Olea;Olea europaea;;65;1978;161;1978-06-10;0;CC BY-NC 4.0
19299;2101;17.977;42.7124;60;64;1950100;Olea;Olea europaea;;69;1978;166;1978-06-15;0;CC BY-NC 4.0
6871;201;13.6167;45.4833;2;5;1950100;Olea;Olea europaea;;65;1978;168;1978-06-17;0;CC BY-NC 4.0
19298;2101;14.7687;44.7556;26;18;1950100;Olea;Olea europaea;;69;1978;168;1978-06-17;0;CC BY-NC 4.0
6871;201;13.6167;45.4833;2;5;1950100;Olea;Olea europaea;;69;1978;181;1978-06-30;0;CC BY-NC 4.0
19298;2101;14.7687;44.7556;26;18;1950100;Olea;Olea europaea;;380;1978;291;1978-10-18;0;CC BY-NC 4.0
19294;2101;16.45;43.167;20;37;1950100;Olea;Olea europaea;;380;1978;294;1978-10-21;0;CC BY-NC 4.0
19299;2101;17.977;42.7124;60;64;1950100;Olea;Olea europaea;;380;1978;294;1978-10-21;0;CC BY-NC 4.0
19294;2101;16.45;43.167;20;37;1950100;Olea;Olea europaea;;87;1978;330;1978-11-26;0;CC BY-NC 4.0
19298;2101;14.7687;44.7556;26;18;1950100;Olea;Olea europaea;;87;1978;330;1978-11-26;0;CC BY-NC 4.0
19299;2101;17.977;42.7124;60;64;1950100;Olea;Olea europaea;;87;1978;334;1978-11-30;0;CC BY-NC 4.0
20450;2701;19.0833;42.1;6;0;1950100;Olea;Olea europaea;;60;1979;114;1979-04-24;0;CC BY-NC 4.0
20450;2701;19.0833;42.1;6;0;1950100;Olea;Olea europaea;;65;1979;134;1979-05-14;0;CC BY-NC 4.0
20450;2701;19.0833;42.1;6;0;1950100;Olea;Olea europaea;;69;1979;139;1979-05-19;0;CC BY-NC 4.0
19294;2101;16.45;43.167;20;37;1950100;Olea;Olea europaea;;60;1979;150;1979-05-30;0;CC BY-NC 4.0
19299;2101;17.977;42.7124;60;64;1950100;Olea;Olea europaea;;60;1979;151;1979-05-31;0;CC BY-NC 4.0
19298;2101;14.7687;44.7556;26;18;1950100;Olea;Olea europaea;;60;1979;154;1979-06-03;0;CC BY-NC 4.0
6871;201;13.6167;45.4833;2;5;1950100;Olea;Olea europaea;;60;1979;155;1979-06-04;0;CC BY-NC 4.0
19294;2101;16.45;43.167;20;37;1950100;Olea;Olea europaea;;65;1979;157;1979-06-06;0;CC BY-NC 4.0
19299;2101;17.977;42.7124;60;64;1950100;Olea;Olea europaea;;65;1979;159;1979-06-08;0;CC BY-NC 4.0
19298;2101;14.7687;44.7556;26;18;1950100;Olea;Olea europaea;;65;1979;160;1979-06-09;0;CC BY-NC 4.0
6871;201;13.6167;45.4833;2;5;1950100;Olea;Olea europaea;;65;1979;163;1979-06-12;0;CC BY-NC 4.0
19294;2101;16.45;43.167;20;37;1950100;Olea;Olea europaea;;69;1979;166;1979-06-15;0;CC BY-NC 4.0
19299;2101;17.977;42.7124;60;64;1950100;Olea;Olea europaea;;69;1979;166;1979-06-15;0;CC BY-NC 4.0
19298;2101;14.7687;44.7556;26;18;1950100;Olea;Olea europaea;;69;1979;169;1979-06-18;0;CC BY-NC 4.0
6871;201;13.6167;45.4833;2;5;1950100;Olea;Olea europaea;;69;1979;172;1979-06-21;0;CC BY-NC 4.0
20450;2701;19.0833;42.1;6;0;1950100;Olea;Olea europaea;;81;1979;282;1979-10-09;0;CC BY-NC 4.0
19294;2101;16.45;43.167;20;37;1950100;Olea;Olea europaea;;380;1979;286;1979-10-13;0;CC BY-NC 4.0
20450;2701;19.0833;42.1;6;0;1950100;Olea;Olea europaea;;100;1979;287;1979-10-14;0;CC BY-NC 4.0
19298;2101;14.7687;44.7556;26;18;1950100;Olea;Olea europaea;;380;1979;288;1979-10-15;0;CC BY-NC 4.0
19299;2101;17.977;42.7124;60;64;1950100;Olea;Olea europaea;;380;1979;290;1979-10-17;0;CC BY-NC 4.0
19294;2101;16.45;43.167;20;37;1950100;Olea;Olea europaea;;87;1979;308;1979-11-04;0;CC BY-NC 4.0
19298;2101;14.7687;44.7556;26;18;1950100;Olea;Olea europaea;;87;1979;310;1979-11-06;0;CC BY-NC 4.0
19299;2101;17.977;42.7124;60;64;1950100;Olea;Olea europaea;;87;1979;310;1979-11-06;0;CC BY-NC 4.0
19299;2101;17.977;42.7124;60;64;1950100;Olea;Olea europaea;;60;1980;151;1980-05-30;0;CC BY-NC 4.0
19294;2101;16.45;43.167;20;37;1950100;Olea;Olea europaea;;60;1980;154;1980-06-02;0;CC BY-NC 4.0
19294;2101;16.45;43.167;20;37;1950100;Olea;Olea europaea;;65;1980;159;1980-06-07;0;CC BY-NC 4.0
19298;2101;14.7687;44.7556;26;18;1950100;Olea;Olea europaea;;60;1980;160;1980-06-08;0;CC BY-NC 4.0
19299;2101;17.977;42.7124;60;64;1950100;Olea;Olea europaea;;65;1980;161;1980-06-09;0;CC BY-NC 4.0
19298;2101;14.7687;44.7556;26;18;1950100;Olea;Olea europaea;;65;1980;167;1980-06-15;0;CC BY-NC 4.0
19294;2101;16.45;43.167;20;37;1950100;Olea;Olea europaea;;69;1980;168;1980-06-16;0;CC BY-NC 4.0
7230;14;2.355;41.638;195;189;1950100;Olea;Olea europaea;;60;1980;170;1980-06-18;0;CC BY-NC 4.0
19299;2101;17.977;42.7124;60;64;1950100;Olea;Olea europaea;;69;1980;170;1980-06-18;0;CC BY-NC 4.0
6871;201;13.6167;45.4833;2;5;1950100;Olea;Olea europaea;;60;1980;172;1980-06-20;0;CC BY-NC 4.0
6871;201;13.6167;45.4833;2;5;1950100;Olea;Olea europaea;;65;1980;176;1980-06-24;0;CC BY-NC 4.0
19298;2101;14.7687;44.7556;26;18;1950100;Olea;Olea europaea;;69;1980;176;1980-06-24;0;CC BY-NC 4.0
6871;201;13.6167;45.4833;2;5;1950100;Olea;Olea europaea;;69;1980;194;1980-07-12;0;CC BY-NC 4.0
19294;2101;16.45;43.167;20;37;1950100;Olea;Olea europaea;;380;1980;297;1980-10-23;0;CC BY-NC 4.0
19299;2101;17.977;42.7124;60;64;1950100;Olea;Olea europaea;;380;1980;298;1980-10-24;0;CC BY-NC 4.0
19298;2101;14.7687;44.7556;26;18;1950100;Olea;Olea europaea;;380;1980;299;1980-10-25;0;CC BY-NC 4.0
19298;2101;14.7687;44.7556;26;18;1950100;Olea;Olea europaea;;87;1980;320;1980-11-15;0;CC BY-NC 4.0
19299;2101;17.977;42.7124;60;64;1950100;Olea;Olea europaea;;87;1980;326;1980-11-21;0;CC BY-NC 4.0
19294;2101;16.45;43.167;20;37;1950100;Olea;Olea europaea;;87;1980;327;1980-11-22;0;CC BY-NC 4.0
20450;2701;19.0833;42.1;6;0;1950100;Olea;Olea europaea;;60;1981;93;1981-04-03;0;CC BY-NC 4.0
20450;2701;19.0833;42.1;6;0;1950100;Olea;Olea europaea;;65;1981;119;1981-04-29;0;CC BY-NC 4.0
20450;2701;19.0833;42.1;6;0;1950100;Olea;Olea europaea;;69;1981;129;1981-05-09;0;CC BY-NC 4.0
19294;2101;16.45;43.167;20;37;1950100;Olea;Olea europaea;;60;1981;145;1981-05-25;0;CC BY-NC 4.0
19299;2101;17.977;42.7124;60;64;1950100;Olea;Olea europaea;;60;1981;146;1981-05-26;0;CC BY-NC 4.0
19294;2101;16.45;43.167;20;37;1950100;Olea;Olea europaea;;65;1981;153;1981-06-02;0;CC BY-NC 4.0
19298;2101;14.7687;44.7556;26;18;1950100;Olea;Olea europaea;;60;1981;156;1981-06-05;0;CC BY-NC 4.0
19299;2101;17.977;42.7124;60;64;1950100;Olea;Olea europaea;;65;1981;157;1981-06-06;0;CC BY-NC 4.0
6871;201;13.6167;45.4833;2;5;1950100;Olea;Olea europaea;;60;1981;158;1981-06-07;0;CC BY-NC 4.0
7230;14;2.355;41.638;195;189;1950100;Olea;Olea europaea;;60;1981;159;1981-06-08;0;CC BY-NC 4.0
19294;2101;16.45;43.167;20;37;1950100;Olea;Olea europaea;;69;1981;160;1981-06-09;0;CC BY-NC 4.0
19298;2101;14.7687;44.7556;26;18;1950100;Olea;Olea europaea;;65;1981;160;1981-06-09;0;CC BY-NC 4.0
19299;2101;17.977;42.7124;60;64;1950100;Olea;Olea europaea;;69;1981;160;1981-06-09;0;CC BY-NC 4.0
6871;201;13.6167;45.4833;2;5;1950100;Olea;Olea europaea;;65;1981;161;1981-06-10;0;CC BY-NC 4.0
19298;2101;14.7687;44.7556;26;18;1950100;Olea;Olea europaea;;69;1981;168;1981-06-17;0;CC BY-NC 4.0
6871;201;13.6167;45.4833;2;5;1950100;Olea;Olea europaea;;69;1981;169;1981-06-18;0;CC BY-NC 4.0
20450;2701;19.0833;42.1;6;0;1950100;Olea;Olea europaea;;100;1981;271;1981-09-28;0;CC BY-NC 4.0
19298;2101;14.7687;44.7556;26;18;1950100;Olea;Olea europaea;;380;1981;288;1981-10-15;0;CC BY-NC 4.0
19299;2101;17.977;42.7124;60;64;1950100;Olea;Olea europaea;;380;1981;290;1981-10-17;0;CC BY-NC 4.0
19294;2101;16.45;43.167;20;37;1950100;Olea;Olea europaea;;380;1981;291;1981-10-18;0;CC BY-NC 4.0
19299;2101;17.977;42.7124;60;64;1950100;Olea;Olea europaea;;87;1981;308;1981-11-04;0;CC BY-NC 4.0
19298;2101;14.7687;44.7556;26;18;1950100;Olea;Olea europaea;;87;1981;309;1981-11-05;0;CC BY-NC 4.0
19294;2101;16.45;43.167;20;37;1950100;Olea;Olea europaea;;87;1981;312;1981-11-08;0;CC BY-NC 4.0
19299;2101;17.977;42.7124;60;64;1950100;Olea;Olea europaea;;60;1982;139;1982-05-19;0;CC BY-NC 4.0
19294;2101;16.45;43.167;20;37;1950100;Olea;Olea europaea;;60;1982;148;1982-05-28;0;CC BY-NC 4.0
7230;14;2.355;41.638;195;189;1950100;Olea;Olea europaea;;60;1982;149;1982-05-29;0;CC BY-NC 4.0
19299;2101;17.977;42.7124;60;64;1950100;Olea;Olea europaea;;65;1982;154;1982-06-03;0;CC BY-NC 4.0
19294;2101;16.45;43.167;20;37;1950100;Olea;Olea europaea;;65;1982;155;1982-06-04;0;CC BY-NC 4.0
19298;2101;14.7687;44.7556;26;18;1950100;Olea;Olea europaea;;60;1982;156;1982-06-05;0;CC BY-NC 4.0
6871;201;13.6167;45.4833;2;5;1950100;Olea;Olea europaea;;60;1982;160;1982-06-09;0;CC BY-NC 4.0
19298;2101;14.7687;44.7556;26;18;1950100;Olea;Olea europaea;;65;1982;161;1982-06-10;0;CC BY-NC 4.0
19299;2101;17.977;42.7124;60;64;1950100;Olea;Olea europaea;;69;1982;162;1982-06-11;0;CC BY-NC 4.0
6871;201;13.6167;45.4833;2;5;1950100;Olea;Olea europaea;;65;1982;163;1982-06-12;0;CC BY-NC 4.0
19294;2101;16.45;43.167;20;37;1950100;Olea;Olea europaea;;69;1982;163;1982-06-12;0;CC BY-NC 4.0
19298;2101;14.7687;44.7556;26;18;1950100;Olea;Olea europaea;;69;1982;165;1982-06-14;0;CC BY-NC 4.0
6871;201;13.6167;45.4833;2;5;1950100;Olea;Olea europaea;;69;1982;170;1982-06-19;0;CC BY-NC 4.0
19298;2101;14.7687;44.7556;26;18;1950100;Olea;Olea europaea;;380;1982;304;1982-10-31;0;CC BY-NC 4.0
19294;2101;16.45;43.167;20;37;1950100;Olea;Olea europaea;;380;1982;308;1982-11-04;0;CC BY-NC 4.0
19299;2101;17.977;42.7124;60;64;1950100;Olea;Olea europaea;;380;1982;308;1982-11-04;0;CC BY-NC 4.0
19299;2101;17.977;42.7124;60;64;1950100;Olea;Olea europaea;;87;1982;319;1982-11-15;0;CC BY-NC 4.0
19298;2101;14.7687;44.7556;26;18;1950100;Olea;Olea europaea;;87;1982;325;1982-11-21;0;CC BY-NC 4.0
19294;2101;16.45;43.167;20;37;1950100;Olea;Olea europaea;;87;1982;326;1982-11-22;0;CC BY-NC 4.0
19299;2101;17.977;42.7124;60;64;1950100;Olea;Olea europaea;;60;1983;141;1983-05-21;0;CC BY-NC 4.0
19294;2101;16.45;43.167;20;37;1950100;Olea;Olea europaea;;60;1983;144;1983-05-24;0;CC BY-NC 4.0
19299;2101;17.977;42.7124;60;64;1950100;Olea;Olea europaea;;65;1983;149;1983-05-29;0;CC BY-NC 4.0
19294;2101;16.45;43.167;20;37;1950100;Olea;Olea europaea;;65;1983;150;1983-05-30;0;CC BY-NC 4.0
7230;14;2.355;41.638;195;189;1950100;Olea;Olea europaea;;60;1983;155;1983-06-04;0;CC BY-NC 4.0
19298;2101;14.7687;44.7556;26;18;1950100;Olea;Olea europaea;;60;1983;155;1983-06-04;0;CC BY-NC 4.0
6871;201;13.6167;45.4833;2;5;1950100;Olea;Olea europaea;;60;1983;157;1983-06-06;0;CC BY-NC 4.0
19294;2101;16.45;43.167;20;37;1950100;Olea;Olea europaea;;69;1983;158;1983-06-07;0;CC BY-NC 4.0
19298;2101;14.7687;44.7556;26;18;1950100;Olea;Olea europaea;;65;1983;159;1983-06-08;0;CC BY-NC 4.0
19299;2101;17.977;42.7124;60;64;1950100;Olea;Olea europaea;;69;1983;160;1983-06-09;0;CC BY-NC 4.0
6871;201;13.6167;45.4833;2;5;1950100;Olea;Olea europaea;;65;1983;161;1983-06-10;0;CC BY-NC 4.0
19298;2101;14.7687;44.7556;26;18;1950100;Olea;Olea europaea;;69;1983;166;1983-06-15;0;CC BY-NC 4.0
6871;201;13.6167;45.4833;2;5;1950100;Olea;Olea europaea;;69;1983;168;1983-06-17;0;CC BY-NC 4.0
19298;2101;14.7687;44.7556;26;18;1950100;Olea;Olea europaea;;380;1983;285;1983-10-12;0;CC BY-NC 4.0
19294;2101;16.45;43.167;20;37;1950100;Olea;Olea europaea;;380;1983;290;1983-10-17;0;CC BY-NC 4.0
19299;2101;17.977;42.7124;60;64;1950100;Olea;Olea europaea;;380;1983;293;1983-10-20;0;CC BY-NC 4.0
19294;2101;16.45;43.167;20;37;1950100;Olea;Olea europaea;;87;1983;307;1983-11-03;0;CC BY-NC 4.0
19298;2101;14.7687;44.7556;26;18;1950100;Olea;Olea europaea;;87;1983;309;1983-11-05;0;CC BY-NC 4.0
19299;2101;17.977;42.7124;60;64;1950100;Olea;Olea europaea;;87;1983;310;1983-11-06;0;CC BY-NC 4.0
19299;2101;17.977;42.7124;60;64;1950100;Olea;Olea europaea;;60;1984;156;1984-06-04;0;CC BY-NC 4.0
19294;2101;16.45;43.167;20;37;1950100;Olea;Olea europaea;;60;1984;157;1984-06-05;0;CC BY-NC 4.0
19298;2101;14.7687;44.7556;26;18;1950100;Olea;Olea europaea;;60;1984;165;1984-06-13;0;CC BY-NC 4.0
19299;2101;17.977;42.7124;60;64;1950100;Olea;Olea europaea;;65;1984;166;1984-06-14;0;CC BY-NC 4.0
19294;2101;16.45;43.167;20;37;1950100;Olea;Olea europaea;;65;1984;167;1984-06-15;0;CC BY-NC 4.0
19298;2101;14.7687;44.7556;26;18;1950100;Olea;Olea europaea;;65;1984;169;1984-06-17;0;CC BY-NC 4.0
6871;201;13.6167;45.4833;2;5;1950100;Olea;Olea europaea;;60;1984;172;1984-06-20;0;CC BY-NC 4.0
7230;14;2.355;41.638;195;189;1950100;Olea;Olea europaea;;60;1984;173;1984-06-21;0;CC BY-NC 4.0
6871;201;13.6167;45.4833;2;5;1950100;Olea;Olea europaea;;65;1984;175;1984-06-23;0;CC BY-NC 4.0
19294;2101;16.45;43.167;20;37;1950100;Olea;Olea europaea;;69;1984;178;1984-06-26;0;CC BY-NC 4.0
19299;2101;17.977;42.7124;60;64;1950100;Olea;Olea europaea;;69;1984;178;1984-06-26;0;CC BY-NC 4.0
19298;2101;14.7687;44.7556;26;18;1950100;Olea;Olea europaea;;69;1984;179;1984-06-27;0;CC BY-NC 4.0
6871;201;13.6167;45.4833;2;5;1950100;Olea;Olea europaea;;69;1984;181;1984-06-29;0;CC BY-NC 4.0
19294;2101;16.45;43.167;20;37;1950100;Olea;Olea europaea;;380;1984;291;1984-10-17;0;CC BY-NC 4.0
19298;2101;14.7687;44.7556;26;18;1950100;Olea;Olea europaea;;380;1984;293;1984-10-19;0;CC BY-NC 4.0
19299;2101;17.977;42.7124;60;64;1950100;Olea;Olea europaea;;380;1984;294;1984-10-20;0;CC BY-NC 4.0
19299;2101;17.977;42.7124;60;64;1950100;Olea;Olea europaea;;87;1984;317;1984-11-12;0;CC BY-NC 4.0
19298;2101;14.7687;44.7556;26;18;1950100;Olea;Olea europaea;;87;1984;318;1984-11-13;0;CC BY-NC 4.0
19294;2101;16.45;43.167;20;37;1950100;Olea;Olea europaea;;87;1984;319;1984-11-14;0;CC BY-NC 4.0
19294;2101;16.45;43.167;20;37;1950100;Olea;Olea europaea;;60;1985;144;1985-05-24;0;CC BY-NC 4.0
19299;2101;17.977;42.7124;60;64;1950100;Olea;Olea europaea;;60;1985;145;1985-05-25;0;CC BY-NC 4.0
19298;2101;14.7687;44.7556;26;18;1950100;Olea;Olea europaea;;60;1985;151;1985-05-31;0;CC BY-NC 4.0
19294;2101;16.45;43.167;20;37;1950100;Olea;Olea europaea;;65;1985;152;1985-06-01;0;CC BY-NC 4.0
19299;2101;17.977;42.7124;60;64;1950100;Olea;Olea europaea;;65;1985;152;1985-06-01;0;CC BY-NC 4.0
19298;2101;14.7687;44.7556;26;18;1950100;Olea;Olea europaea;;65;1985;155;1985-06-04;0;CC BY-NC 4.0
6871;201;13.6167;45.4833;2;5;1950100;Olea;Olea europaea;;60;1985;157;1985-06-06;0;CC BY-NC 4.0
7230;14;2.355;41.638;195;189;1950100;Olea;Olea europaea;;60;1985;160;1985-06-09;0;CC BY-NC 4.0
6871;201;13.6167;45.4833;2;5;1950100;Olea;Olea europaea;;65;1985;161;1985-06-10;0;CC BY-NC 4.0
19299;2101;17.977;42.7124;60;64;1950100;Olea;Olea europaea;;69;1985;164;1985-06-13;0;CC BY-NC 4.0
19294;2101;16.45;43.167;20;37;1950100;Olea;Olea europaea;;69;1985;166;1985-06-15;0;CC BY-NC 4.0
6871;201;13.6167;45.4833;2;5;1950100;Olea;Olea europaea;;69;1985;169;1985-06-18;0;CC BY-NC 4.0
19298;2101;14.7687;44.7556;26;18;1950100;Olea;Olea europaea;;69;1985;169;1985-06-18;0;CC BY-NC 4.0
19298;2101;14.7687;44.7556;26;18;1950100;Olea;Olea europaea;;380;1985;288;1985-10-15;0;CC BY-NC 4.0
19299;2101;17.977;42.7124;60;64;1950100;Olea;Olea europaea;;380;1985;291;1985-10-18;0;CC BY-NC 4.0
19294;2101;16.45;43.167;20;37;1950100;Olea;Olea europaea;;380;1985;296;1985-10-23;0;CC BY-NC 4.0
19294;2101;16.45;43.167;20;37;1950100;Olea;Olea europaea;;87;1985;315;1985-11-11;0;CC BY-NC 4.0
19298;2101;14.7687;44.7556;26;18;1950100;Olea;Olea europaea;;87;1985;315;1985-11-11;0;CC BY-NC 4.0
19299;2101;17.977;42.7124;60;64;1950100;Olea;Olea europaea;;87;1985;318;1985-11-14;0;CC BY-NC 4.0
19299;2101;17.977;42.7124;60;64;1950100;Olea;Olea europaea;;60;1986;145;1986-05-25;0;CC BY-NC 4.0
19294;2101;16.45;43.167;20;37;1950100;Olea;Olea europaea;;60;1986;146;1986-05-26;0;CC BY-NC 4.0
19294;2101;16.45;43.167;20;37;1950100;Olea;Olea europaea;;65;1986;153;1986-06-02;0;CC BY-NC 4.0
19298;2101;14.7687;44.7556;26;18;1950100;Olea;Olea europaea;;60;1986;153;1986-06-02;0;CC BY-NC 4.0
19299;2101;17.977;42.7124;60;64;1950100;Olea;Olea europaea;;65;1986;154;1986-06-03;0;CC BY-NC 4.0
6871;201;13.6167;45.4833;2;5;1950100;Olea;Olea europaea;;60;1986;156;1986-06-05;0;CC BY-NC 4.0
19298;2101;14.7687;44.7556;26;18;1950100;Olea;Olea europaea;;65;1986;158;1986-06-07;0;CC BY-NC 4.0
6871;201;13.6167;45.4833;2;5;1950100;Olea;Olea europaea;;65;1986;159;1986-06-08;0;CC BY-NC 4.0
19294;2101;16.45;43.167;20;37;1950100;Olea;Olea europaea;;69;1986;160;1986-06-09;0;CC BY-NC 4.0
19298;2101;14.7687;44.7556;26;18;1950100;Olea;Olea europaea;;69;1986;163;1986-06-12;0;CC BY-NC 4.0
7230;14;2.355;41.638;195;189;1950100;Olea;Olea europaea;;60;1986;165;1986-06-14;0;CC BY-NC 4.0
19299;2101;17.977;42.7124;60;64;1950100;Olea;Olea europaea;;69;1986;166;1986-06-15;0;CC BY-NC 4.0
6871;201;13.6167;45.4833;2;5;1950100;Olea;Olea europaea;;69;1986;169;1986-06-18;0;CC BY-NC 4.0
19298;2101;14.7687;44.7556;26;18;1950100;Olea;Olea europaea;;380;1986;288;1986-10-15;0;CC BY-NC 4.0
19294;2101;16.45;43.167;20;37;1950100;Olea;Olea europaea;;380;1986;295;1986-10-22;0;CC BY-NC 4.0
19299;2101;17.977;42.7124;60;64;1950100;Olea;Olea europaea;;380;1986;295;1986-10-22;0;CC BY-NC 4.0
19298;2101;14.7687;44.7556;26;18;1950100;Olea;Olea europaea;;87;1986;314;1986-11-10;0;CC BY-NC 4.0
19299;2101;17.977;42.7124;60;64;1950100;Olea;Olea europaea;;87;1986;317;1986-11-13;0;CC BY-NC 4.0
19294;2101;16.45;43.167;20;37;1950100;Olea;Olea europaea;;87;1986;319;1986-11-15;0;CC BY-NC 4.0
19294;2101;16.45;43.167;20;37;1950100;Olea;Olea europaea;;60;1987;157;1987-06-06;0;CC BY-NC 4.0
19299;2101;17.977;42.7124;60;64;1950100;Olea;Olea europaea;;60;1987;157;1987-06-06;0;CC BY-NC 4.0
7230;14;2.355;41.638;195;189;1950100;Olea;Olea europaea;;60;1987;158;1987-06-07;0;CC BY-NC 4.0
19299;2101;17.977;42.7124;60;64;1950100;Olea;Olea europaea;;65;1987;164;1987-06-13;0;CC BY-NC 4.0
19294;2101;16.45;43.167;20;37;1950100;Olea;Olea europaea;;65;1987;166;1987-06-15;0;CC BY-NC 4.0
19298;2101;14.7687;44.7556;26;18;1950100;Olea;Olea europaea;;60;1987;166;1987-06-15;0;CC BY-NC 4.0
19298;2101;14.7687;44.7556;26;18;1950100;Olea;Olea europaea;;65;1987;170;1987-06-19;0;CC BY-NC 4.0
6871;201;13.6167;45.4833;2;5;1950100;Olea;Olea europaea;;60;1987;172;1987-06-21;0;CC BY-NC 4.0
19299;2101;17.977;42.7124;60;64;1950100;Olea;Olea europaea;;69;1987;174;1987-06-23;0;CC BY-NC 4.0
19294;2101;16.45;43.167;20;37;1950100;Olea;Olea europaea;;69;1987;176;1987-06-25;0;CC BY-NC 4.0
6871;201;13.6167;45.4833;2;5;1950100;Olea;Olea europaea;;65;1987;180;1987-06-29;0;CC BY-NC 4.0
19298;2101;14.7687;44.7556;26;18;1950100;Olea;Olea europaea;;69;1987;182;1987-07-01;0;CC BY-NC 4.0
6871;201;13.6167;45.4833;2;5;1950100;Olea;Olea europaea;;69;1987;191;1987-07-10;0;CC BY-NC 4.0
19298;2101;14.7687;44.7556;26;18;1950100;Olea;Olea europaea;;380;1987;292;1987-10-19;0;CC BY-NC 4.0
19294;2101;16.45;43.167;20;37;1950100;Olea;Olea europaea;;380;1987;294;1987-10-21;0;CC BY-NC 4.0
19299;2101;17.977;42.7124;60;64;1950100;Olea;Olea europaea;;380;1987;301;1987-10-28;0;CC BY-NC 4.0
19298;2101;14.7687;44.7556;26;18;1950100;Olea;Olea europaea;;87;1987;314;1987-11-10;0;CC BY-NC 4.0
19294;2101;16.45;43.167;20;37;1950100;Olea;Olea europaea;;87;1987;323;1987-11-19;0;CC BY-NC 4.0
19299;2101;17.977;42.7124;60;64;1950100;Olea;Olea europaea;;87;1987;326;1987-11-22;0;CC BY-NC 4.0
20450;2701;19.0833;42.1;6;0;1950102;Olea;Olea europaea;Olea europaea Zutica;60;1988;101;1988-04-10;0;CC BY-NC 4.0
20450;2701;19.0833;42.1;6;0;1950102;Olea;Olea europaea;Olea europaea Zutica;65;1988;111;1988-04-20;0;CC BY-NC 4.0
20450;2701;19.0833;42.1;6;0;1950102;Olea;Olea europaea;Olea europaea Zutica;69;1988;131;1988-05-10;0;CC BY-NC 4.0
6871;201;13.6167;45.4833;2;5;1950100;Olea;Olea europaea;;60;1988;145;1988-05-24;0;CC BY-NC 4.0
19299;2101;17.977;42.7124;60;64;1950100;Olea;Olea europaea;;60;1988;146;1988-05-25;0;CC BY-NC 4.0
19294;2101;16.45;43.167;20;37;1950100;Olea;Olea europaea;;60;1988;147;1988-05-26;0;CC BY-NC 4.0
19298;2101;14.7687;44.7556;26;18;1950100;Olea;Olea europaea;;60;1988;147;1988-05-26;0;CC BY-NC 4.0
19294;2101;16.45;43.167;20;37;1950100;Olea;Olea europaea;;65;1988;153;1988-06-01;0;CC BY-NC 4.0
19299;2101;17.977;42.7124;60;64;1950100;Olea;Olea europaea;;65;1988;154;1988-06-02;0;CC BY-NC 4.0
6871;201;13.6167;45.4833;2;5;1950100;Olea;Olea europaea;;65;1988;158;1988-06-06;0;CC BY-NC 4.0
19294;2101;16.45;43.167;20;37;1950100;Olea;Olea europaea;;69;1988;159;1988-06-07;0;CC BY-NC 4.0
19299;2101;17.977;42.7124;60;64;1950100;Olea;Olea europaea;;69;1988;159;1988-06-07;0;CC BY-NC 4.0
19298;2101;14.7687;44.7556;26;18;1950100;Olea;Olea europaea;;65;1988;161;1988-06-09;0;CC BY-NC 4.0
7230;14;2.355;41.638;195;189;1950100;Olea;Olea europaea;;60;1988;162;1988-06-10;0;CC BY-NC 4.0
6871;201;13.6167;45.4833;2;5;1950100;Olea;Olea europaea;;69;1988;169;1988-06-17;0;CC BY-NC 4.0
19298;2101;14.7687;44.7556;26;18;1950100;Olea;Olea europaea;;69;1988;169;1988-06-17;0;CC BY-NC 4.0
19298;2101;14.7687;44.7556;26;18;1950100;Olea;Olea europaea;;380;1988;295;1988-10-21;0;CC BY-NC 4.0
19294;2101;16.45;43.167;20;37;1950100;Olea;Olea europaea;;380;1988;298;1988-10-24;0;CC BY-NC 4.0
19299;2101;17.977;42.7124;60;64;1950100;Olea;Olea europaea;;380;1988;298;1988-10-24;0;CC BY-NC 4.0
19294;2101;16.45;43.167;20;37;1950100;Olea;Olea europaea;;87;1988;317;1988-11-12;0;CC BY-NC 4.0
19299;2101;17.977;42.7124;60;64;1950100;Olea;Olea europaea;;87;1988;319;1988-11-14;0;CC BY-NC 4.0
19298;2101;14.7687;44.7556;26;18;1950100;Olea;Olea europaea;;87;1988;320;1988-11-15;0;CC BY-NC 4.0
20450;2701;19.0833;42.1;6;0;1950100;Olea;Olea europaea;;60;1989;88;1989-03-29;0;CC BY-NC 4.0
20450;2701;19.0833;42.1;6;0;1950102;Olea;Olea europaea;Olea europaea Zutica;60;1989;89;1989-03-30;0;CC BY-NC 4.0
20450;2701;19.0833;42.1;6;0;1950100;Olea;Olea europaea;;65;1989;102;1989-04-12;0;CC BY-NC 4.0
20450;2701;19.0833;42.1;6;0;1950102;Olea;Olea europaea;Olea europaea Zutica;65;1989;103;1989-04-13;0;CC BY-NC 4.0
20450;2701;19.0833;42.1;6;0;1950100;Olea;Olea europaea;;69;1989;115;1989-04-25;0;CC BY-NC 4.0
20450;2701;19.0833;42.1;6;0;1950102;Olea;Olea europaea;Olea europaea Zutica;69;1989;116;1989-04-26;0;CC BY-NC 4.0
19294;2101;16.45;43.167;20;37;1950100;Olea;Olea europaea;;60;1989;130;1989-05-10;0;CC BY-NC 4.0
19299;2101;17.977;42.7124;60;64;1950100;Olea;Olea europaea;;60;1989;134;1989-05-14;0;CC BY-NC 4.0
19294;2101;16.45;43.167;20;37;1950100;Olea;Olea europaea;;65;1989;142;1989-05-22;0;CC BY-NC 4.0
19298;2101;14.7687;44.7556;26;18;1950100;Olea;Olea europaea;;60;1989;142;1989-05-22;0;CC BY-NC 4.0
19299;2101;17.977;42.7124;60;64;1950100;Olea;Olea europaea;;65;1989;145;1989-05-25;0;CC BY-NC 4.0
19294;2101;16.45;43.167;20;37;1950100;Olea;Olea europaea;;69;1989;148;1989-05-28;0;CC BY-NC 4.0
19298;2101;14.7687;44.7556;26;18;1950100;Olea;Olea europaea;;65;1989;148;1989-05-28;0;CC BY-NC 4.0
19299;2101;17.977;42.7124;60;64;1950100;Olea;Olea europaea;;69;1989;152;1989-06-01;0;CC BY-NC 4.0
6871;201;13.6167;45.4833;2;5;1950100;Olea;Olea europaea;;60;1989;156;1989-06-05;0;CC BY-NC 4.0
19298;2101;14.7687;44.7556;26;18;1950100;Olea;Olea europaea;;69;1989;156;1989-06-05;0;CC BY-NC 4.0
6871;201;13.6167;45.4833;2;5;1950100;Olea;Olea europaea;;65;1989;160;1989-06-09;0;CC BY-NC 4.0
7230;14;2.355;41.638;195;189;1950100;Olea;Olea europaea;;60;1989;161;1989-06-10;0;CC BY-NC 4.0
6871;201;13.6167;45.4833;2;5;1950100;Olea;Olea europaea;;69;1989;172;1989-06-21;0;CC BY-NC 4.0
20450;2701;19.0833;42.1;6;0;1950100;Olea;Olea europaea;;81;1989;281;1989-10-08;0;CC BY-NC 4.0
20450;2701;19.0833;42.1;6;0;1950102;Olea;Olea europaea;Olea europaea Zutica;81;1989;282;1989-10-09;0;CC BY-NC 4.0
19294;2101;16.45;43.167;20;37;1950100;Olea;Olea europaea;;380;1989;293;1989-10-20;0;CC BY-NC 4.0
19298;2101;14.7687;44.7556;26;18;1950100;Olea;Olea europaea;;380;1989;293;1989-10-20;0;CC BY-NC 4.0
20450;2701;19.0833;42.1;6;0;1950100;Olea;Olea europaea;;100;1989;296;1989-10-23;0;CC BY-NC 4.0
20450;2701;19.0833;42.1;6;0;1950102;Olea;Olea europaea;Olea europaea Zutica;100;1989;297;1989-10-24;0;CC BY-NC 4.0
19299;2101;17.977;42.7124;60;64;1950100;Olea;Olea europaea;;380;1989;312;1989-11-08;0;CC BY-NC 4.0
19294;2101;16.45;43.167;20;37;1950100;Olea;Olea europaea;;87;1989;322;1989-11-18;0;CC BY-NC 4.0
19298;2101;14.7687;44.7556;26;18;1950100;Olea;Olea europaea;;87;1989;324;1989-11-20;0;CC BY-NC 4.0
19299;2101;17.977;42.7124;60;64;1950100;Olea;Olea europaea;;87;1989;325;1989-11-21;0;CC BY-NC 4.0
26632;1402;-1.86222;39.0056;676;680;1950100;Olea;Olea europaea;;0;1990;1;1990-01-01;0;CC BY-NC 4.0
19294;2101;16.45;43.167;20;37;1950100;Olea;Olea europaea;;60;1990;128;1990-05-08;0;CC BY-NC 4.0
19299;2101;17.977;42.7124;60;64;1950100;Olea;Olea europaea;;60;1990;130;1990-05-10;0;CC BY-NC 4.0
19298;2101;14.7687;44.7556;26;18;1950100;Olea;Olea europaea;;60;1990;138;1990-05-18;0;CC BY-NC 4.0
19294;2101;16.45;43.167;20;37;1950100;Olea;Olea europaea;;65;1990;142;1990-05-22;0;CC BY-NC 4.0
19298;2101;14.7687;44.7556;26;18;1950100;Olea;Olea europaea;;65;1990;143;1990-05-23;0;CC BY-NC 4.0
19299;2101;17.977;42.7124;60;64;1950100;Olea;Olea europaea;;65;1990;144;1990-05-24;0;CC BY-NC 4.0
6871;201;13.6167;45.4833;2;5;1950100;Olea;Olea europaea;;60;1990;148;1990-05-28;0;CC BY-NC 4.0
7230;14;2.355;41.638;195;189;1950100;Olea;Olea europaea;;60;1990;148;1990-05-28;0;CC BY-NC 4.0
19294;2101;16.45;43.167;20;37;1950100;Olea;Olea europaea;;69;1990;152;1990-06-01;0;CC BY-NC 4.0
6871;201;13.6167;45.4833;2;5;1950100;Olea;Olea europaea;;65;1990;154;1990-06-03;0;CC BY-NC 4.0
19299;2101;17.977;42.7124;60;64;1950100;Olea;Olea europaea;;69;1990;154;1990-06-03;0;CC BY-NC 4.0
6871;201;13.6167;45.4833;2;5;1950100;Olea;Olea europaea;;69;1990;162;1990-06-11;0;CC BY-NC 4.0
19298;2101;14.7687;44.7556;26;18;1950100;Olea;Olea europaea;;69;1990;163;1990-06-12;0;CC BY-NC 4.0
19298;2101;14.7687;44.7556;26;18;1950100;Olea;Olea europaea;;380;1990;295;1990-10-22;0;CC BY-NC 4.0
19294;2101;16.45;43.167;20;37;1950100;Olea;Olea europaea;;380;1990;300;1990-10-27;0;CC BY-NC 4.0
19299;2101;17.977;42.7124;60;64;1950100;Olea;Olea europaea;;380;1990;303;1990-10-30;0;CC BY-NC 4.0
19299;2101;17.977;42.7124;60;64;1950100;Olea;Olea europaea;;87;1990;313;1990-11-09;0;CC BY-NC 4.0
19294;2101;16.45;43.167;20;37;1950100;Olea;Olea europaea;;87;1990;318;1990-11-14;0;CC BY-NC 4.0
19298;2101;14.7687;44.7556;26;18;1950100;Olea;Olea europaea;;87;1990;319;1990-11-15;0;CC BY-NC 4.0
19294;2101;16.45;43.167;20;37;1950100;Olea;Olea europaea;;60;1991;138;1991-05-18;0;CC BY-NC 4.0
19299;2101;17.977;42.7124;60;64;1950100;Olea;Olea europaea;;60;1991;139;1991-05-19;0;CC BY-NC 4.0
19294;2101;16.45;43.167;20;37;1950100;Olea;Olea europaea;;65;1991;148;1991-05-28;0;CC BY-NC 4.0
19299;2101;17.977;42.7124;60;64;1950100;Olea;Olea europaea;;65;1991;150;1991-05-30;0;CC BY-NC 4.0
19298;2101;14.7687;44.7556;26;18;1950100;Olea;Olea europaea;;60;1991;155;1991-06-04;0;CC BY-NC 4.0
6871;201;13.6167;45.4833;2;5;1950100;Olea;Olea europaea;;60;1991;159;1991-06-08;0;CC BY-NC 4.0
19294;2101;16.45;43.167;20;37;1950100;Olea;Olea europaea;;69;1991;159;1991-06-08;0;CC BY-NC 4.0
19298;2101;14.7687;44.7556;26;18;1950100;Olea;Olea europaea;;65;1991;162;1991-06-11;0;CC BY-NC 4.0
19299;2101;17.977;42.7124;60;64;1950100;Olea;Olea europaea;;69;1991;163;1991-06-12;0;CC BY-NC 4.0
6871;201;13.6167;45.4833;2;5;1950100;Olea;Olea europaea;;65;1991;166;1991-06-15;0;CC BY-NC 4.0
7230;14;2.355;41.638;195;189;1950100;Olea;Olea europaea;;60;1991;168;1991-06-17;0;CC BY-NC 4.0
19298;2101;14.7687;44.7556;26;18;1950100;Olea;Olea europaea;;69;1991;171;1991-06-20;0;CC BY-NC 4.0
6871;201;13.6167;45.4833;2;5;1950100;Olea;Olea europaea;;69;1991;182;1991-07-01;0;CC BY-NC 4.0
19299;2101;17.977;42.7124;60;64;1950100;Olea;Olea europaea;;380;1991;294;1991-10-21;0;CC BY-NC 4.0
19298;2101;14.7687;44.7556;26;18;1950100;Olea;Olea europaea;;380;1991;301;1991-10-28;0;CC BY-NC 4.0
19294;2101;16.45;43.167;20;37;1950100;Olea;Olea europaea;;380;1991;303;1991-10-30;0;CC BY-NC 4.0
19294;2101;16.45;43.167;20;37;1950100;Olea;Olea europaea;;87;1991;319;1991-11-15;0;CC BY-NC 4.0
19299;2101;17.977;42.7124;60;64;1950100;Olea;Olea europaea;;87;1991;321;1991-11-17;0;CC BY-NC 4.0
19298;2101;14.7687;44.7556;26;18;1950100;Olea;Olea europaea;;87;1991;324;1991-11-20;0;CC BY-NC 4.0
19299;2101;17.977;42.7124;60;64;1950100;Olea;Olea europaea;;60;1992;135;1992-05-14;0;CC BY-NC 4.0
19294;2101;16.45;43.167;20;37;1950100;Olea;Olea europaea;;60;1992;136;1992-05-15;0;CC BY-NC 4.0
7230;14;2.355;41.638;195;189;1950100;Olea;Olea europaea;;60;1992;144;1992-05-23;0;CC BY-NC 4.0
19298;2101;14.7687;44.7556;26;18;1950100;Olea;Olea europaea;;60;1992;145;1992-05-24;0;CC BY-NC 4.0
19299;2101;17.977;42.7124;60;64;1950100;Olea;Olea europaea;;65;1992;145;1992-05-24;0;CC BY-NC 4.0
19294;2101;16.45;43.167;20;37;1950100;Olea;Olea europaea;;65;1992;147;1992-05-26;0;CC BY-NC 4.0
19299;2101;17.977;42.7124;60;64;1950100;Olea;Olea europaea;;69;1992;157;1992-06-05;0;CC BY-NC 4.0
19294;2101;16.45;43.167;20;37;1950100;Olea;Olea europaea;;69;1992;158;1992-06-06;0;CC BY-NC 4.0
6871;201;13.6167;45.4833;2;5;1950100;Olea;Olea europaea;;60;1992;162;1992-06-10;0;CC BY-NC 4.0
19298;2101;14.7687;44.7556;26;18;1950100;Olea;Olea europaea;;65;1992;163;1992-06-11;0;CC BY-NC 4.0
6871;201;13.6167;45.4833;2;5;1950100;Olea;Olea europaea;;65;1992;167;1992-06-15;0;CC BY-NC 4.0
19298;2101;14.7687;44.7556;26;18;1950100;Olea;Olea europaea;;69;1992;177;1992-06-25;0;CC BY-NC 4.0
6871;201;13.6167;45.4833;2;5;1950100;Olea;Olea europaea;;69;1992;186;1992-07-04;0;CC BY-NC 4.0
19299;2101;17.977;42.7124;60;64;1950100;Olea;Olea europaea;;380;1992;300;1992-10-26;0;CC BY-NC 4.0
19294;2101;16.45;43.167;20;37;1950100;Olea;Olea europaea;;380;1992;304;1992-10-30;0;CC BY-NC 4.0
19298;2101;14.7687;44.7556;26;18;1950100;Olea;Olea europaea;;380;1992;304;1992-10-30;0;CC BY-NC 4.0
19294;2101;16.45;43.167;20;37;1950100;Olea;Olea europaea;;87;1992;325;1992-11-20;0;CC BY-NC 4.0
19298;2101;14.7687;44.7556;26;18;1950100;Olea;Olea europaea;;87;1992;330;1992-11-25;0;CC BY-NC 4.0
19299;2101;17.977;42.7124;60;64;1950100;Olea;Olea europaea;;87;1992;331;1992-11-26;0;CC BY-NC 4.0
19299;2101;17.977;42.7124;60;64;1950100;Olea;Olea europaea;;60;1993;147;1993-05-27;0;CC BY-NC 4.0
19294;2101;16.45;43.167;20;37;1950100;Olea;Olea europaea;;60;1993;150;1993-05-30;0;CC BY-NC 4.0
6871;201;13.6167;45.4833;2;5;1950100;Olea;Olea europaea;;60;1993;153;1993-06-02;0;CC BY-NC 4.0
19298;2101;14.7687;44.7556;26;18;1950100;Olea;Olea europaea;;60;1993;153;1993-06-02;0;CC BY-NC 4.0
6871;201;13.6167;45.4833;2;5;1950100;Olea;Olea europaea;;65;1993;156;1993-06-05;0;CC BY-NC 4.0
19294;2101;16.45;43.167;20;37;1950100;Olea;Olea europaea;;65;1993;157;1993-06-06;0;CC BY-NC 4.0
19299;2101;17.977;42.7124;60;64;1950100;Olea;Olea europaea;;65;1993;157;1993-06-06;0;CC BY-NC 4.0
19298;2101;14.7687;44.7556;26;18;1950100;Olea;Olea europaea;;65;1993;158;1993-06-07;0;CC BY-NC 4.0
6871;201;13.6167;45.4833;2;5;1950100;Olea;Olea europaea;;69;1993;159;1993-06-08;0;CC BY-NC 4.0
7230;14;2.355;41.638;195;189;1950100;Olea;Olea europaea;;60;1993;160;1993-06-09;0;CC BY-NC 4.0
19299;2101;17.977;42.7124;60;64;1950100;Olea;Olea europaea;;69;1993;166;1993-06-15;0;CC BY-NC 4.0
19294;2101;16.45;43.167;20;37;1950100;Olea;Olea europaea;;69;1993;167;1993-06-16;0;CC BY-NC 4.0
19298;2101;14.7687;44.7556;26;18;1950100;Olea;Olea europaea;;69;1993;169;1993-06-18;0;CC BY-NC 4.0
19298;2101;14.7687;44.7556;26;18;1950100;Olea;Olea europaea;;380;1993;303;1993-10-30;0;CC BY-NC 4.0
19294;2101;16.45;43.167;20;37;1950100;Olea;Olea europaea;;380;1993;305;1993-11-01;0;CC BY-NC 4.0
19299;2101;17.977;42.7124;60;64;1950100;Olea;Olea europaea;;380;1993;310;1993-11-06;0;CC BY-NC 4.0
19298;2101;14.7687;44.7556;26;18;1950100;Olea;Olea europaea;;87;1993;314;1993-11-10;0;CC BY-NC 4.0
19294;2101;16.45;43.167;20;37;1950100;Olea;Olea europaea;;87;1993;319;1993-11-15;0;CC BY-NC 4.0
19299;2101;17.977;42.7124;60;64;1950100;Olea;Olea europaea;;87;1993;320;1993-11-16;0;CC BY-NC 4.0
19299;2101;17.977;42.7124;60;64;1950100;Olea;Olea europaea;;60;1994;134;1994-05-14;0;CC BY-NC 4.0
19294;2101;16.45;43.167;20;37;1950100;Olea;Olea europaea;;60;1994;135;1994-05-15;0;CC BY-NC 4.0
19298;2101;14.7687;44.7556;26;18;1950100;Olea;Olea europaea;;60;1994;138;1994-05-18;0;CC BY-NC 4.0
19299;2101;17.977;42.7124;60;64;1950100;Olea;Olea europaea;;65;1994;141;1994-05-21;0;CC BY-NC 4.0
19294;2101;16.45;43.167;20;37;1950100;Olea;Olea europaea;;65;1994;145;1994-05-25;0;CC BY-NC 4.0
6871;201;13.6167;45.4833;2;5;1950100;Olea;Olea europaea;;60;1994;148;1994-05-28;0;CC BY-NC 4.0
19298;2101;14.7687;44.7556;26;18;1950100;Olea;Olea europaea;;65;1994;148;1994-05-28;0;CC BY-NC 4.0
19299;2101;17.977;42.7124;60;64;1950100;Olea;Olea europaea;;69;1994;151;1994-05-31;0;CC BY-NC 4.0
19294;2101;16.45;43.167;20;37;1950100;Olea;Olea europaea;;69;1994;160;1994-06-09;0;CC BY-NC 4.0
6871;201;13.6167;45.4833;2;5;1950100;Olea;Olea europaea;;65;1994;161;1994-06-10;0;CC BY-NC 4.0
19298;2101;14.7687;44.7556;26;18;1950100;Olea;Olea europaea;;69;1994;161;1994-06-10;0;CC BY-NC 4.0
7230;14;2.355;41.638;195;189;1950100;Olea;Olea europaea;;60;1994;164;1994-06-13;0;CC BY-NC 4.0
6871;201;13.6167;45.4833;2;5;1950100;Olea;Olea europaea;;69;1994;165;1994-06-14;0;CC BY-NC 4.0
19298;2101;14.7687;44.7556;26;18;1950100;Olea;Olea europaea;;380;1994;308;1994-11-04;0;CC BY-NC 4.0
19294;2101;16.45;43.167;20;37;1950100;Olea;Olea europaea;;380;1994;310;1994-11-06;0;CC BY-NC 4.0
19299;2101;17.977;42.7124;60;64;1950100;Olea;Olea europaea;;380;1994;318;1994-11-14;0;CC BY-NC 4.0
19298;2101;14.7687;44.7556;26;18;1950100;Olea;Olea europaea;;87;1994;329;1994-11-25;0;CC BY-NC 4.0
19294;2101;16.45;43.167;20;37;1950100;Olea;Olea europaea;;87;1994;330;1994-11-26;0;CC BY-NC 4.0
19299;2101;17.977;42.7124;60;64;1950100;Olea;Olea europaea;;87;1994;330;1994-11-26;0;CC BY-NC 4.0
19299;2101;17.977;42.7124;60;64;1950100;Olea;Olea europaea;;60;1995;145;1995-05-25;0;CC BY-NC 4.0
7230;14;2.355;41.638;195;189;1950100;Olea;Olea europaea;;60;1995;147;1995-05-27;0;CC BY-NC 4.0
19294;2101;16.45;43.167;20;37;1950100;Olea;Olea europaea;;60;1995;150;1995-05-30;0;CC BY-NC 4.0
19299;2101;17.977;42.7124;60;64;1950100;Olea;Olea europaea;;65;1995;150;1995-05-30;0;CC BY-NC 4.0
6871;201;13.6167;45.4833;2;5;1950100;Olea;Olea europaea;;60;1995;152;1995-06-01;0;CC BY-NC 4.0
19298;2101;14.7687;44.7556;26;18;1950100;Olea;Olea europaea;;60;1995;153;1995-06-02;0;CC BY-NC 4.0
19299;2101;17.977;42.7124;60;64;1950100;Olea;Olea europaea;;69;1995;157;1995-06-06;0;CC BY-NC 4.0
19294;2101;16.45;43.167;20;37;1950100;Olea;Olea europaea;;65;1995;158;1995-06-07;0;CC BY-NC 4.0
19298;2101;14.7687;44.7556;26;18;1950100;Olea;Olea europaea;;65;1995;159;1995-06-08;0;CC BY-NC 4.0
6871;201;13.6167;45.4833;2;5;1950100;Olea;Olea europaea;;65;1995;161;1995-06-10;0;CC BY-NC 4.0
19294;2101;16.45;43.167;20;37;1950100;Olea;Olea europaea;;69;1995;166;1995-06-15;0;CC BY-NC 4.0
6871;201;13.6167;45.4833;2;5;1950100;Olea;Olea europaea;;69;1995;169;1995-06-18;0;CC BY-NC 4.0
19298;2101;14.7687;44.7556;26;18;1950100;Olea;Olea europaea;;69;1995;174;1995-06-23;0;CC BY-NC 4.0
19298;2101;14.7687;44.7556;26;18;1950100;Olea;Olea europaea;;380;1995;301;1995-10-28;0;CC BY-NC 4.0
19294;2101;16.45;43.167;20;37;1950100;Olea;Olea europaea;;380;1995;303;1995-10-30;0;CC BY-NC 4.0
19299;2101;17.977;42.7124;60;64;1950100;Olea;Olea europaea;;380;1995;313;1995-11-09;0;CC BY-NC 4.0
19298;2101;14.7687;44.7556;26;18;1950100;Olea;Olea europaea;;87;1995;316;1995-11-12;0;CC BY-NC 4.0
19294;2101;16.45;43.167;20;37;1950100;Olea;Olea europaea;;87;1995;324;1995-11-20;0;CC BY-NC 4.0
19299;2101;17.977;42.7124;60;64;1950100;Olea;Olea europaea;;87;1995;326;1995-11-22;0;CC BY-NC 4.0
19294;2101;16.45;43.167;20;37;1950100;Olea;Olea europaea;;60;1996;146;1996-05-25;0;CC BY-NC 4.0
19298;2101;14.7687;44.7556;26;18;1950100;Olea;Olea europaea;;60;1996;150;1996-05-29;0;CC BY-NC 4.0
19294;2101;16.45;43.167;20;37;1950100;Olea;Olea europaea;;65;1996;151;1996-05-30;0;CC BY-NC 4.0
6871;201;13.6167;45.4833;2;5;1950100;Olea;Olea europaea;;60;1996;155;1996-06-03;0;CC BY-NC 4.0
6871;201;13.6167;45.4833;2;5;1950100;Olea;Olea europaea;;65;1996;159;1996-06-07;0;CC BY-NC 4.0
19298;2101;14.7687;44.7556;26;18;1950100;Olea;Olea europaea;;65;1996;159;1996-06-07;0;CC BY-NC 4.0
7230;14;2.355;41.638;195;189;1950100;Olea;Olea europaea;;60;1996;161;1996-06-09;0;CC BY-NC 4.0
6871;201;13.6167;45.4833;2;5;1950100;Olea;Olea europaea;;69;1996;163;1996-06-11;0;CC BY-NC 4.0
19294;2101;16.45;43.167;20;37;1950100;Olea;Olea europaea;;69;1996;171;1996-06-19;0;CC BY-NC 4.0
19298;2101;14.7687;44.7556;26;18;1950100;Olea;Olea europaea;;69;1996;172;1996-06-20;0;CC BY-NC 4.0
19298;2101;14.7687;44.7556;26;18;1950100;Olea;Olea europaea;;380;1996;283;1996-10-09;0;CC BY-NC 4.0
19294;2101;16.45;43.167;20;37;1950100;Olea;Olea europaea;;380;1996;289;1996-10-15;0;CC BY-NC 4.0
19298;2101;14.7687;44.7556;26;18;1950100;Olea;Olea europaea;;87;1996;304;1996-10-30;0;CC BY-NC 4.0
19294;2101;16.45;43.167;20;37;1950100;Olea;Olea europaea;;87;1996;315;1996-11-10;0;CC BY-NC 4.0
19294;2101;16.45;43.167;20;37;1950100;Olea;Olea europaea;;60;1997;141;1997-05-21;0;CC BY-NC 4.0
19298;2101;14.7687;44.7556;26;18;1950100;Olea;Olea europaea;;60;1997;146;1997-05-26;0;CC BY-NC 4.0
19294;2101;16.45;43.167;20;37;1950100;Olea;Olea europaea;;65;1997;147;1997-05-27;0;CC BY-NC 4.0
6871;201;13.6167;45.4833;2;5;1950100;Olea;Olea europaea;;60;1997;154;1997-06-03;0;CC BY-NC 4.0
19298;2101;14.7687;44.7556;26;18;1950100;Olea;Olea europaea;;65;1997;155;1997-06-04;0;CC BY-NC 4.0
6871;201;13.6167;45.4833;2;5;1950100;Olea;Olea europaea;;65;1997;158;1997-06-07;0;CC BY-NC 4.0
19294;2101;16.45;43.167;20;37;1950100;Olea;Olea europaea;;69;1997;160;1997-06-09;0;CC BY-NC 4.0
6871;201;13.6167;45.4833;2;5;1950100;Olea;Olea europaea;;69;1997;164;1997-06-13;0;CC BY-NC 4.0
19298;2101;14.7687;44.7556;26;18;1950100;Olea;Olea europaea;;69;1997;169;1997-06-18;0;CC BY-NC 4.0
19298;2101;14.7687;44.7556;26;18;1950100;Olea;Olea europaea;;380;1997;283;1997-10-10;0;CC BY-NC 4.0
19294;2101;16.45;43.167;20;37;1950100;Olea;Olea europaea;;380;1997;293;1997-10-20;0;CC BY-NC 4.0
19298;2101;14.7687;44.7556;26;18;1950100;Olea;Olea europaea;;87;1997;307;1997-11-03;0;CC BY-NC 4.0
19294;2101;16.45;43.167;20;37;1950100;Olea;Olea europaea;;87;1997;319;1997-11-15;0;CC BY-NC 4.0
26637;1402;-3.81694;40.7461;940;909;1950100;Olea;Olea europaea;;0;1998;1;1998-01-01;0;CC BY-NC 4.0
19299;2101;17.977;42.7124;60;64;1950100;Olea;Olea europaea;;60;1998;132;1998-05-12;0;CC BY-NC 4.0
19294;2101;16.45;43.167;20;37;1950100;Olea;Olea europaea;;60;1998;135;1998-05-15;0;CC BY-NC 4.0
19298;2101;14.7687;44.7556;26;18;1950100;Olea;Olea europaea;;60;1998;140;1998-05-20;0;CC BY-NC 4.0
19299;2101;17.977;42.7124;60;64;1950100;Olea;Olea europaea;;65;1998;145;1998-05-25;0;CC BY-NC 4.0
19294;2101;16.45;43.167;20;37;1950100;Olea;Olea europaea;;65;1998;146;1998-05-26;0;CC BY-NC 4.0
19298;2101;14.7687;44.7556;26;18;1950100;Olea;Olea europaea;;65;1998;147;1998-05-27;0;CC BY-NC 4.0
7230;14;2.355;41.638;195;189;1950100;Olea;Olea europaea;;60;1998;148;1998-05-28;0;CC BY-NC 4.0
6871;201;13.6167;45.4833;2;5;1950100;Olea;Olea europaea;;60;1998;150;1998-05-30;0;CC BY-NC 4.0
6871;201;13.6167;45.4833;2;5;1950100;Olea;Olea europaea;;65;1998;154;1998-06-03;0;CC BY-NC 4.0
19294;2101;16.45;43.167;20;37;1950100;Olea;Olea europaea;;69;1998;155;1998-06-04;0;CC BY-NC 4.0
19299;2101;17.977;42.7124;60;64;1950100;Olea;Olea europaea;;69;1998;158;1998-06-07;0;CC BY-NC 4.0
6871;201;13.6167;45.4833;2;5;1950100;Olea;Olea europaea;;69;1998;162;1998-06-11;0;CC BY-NC 4.0
19298;2101;14.7687;44.7556;26;18;1950100;Olea;Olea europaea;;69;1998;166;1998-06-15;0;CC BY-NC 4.0
19298;2101;14.7687;44.7556;26;18;1950100;Olea;Olea europaea;;380;1998;288;1998-10-15;0;CC BY-NC 4.0
19294;2101;16.45;43.167;20;37;1950100;Olea;Olea europaea;;380;1998;290;1998-10-17;0;CC BY-NC 4.0
19299;2101;17.977;42.7124;60;64;1950100;Olea;Olea europaea;;380;1998;293;1998-10-20;0;CC BY-NC 4.0
19294;2101;16.45;43.167;20;37;1950100;Olea;Olea europaea;;87;1998;303;1998-10-30;0;CC BY-NC 4.0
19298;2101;14.7687;44.7556;26;18;1950100;Olea;Olea europaea;;87;1998;303;1998-10-30;0;CC BY-NC 4.0
19299;2101;17.977;42.7124;60;64;1950100;Olea;Olea europaea;;87;1998;332;1998-11-28;0;CC BY-NC 4.0
7230;14;2.355;41.638;195;189;1950100;Olea;Olea europaea;;60;1999;114;1999-04-24;0;CC BY-NC 4.0
19299;2101;17.977;42.7124;60;64;1950100;Olea;Olea europaea;;60;1999;140;1999-05-20;0;CC BY-NC 4.0
19294;2101;16.45;43.167;20;37;1950100;Olea;Olea europaea;;60;1999;142;1999-05-22;0;CC BY-NC 4.0
19298;2101;14.7687;44.7556;26;18;1950100;Olea;Olea europaea;;60;1999;146;1999-05-26;0;CC BY-NC 4.0
19294;2101;16.45;43.167;20;37;1950100;Olea;Olea europaea;;65;1999;148;1999-05-28;0;CC BY-NC 4.0
19299;2101;17.977;42.7124;60;64;1950100;Olea;Olea europaea;;65;1999;148;1999-05-28;0;CC BY-NC 4.0
19298;2101;14.7687;44.7556;26;18;1950100;Olea;Olea europaea;;65;1999;151;1999-05-31;0;CC BY-NC 4.0
6871;201;13.6167;45.4833;2;5;1950100;Olea;Olea europaea;;60;1999;152;1999-06-01;0;CC BY-NC 4.0
6871;201;13.6167;45.4833;2;5;1950100;Olea;Olea europaea;;65;1999;155;1999-06-04;0;CC BY-NC 4.0
19294;2101;16.45;43.167;20;37;1950100;Olea;Olea europaea;;69;1999;156;1999-06-05;0;CC BY-NC 4.0
19299;2101;17.977;42.7124;60;64;1950100;Olea;Olea europaea;;69;1999;156;1999-06-05;0;CC BY-NC 4.0
6871;201;13.6167;45.4833;2;5;1950100;Olea;Olea europaea;;69;1999;158;1999-06-07;0;CC BY-NC 4.0
19298;2101;14.7687;44.7556;26;18;1950100;Olea;Olea europaea;;69;1999;166;1999-06-15;0;CC BY-NC 4.0
19298;2101;14.7687;44.7556;26;18;1950100;Olea;Olea europaea;;380;1999;283;1999-10-10;0;CC BY-NC 4.0
19294;2101;16.45;43.167;20;37;1950100;Olea;Olea europaea;;380;1999;284;1999-10-11;0;CC BY-NC 4.0
19299;2101;17.977;42.7124;60;64;1950100;Olea;Olea europaea;;380;1999;293;1999-10-20;0;CC BY-NC 4.0
19298;2101;14.7687;44.7556;26;18;1950100;Olea;Olea europaea;;87;1999;303;1999-10-30;0;CC BY-NC 4.0
19294;2101;16.45;43.167;20;37;1950100;Olea;Olea europaea;;87;1999;306;1999-11-02;0;CC BY-NC 4.0
19299;2101;17.977;42.7124;60;64;1950100;Olea;Olea europaea;;87;1999;309;1999-11-05;0;CC BY-NC 4.0
19294;2101;16.45;43.167;20;37;1950100;Olea;Olea europaea;;60;2000;135;2000-05-14;0;CC BY-NC 4.0
19299;2101;17.977;42.7124;60;64;1950100;Olea;Olea europaea;;60;2000;136;2000-05-15;0;CC BY-NC 4.0
19298;2101;14.7687;44.7556;26;18;1950100;Olea;Olea europaea;;60;2000;139;2000-05-18;0;CC BY-NC 4.0
19294;2101;16.45;43.167;20;37;1950100;Olea;Olea europaea;;65;2000;142;2000-05-21;0;CC BY-NC 4.0
19298;2101;14.7687;44.7556;26;18;1950100;Olea;Olea europaea;;65;2000;144;2000-05-23;0;CC BY-NC 4.0
19299;2101;17.977;42.7124;60;64;1950100;Olea;Olea europaea;;65;2000;144;2000-05-23;0;CC BY-NC 4.0
7230;14;2.355;41.638;195;189;1950100;Olea;Olea europaea;;60;2000;148;2000-05-27;0;CC BY-NC 4.0
19294;2101;16.45;43.167;20;37;1950100;Olea;Olea europaea;;69;2000;150;2000-05-29;0;CC BY-NC 4.0
19299;2101;17.977;42.7124;60;64;1950100;Olea;Olea europaea;;69;2000;150;2000-05-29;0;CC BY-NC 4.0
6871;201;13.6167;45.4833;2;5;1950100;Olea;Olea europaea;;60;2000;154;2000-06-02;0;CC BY-NC 4.0
19298;2101;14.7687;44.7556;26;18;1950100;Olea;Olea europaea;;69;2000;156;2000-06-04;0;CC BY-NC 4.0
6871;201;13.6167;45.4833;2;5;1950100;Olea;Olea europaea;;65;2000;158;2000-06-06;0;CC BY-NC 4.0
6871;201;13.6167;45.4833;2;5;1950100;Olea;Olea europaea;;69;2000;158;2000-06-06;0;CC BY-NC 4.0
19299;2101;17.977;42.7124;60;64;1950100;Olea;Olea europaea;;380;2000;283;2000-10-09;0;CC BY-NC 4.0
19298;2101;14.7687;44.7556;26;18;1950100;Olea;Olea europaea;;380;2000;293;2000-10-19;0;CC BY-NC 4.0
19298;2101;14.7687;44.7556;26;18;1950100;Olea;Olea europaea;;87;2000;309;2000-11-04;0;CC BY-NC 4.0
19299;2101;17.977;42.7124;60;64;1950100;Olea;Olea europaea;;87;2000;309;2000-11-04;0;CC BY-NC 4.0
19294;2101;16.45;43.167;20;37;1950100;Olea;Olea europaea;;60;2001;130;2001-05-10;0;CC BY-NC 4.0
19298;2101;14.7687;44.7556;26;18;1950100;Olea;Olea europaea;;60;2001;130;2001-05-10;0;CC BY-NC 4.0
19299;2101;17.977;42.7124;60;64;1950100;Olea;Olea europaea;;60;2001;130;2001-05-10;0;CC BY-NC 4.0
19298;2101;14.7687;44.7556;26;18;1950100;Olea;Olea europaea;;65;2001;135;2001-05-15;0;CC BY-NC 4.0
19294;2101;16.45;43.167;20;37;1950100;Olea;Olea europaea;;65;2001;136;2001-05-16;0;CC BY-NC 4.0
19299;2101;17.977;42.7124;60;64;1950100;Olea;Olea europaea;;65;2001;141;2001-05-21;0;CC BY-NC 4.0
19294;2101;16.45;43.167;20;37;1950100;Olea;Olea europaea;;69;2001;143;2001-05-23;0;CC BY-NC 4.0
6871;201;13.6167;45.4833;2;5;1950100;Olea;Olea europaea;;60;2001;144;2001-05-24;0;CC BY-NC 4.0
19299;2101;17.977;42.7124;60;64;1950100;Olea;Olea europaea;;69;2001;148;2001-05-28;0;CC BY-NC 4.0
6871;201;13.6167;45.4833;2;5;1950100;Olea;Olea europaea;;65;2001;149;2001-05-29;0;CC BY-NC 4.0
19298;2101;14.7687;44.7556;26;18;1950100;Olea;Olea europaea;;69;2001;152;2001-06-01;0;CC BY-NC 4.0
6871;201;13.6167;45.4833;2;5;1950100;Olea;Olea europaea;;69;2001;154;2001-06-03;0;CC BY-NC 4.0
19294;2101;16.45;43.167;20;37;1950100;Olea;Olea europaea;;380;2001;275;2001-10-02;0;CC BY-NC 4.0
19299;2101;17.977;42.7124;60;64;1950100;Olea;Olea europaea;;380;2001;278;2001-10-05;0;CC BY-NC 4.0
19298;2101;14.7687;44.7556;26;18;1950100;Olea;Olea europaea;;380;2001;283;2001-10-10;0;CC BY-NC 4.0
19294;2101;16.45;43.167;20;37;1950100;Olea;Olea europaea;;87;2001;298;2001-10-25;0;CC BY-NC 4.0
19298;2101;14.7687;44.7556;26;18;1950100;Olea;Olea europaea;;87;2001;305;2001-11-01;0;CC BY-NC 4.0
19299;2101;17.977;42.7124;60;64;1950100;Olea;Olea europaea;;87;2001;314;2001-11-10;0;CC BY-NC 4.0
20450;2701;19.0833;42.1;6;0;1950101;Olea;Olea europaea;Olea europaea Oblica;60;2002;86;2002-03-27;0;CC BY-NC 4.0
20450;2701;19.0833;42.1;6;0;1950101;Olea;Olea europaea;Olea europaea Oblica;65;2002;98;2002-04-08;0;CC BY-NC 4.0
19294;2101;16.45;43.167;20;37;1950100;Olea;Olea europaea;;60;2002;130;2002-05-10;0;CC BY-NC 4.0
19299;2101;17.977;42.7124;60;64;1950100;Olea;Olea europaea;;60;2002;135;2002-05-15;0;CC BY-NC 4.0
19294;2101;16.45;43.167;20;37;1950100;Olea;Olea europaea;;65;2002;137;2002-05-17;0;CC BY-NC 4.0
19298;2101;14.7687;44.7556;26;18;1950100;Olea;Olea europaea;;60;2002;138;2002-05-18;0;CC BY-NC 4.0
19298;2101;14.7687;44.7556;26;18;1950100;Olea;Olea europaea;;65;2002;142;2002-05-22;0;CC BY-NC 4.0
19294;2101;16.45;43.167;20;37;1950100;Olea;Olea europaea;;69;2002;143;2002-05-23;0;CC BY-NC 4.0
19299;2101;17.977;42.7124;60;64;1950100;Olea;Olea europaea;;65;2002;145;2002-05-25;0;CC BY-NC 4.0
19299;2101;17.977;42.7124;60;64;1950100;Olea;Olea europaea;;69;2002;152;2002-06-01;0;CC BY-NC 4.0
19298;2101;14.7687;44.7556;26;18;1950100;Olea;Olea europaea;;69;2002;153;2002-06-02;0;CC BY-NC 4.0
6871;201;13.6167;45.4833;2;5;1950100;Olea;Olea europaea;;60;2002;154;2002-06-03;0;CC BY-NC 4.0
6871;201;13.6167;45.4833;2;5;1950100;Olea;Olea europaea;;65;2002;157;2002-06-06;0;CC BY-NC 4.0
6871;201;13.6167;45.4833;2;5;1950100;Olea;Olea europaea;;69;2002;162;2002-06-11;0;CC BY-NC 4.0
19294;2101;16.45;43.167;20;37;1950100;Olea;Olea europaea;;380;2002;268;2002-09-25;0;CC BY-NC 4.0
19298;2101;14.7687;44.7556;26;18;1950100;Olea;Olea europaea;;380;2002;274;2002-10-01;0;CC BY-NC 4.0
19299;2101;17.977;42.7124;60;64;1950100;Olea;Olea europaea;;380;2002;287;2002-10-14;0;CC BY-NC 4.0
19294;2101;16.45;43.167;20;37;1950100;Olea;Olea europaea;;87;2002;294;2002-10-21;0;CC BY-NC 4.0
19299;2101;17.977;42.7124;60;64;1950100;Olea;Olea europaea;;87;2002;298;2002-10-25;0;CC BY-NC 4.0
19298;2101;14.7687;44.7556;26;18;1950100;Olea;Olea europaea;;87;2002;303;2002-10-30;0;CC BY-NC 4.0
19294;2101;16.45;43.167;20;37;1950100;Olea;Olea europaea;;60;2003;137;2003-05-17;0;CC BY-NC 4.0
19299;2101;17.977;42.7124;60;64;1950100;Olea;Olea europaea;;60;2003;138;2003-05-18;0;CC BY-NC 4.0
19298;2101;14.7687;44.7556;26;18;1950100;Olea;Olea europaea;;60;2003;142;2003-05-22;0;CC BY-NC 4.0
19294;2101;16.45;43.167;20;37;1950100;Olea;Olea europaea;;65;2003;145;2003-05-25;0;CC BY-NC 4.0
6871;201;13.6167;45.4833;2;5;1950100;Olea;Olea europaea;;60;2003;147;2003-05-27;0;CC BY-NC 4.0
19298;2101;14.7687;44.7556;26;18;1950100;Olea;Olea europaea;;65;2003;148;2003-05-28;0;CC BY-NC 4.0
19299;2101;17.977;42.7124;60;64;1950100;Olea;Olea europaea;;65;2003;150;2003-05-30;0;CC BY-NC 4.0
6871;201;13.6167;45.4833;2;5;1950100;Olea;Olea europaea;;65;2003;151;2003-05-31;0;CC BY-NC 4.0
19294;2101;16.45;43.167;20;37;1950100;Olea;Olea europaea;;69;2003;152;2003-06-01;0;CC BY-NC 4.0
6871;201;13.6167;45.4833;2;5;1950100;Olea;Olea europaea;;69;2003;156;2003-06-05;0;CC BY-NC 4.0
19298;2101;14.7687;44.7556;26;18;1950100;Olea;Olea europaea;;69;2003;159;2003-06-08;0;CC BY-NC 4.0
19299;2101;17.977;42.7124;60;64;1950100;Olea;Olea europaea;;69;2003;159;2003-06-08;0;CC BY-NC 4.0
19294;2101;16.45;43.167;20;37;1950100;Olea;Olea europaea;;380;2003;274;2003-10-01;0;CC BY-NC 4.0
19298;2101;14.7687;44.7556;26;18;1950100;Olea;Olea europaea;;380;2003;278;2003-10-05;0;CC BY-NC 4.0
19298;2101;14.7687;44.7556;26;18;1950100;Olea;Olea europaea;;87;2003;293;2003-10-20;0;CC BY-NC 4.0
19299;2101;17.977;42.7124;60;64;1950100;Olea;Olea europaea;;380;2003;302;2003-10-29;0;CC BY-NC 4.0
19294;2101;16.45;43.167;20;37;1950100;Olea;Olea europaea;;87;2003;305;2003-11-01;0;CC BY-NC 4.0
19299;2101;17.977;42.7124;60;64;1950100;Olea;Olea europaea;;87;2003;329;2003-11-25;0;CC BY-NC 4.0
19299;2101;17.977;42.7124;60;64;1950100;Olea;Olea europaea;;60;2004;135;2004-05-14;0;CC BY-NC 4.0
19294;2101;16.45;43.167;20;37;1950100;Olea;Olea europaea;;60;2004;139;2004-05-18;0;CC BY-NC 4.0
19294;2101;16.45;43.167;20;37;1950100;Olea;Olea europaea;;65;2004;144;2004-05-23;0;CC BY-NC 4.0
19299;2101;17.977;42.7124;60;64;1950100;Olea;Olea europaea;;65;2004;146;2004-05-25;0;CC BY-NC 4.0
19298;2101;14.7687;44.7556;26;18;1950100;Olea;Olea europaea;;60;2004;147;2004-05-26;0;CC BY-NC 4.0
19294;2101;16.45;43.167;20;37;1950100;Olea;Olea europaea;;69;2004;148;2004-05-27;0;CC BY-NC 4.0
19298;2101;14.7687;44.7556;26;18;1950100;Olea;Olea europaea;;65;2004;154;2004-06-02;0;CC BY-NC 4.0
19299;2101;17.977;42.7124;60;64;1950100;Olea;Olea europaea;;69;2004;154;2004-06-02;0;CC BY-NC 4.0
6871;201;13.6167;45.4833;2;5;1950100;Olea;Olea europaea;;60;2004;161;2004-06-09;0;CC BY-NC 4.0
6871;201;13.6167;45.4833;2;5;1950100;Olea;Olea europaea;;65;2004;163;2004-06-11;0;CC BY-NC 4.0
19298;2101;14.7687;44.7556;26;18;1950100;Olea;Olea europaea;;69;2004;169;2004-06-17;0;CC BY-NC 4.0
6871;201;13.6167;45.4833;2;5;1950100;Olea;Olea europaea;;69;2004;170;2004-06-18;0;CC BY-NC 4.0
19294;2101;16.45;43.167;20;37;1950100;Olea;Olea europaea;;380;2004;283;2004-10-09;0;CC BY-NC 4.0
19298;2101;14.7687;44.7556;26;18;1950100;Olea;Olea europaea;;380;2004;298;2004-10-24;0;CC BY-NC 4.0
19294;2101;16.45;43.167;20;37;1950100;Olea;Olea europaea;;87;2004;305;2004-10-31;0;CC BY-NC 4.0
19299;2101;17.977;42.7124;60;64;1950100;Olea;Olea europaea;;380;2004;306;2004-11-01;0;CC BY-NC 4.0
19298;2101;14.7687;44.7556;26;18;1950100;Olea;Olea europaea;;87;2004;314;2004-11-09;0;CC BY-NC 4.0
19299;2101;17.977;42.7124;60;64;1950100;Olea;Olea europaea;;87;2004;319;2004-11-14;0;CC BY-NC 4.0
19299;2101;17.977;42.7124;60;64;1950100;Olea;Olea europaea;;60;2005;130;2005-05-10;0;CC BY-NC 4.0
19299;2101;17.977;42.7124;60;64;1950100;Olea;Olea europaea;;65;2005;138;2005-05-18;0;CC BY-NC 4.0
19294;2101;16.45;43.167;20;37;1950100;Olea;Olea europaea;;60;2005;140;2005-05-20;0;CC BY-NC 4.0
19294;2101;16.45;43.167;20;37;1950100;Olea;Olea europaea;;65;2005;144;2005-05-24;0;CC BY-NC 4.0
19299;2101;17.977;42.7124;60;64;1950100;Olea;Olea europaea;;69;2005;146;2005-05-26;0;CC BY-NC 4.0
19298;2101;14.7687;44.7556;26;18;1950100;Olea;Olea europaea;;60;2005;149;2005-05-29;0;CC BY-NC 4.0
19294;2101;16.45;43.167;20;37;1950100;Olea;Olea europaea;;69;2005;150;2005-05-30;0;CC BY-NC 4.0
6871;201;13.6167;45.4833;2;5;1950100;Olea;Olea europaea;;60;2005;156;2005-06-05;0;CC BY-NC 4.0
19298;2101;14.7687;44.7556;26;18;1950100;Olea;Olea europaea;;65;2005;156;2005-06-05;0;CC BY-NC 4.0
6871;201;13.6167;45.4833;2;5;1950100;Olea;Olea europaea;;65;2005;160;2005-06-09;0;CC BY-NC 4.0
6871;201;13.6167;45.4833;2;5;1950100;Olea;Olea europaea;;69;2005;166;2005-06-15;0;CC BY-NC 4.0
19298;2101;14.7687;44.7556;26;18;1950100;Olea;Olea europaea;;69;2005;173;2005-06-22;0;CC BY-NC 4.0
19294;2101;16.45;43.167;20;37;1950100;Olea;Olea europaea;;380;2005;283;2005-10-10;0;CC BY-NC 4.0
19298;2101;14.7687;44.7556;26;18;1950100;Olea;Olea europaea;;380;2005;293;2005-10-20;0;CC BY-NC 4.0
19294;2101;16.45;43.167;20;37;1950100;Olea;Olea europaea;;87;2005;305;2005-11-01;0;CC BY-NC 4.0
19298;2101;14.7687;44.7556;26;18;1950100;Olea;Olea europaea;;87;2005;316;2005-11-12;0;CC BY-NC 4.0
19294;2101;16.45;43.167;20;37;1950100;Olea;Olea europaea;;60;2006;139;2006-05-19;0;CC BY-NC 4.0
19299;2101;17.977;42.7124;60;64;1950100;Olea;Olea europaea;;60;2006;140;2006-05-20;0;CC BY-NC 4.0
19294;2101;16.45;43.167;20;37;1950100;Olea;Olea europaea;;65;2006;143;2006-05-23;0;CC BY-NC 4.0
19294;2101;16.45;43.167;20;37;1950100;Olea;Olea europaea;;69;2006;146;2006-05-26;0;CC BY-NC 4.0
19298;2101;14.7687;44.7556;26;18;1950100;Olea;Olea europaea;;60;2006;148;2006-05-28;0;CC BY-NC 4.0
19299;2101;17.977;42.7124;60;64;1950100;Olea;Olea europaea;;65;2006;148;2006-05-28;0;CC BY-NC 4.0
19298;2101;14.7687;44.7556;26;18;1950100;Olea;Olea europaea;;65;2006;155;2006-06-04;0;CC BY-NC 4.0
19299;2101;17.977;42.7124;60;64;1950100;Olea;Olea europaea;;69;2006;155;2006-06-04;0;CC BY-NC 4.0
6871;201;13.6167;45.4833;2;5;1950100;Olea;Olea europaea;;60;2006;158;2006-06-07;0;CC BY-NC 4.0
6871;201;13.6167;45.4833;2;5;1950100;Olea;Olea europaea;;65;2006;162;2006-06-11;0;CC BY-NC 4.0
6871;201;13.6167;45.4833;2;5;1950100;Olea;Olea europaea;;69;2006;168;2006-06-17;0;CC BY-NC 4.0
19298;2101;14.7687;44.7556;26;18;1950100;Olea;Olea europaea;;69;2006;177;2006-06-26;0;CC BY-NC 4.0
19294;2101;16.45;43.167;20;37;1950100;Olea;Olea europaea;;380;2006;281;2006-10-08;0;CC BY-NC 4.0
19299;2101;17.977;42.7124;60;64;1950100;Olea;Olea europaea;;380;2006;299;2006-10-26;0;CC BY-NC 4.0
19294;2101;16.45;43.167;20;37;1950100;Olea;Olea europaea;;87;2006;305;2006-11-01;0;CC BY-NC 4.0
19298;2101;14.7687;44.7556;26;18;1950100;Olea;Olea europaea;;380;2006;305;2006-11-01;0;CC BY-NC 4.0
19299;2101;17.977;42.7124;60;64;1950100;Olea;Olea europaea;;87;2006;314;2006-11-10;0;CC BY-NC 4.0
19298;2101;14.7687;44.7556;26;18;1950100;Olea;Olea europaea;;87;2006;319;2006-11-15;0;CC BY-NC 4.0
19294;2101;16.45;43.167;20;37;1950100;Olea;Olea europaea;;60;2007;95;2007-04-05;0;CC BY-NC 4.0
19294;2101;16.45;43.167;20;37;1950100;Olea;Olea europaea;;65;2007;99;2007-04-09;0;CC BY-NC 4.0
19294;2101;16.45;43.167;20;37;1950100;Olea;Olea europaea;;69;2007;105;2007-04-15;0;CC BY-NC 4.0
20450;2701;19.0833;42.1;6;0;1950101;Olea;Olea europaea;Olea europaea Oblica;60;2007;109;2007-04-19;0;CC BY-NC 4.0
19299;2101;17.977;42.7124;60;64;1950100;Olea;Olea europaea;;60;2007;114;2007-04-24;0;CC BY-NC 4.0
20450;2701;19.0833;42.1;6;0;1950101;Olea;Olea europaea;Olea europaea Oblica;65;2007;119;2007-04-29;0;CC BY-NC 4.0
19298;2101;14.7687;44.7556;26;18;1950100;Olea;Olea europaea;;60;2007;127;2007-05-07;0;CC BY-NC 4.0
19299;2101;17.977;42.7124;60;64;1950100;Olea;Olea europaea;;65;2007;128;2007-05-08;0;CC BY-NC 4.0
6871;201;13.6167;45.4833;2;5;1950100;Olea;Olea europaea;;60;2007;132;2007-05-12;0;CC BY-NC 4.0
19298;2101;14.7687;44.7556;26;18;1950100;Olea;Olea europaea;;65;2007;134;2007-05-14;0;CC BY-NC 4.0
19299;2101;17.977;42.7124;60;64;1950100;Olea;Olea europaea;;69;2007;134;2007-05-14;0;CC BY-NC 4.0
6871;201;13.6167;45.4833;2;5;1950100;Olea;Olea europaea;;65;2007;136;2007-05-16;0;CC BY-NC 4.0
19298;2101;14.7687;44.7556;26;18;1950100;Olea;Olea europaea;;69;2007;157;2007-06-06;0;CC BY-NC 4.0
19294;2101;16.45;43.167;20;37;1950100;Olea;Olea europaea;;380;2007;253;2007-09-10;0;CC BY-NC 4.0
19298;2101;14.7687;44.7556;26;18;1950100;Olea;Olea europaea;;380;2007;253;2007-09-10;0;CC BY-NC 4.0
19298;2101;14.7687;44.7556;26;18;1950100;Olea;Olea europaea;;87;2007;274;2007-10-01;0;CC BY-NC 4.0
19299;2101;17.977;42.7124;60;64;1950100;Olea;Olea europaea;;380;2007;288;2007-10-15;0;CC BY-NC 4.0
19294;2101;16.45;43.167;20;37;1950100;Olea;Olea europaea;;87;2007;309;2007-11-05;0;CC BY-NC 4.0
19299;2101;17.977;42.7124;60;64;1950100;Olea;Olea europaea;;87;2007;309;2007-11-05;0;CC BY-NC 4.0
19299;2101;17.977;42.7124;60;64;1950100;Olea;Olea europaea;;60;2008;123;2008-05-02;0;CC BY-NC 4.0
19294;2101;16.45;43.167;20;37;1950100;Olea;Olea europaea;;60;2008;130;2008-05-09;0;CC BY-NC 4.0
19294;2101;16.45;43.167;20;37;1950100;Olea;Olea europaea;;65;2008;135;2008-05-14;0;CC BY-NC 4.0
19299;2101;17.977;42.7124;60;64;1950100;Olea;Olea europaea;;65;2008;135;2008-05-14;0;CC BY-NC 4.0
19299;2101;17.977;42.7124;60;64;1950100;Olea;Olea europaea;;69;2008;142;2008-05-21;0;CC BY-NC 4.0
19298;2101;14.7687;44.7556;26;18;1950100;Olea;Olea europaea;;60;2008;143;2008-05-22;0;CC BY-NC 4.0
19294;2101;16.45;43.167;20;37;1950100;Olea;Olea europaea;;69;2008;145;2008-05-24;0;CC BY-NC 4.0
6871;201;13.6167;45.4833;2;5;1950100;Olea;Olea europaea;;60;2008;150;2008-05-29;0;CC BY-NC 4.0
19298;2101;14.7687;44.7556;26;18;1950100;Olea;Olea europaea;;65;2008;150;2008-05-29;0;CC BY-NC 4.0
6871;201;13.6167;45.4833;2;5;1950100;Olea;Olea europaea;;65;2008;154;2008-06-02;0;CC BY-NC 4.0
6871;201;13.6167;45.4833;2;5;1950100;Olea;Olea europaea;;69;2008;160;2008-06-08;0;CC BY-NC 4.0
19298;2101;14.7687;44.7556;26;18;1950100;Olea;Olea europaea;;69;2008;172;2008-06-20;0;CC BY-NC 4.0
19298;2101;14.7687;44.7556;26;18;1950100;Olea;Olea europaea;;380;2008;264;2008-09-20;0;CC BY-NC 4.0
19294;2101;16.45;43.167;20;37;1950100;Olea;Olea europaea;;380;2008;274;2008-09-30;0;CC BY-NC 4.0
19299;2101;17.977;42.7124;60;64;1950100;Olea;Olea europaea;;380;2008;298;2008-10-24;0;CC BY-NC 4.0
19294;2101;16.45;43.167;20;37;1950100;Olea;Olea europaea;;87;2008;306;2008-11-01;0;CC BY-NC 4.0
19298;2101;14.7687;44.7556;26;18;1950100;Olea;Olea europaea;;87;2008;310;2008-11-05;0;CC BY-NC 4.0
19299;2101;17.977;42.7124;60;64;1950100;Olea;Olea europaea;;87;2008;325;2008-11-20;0;CC BY-NC 4.0
20450;2701;19.0833;42.1;6;0;1950101;Olea;Olea europaea;Olea europaea Oblica;60;2009;104;2009-04-14;0;CC BY-NC 4.0
19299;2101;17.977;42.7124;60;64;1950100;Olea;Olea europaea;;60;2009;110;2009-04-20;0;CC BY-NC 4.0
20450;2701;19.0833;42.1;6;0;1950101;Olea;Olea europaea;Olea europaea Oblica;65;2009;111;2009-04-21;0;CC BY-NC 4.0
20450;2701;19.0833;42.1;6;0;1950101;Olea;Olea europaea;Olea europaea Oblica;69;2009;116;2009-04-26;0;CC BY-NC 4.0
19299;2101;17.977;42.7124;60;64;1950100;Olea;Olea europaea;;65;2009;127;2009-05-07;0;CC BY-NC 4.0
19294;2101;16.45;43.167;20;37;1950100;Olea;Olea europaea;;60;2009;130;2009-05-10;0;CC BY-NC 4.0
19299;2101;17.977;42.7124;60;64;1950100;Olea;Olea europaea;;69;2009;136;2009-05-16;0;CC BY-NC 4.0
19294;2101;16.45;43.167;20;37;1950100;Olea;Olea europaea;;65;2009;137;2009-05-17;0;CC BY-NC 4.0
19298;2101;14.7687;44.7556;26;18;1950100;Olea;Olea europaea;;60;2009;140;2009-05-20;0;CC BY-NC 4.0
19294;2101;16.45;43.167;20;37;1950100;Olea;Olea europaea;;69;2009;145;2009-05-25;0;CC BY-NC 4.0
6871;201;13.6167;45.4833;2;5;1950100;Olea;Olea europaea;;60;2009;146;2009-05-26;0;CC BY-NC 4.0
19298;2101;14.7687;44.7556;26;18;1950100;Olea;Olea europaea;;65;2009;147;2009-05-27;0;CC BY-NC 4.0
6871;201;13.6167;45.4833;2;5;1950100;Olea;Olea europaea;;65;2009;149;2009-05-29;0;CC BY-NC 4.0
19298;2101;14.7687;44.7556;26;18;1950100;Olea;Olea europaea;;69;2009;161;2009-06-10;0;CC BY-NC 4.0
19294;2101;16.45;43.167;20;37;1950100;Olea;Olea europaea;;380;2009;278;2009-10-05;0;CC BY-NC 4.0
19298;2101;14.7687;44.7556;26;18;1950100;Olea;Olea europaea;;380;2009;288;2009-10-15;0;CC BY-NC 4.0
19299;2101;17.977;42.7124;60;64;1950100;Olea;Olea europaea;;380;2009;291;2009-10-18;0;CC BY-NC 4.0
19294;2101;16.45;43.167;20;37;1950100;Olea;Olea europaea;;87;2009;300;2009-10-27;0;CC BY-NC 4.0
19298;2101;14.7687;44.7556;26;18;1950100;Olea;Olea europaea;;87;2009;303;2009-10-30;0;CC BY-NC 4.0
19299;2101;17.977;42.7124;60;64;1950100;Olea;Olea europaea;;87;2009;307;2009-11-03;0;CC BY-NC 4.0
19299;2101;17.977;42.7124;60;64;1950100;Olea;Olea europaea;;60;2010;114;2010-04-24;0;CC BY-NC 4.0
20450;2701;19.0833;42.1;6;0;1950101;Olea;Olea europaea;Olea europaea Oblica;60;2010;126;2010-05-06;0;CC BY-NC 4.0
19299;2101;17.977;42.7124;60;64;1950100;Olea;Olea europaea;;65;2010;132;2010-05-12;0;CC BY-NC 4.0
19294;2101;16.45;43.167;20;37;1950100;Olea;Olea europaea;;60;2010;134;2010-05-14;0;CC BY-NC 4.0
20450;2701;19.0833;42.1;6;0;1950101;Olea;Olea europaea;Olea europaea Oblica;65;2010;137;2010-05-17;0;CC BY-NC 4.0
19294;2101;16.45;43.167;20;37;1950100;Olea;Olea europaea;;65;2010;140;2010-05-20;0;CC BY-NC 4.0
19299;2101;17.977;42.7124;60;64;1950100;Olea;Olea europaea;;69;2010;143;2010-05-23;0;CC BY-NC 4.0
19298;2101;14.7687;44.7556;26;18;1950100;Olea;Olea europaea;;60;2010;145;2010-05-25;0;CC BY-NC 4.0
19294;2101;16.45;43.167;20;37;1950100;Olea;Olea europaea;;69;2010;147;2010-05-27;0;CC BY-NC 4.0
20450;2701;19.0833;42.1;6;0;1950101;Olea;Olea europaea;Olea europaea Oblica;69;2010;147;2010-05-27;0;CC BY-NC 4.0
19298;2101;14.7687;44.7556;26;18;1950100;Olea;Olea europaea;;65;2010;150;2010-05-30;0;CC BY-NC 4.0
6871;201;13.6167;45.4833;2;5;1950100;Olea;Olea europaea;;60;2010;151;2010-05-31;0;CC BY-NC 4.0
6871;201;13.6167;45.4833;2;5;1950100;Olea;Olea europaea;;65;2010;154;2010-06-03;0;CC BY-NC 4.0
6871;201;13.6167;45.4833;2;5;1950100;Olea;Olea europaea;;69;2010;164;2010-06-13;0;CC BY-NC 4.0
19298;2101;14.7687;44.7556;26;18;1950100;Olea;Olea europaea;;69;2010;172;2010-06-21;0;CC BY-NC 4.0
19294;2101;16.45;43.167;20;37;1950100;Olea;Olea europaea;;380;2010;278;2010-10-05;0;CC BY-NC 4.0
19298;2101;14.7687;44.7556;26;18;1950100;Olea;Olea europaea;;380;2010;297;2010-10-24;0;CC BY-NC 4.0
19299;2101;17.977;42.7124;60;64;1950100;Olea;Olea europaea;;380;2010;299;2010-10-26;0;CC BY-NC 4.0
19294;2101;16.45;43.167;20;37;1950100;Olea;Olea europaea;;87;2010;300;2010-10-27;0;CC BY-NC 4.0
19298;2101;14.7687;44.7556;26;18;1950100;Olea;Olea europaea;;87;2010;314;2010-11-10;0;CC BY-NC 4.0
19299;2101;17.977;42.7124;60;64;1950100;Olea;Olea europaea;;87;2010;321;2010-11-17;0;CC BY-NC 4.0
20450;2701;19.0833;42.1;6;0;1950101;Olea;Olea europaea;Olea europaea Oblica;100;2010;328;2010-11-24;0;CC BY-NC 4.0
19294;2101;16.45;43.167;20;37;1950100;Olea;Olea europaea;;60;2011;110;2011-04-20;0;CC BY-NC 4.0
19299;2101;17.977;42.7124;60;64;1950100;Olea;Olea europaea;;60;2011;119;2011-04-29;0;CC BY-NC 4.0
19294;2101;16.45;43.167;20;37;1950100;Olea;Olea europaea;;65;2011;130;2011-05-10;0;CC BY-NC 4.0
19299;2101;17.977;42.7124;60;64;1950100;Olea;Olea europaea;;65;2011;136;2011-05-16;0;CC BY-NC 4.0
19298;2101;14.7687;44.7556;26;18;1950100;Olea;Olea europaea;;60;2011;138;2011-05-18;0;CC BY-NC 4.0
19294;2101;16.45;43.167;20;37;1950100;Olea;Olea europaea;;69;2011;145;2011-05-25;0;CC BY-NC 4.0
19298;2101;14.7687;44.7556;26;18;1950100;Olea;Olea europaea;;65;2011;146;2011-05-26;0;CC BY-NC 4.0
19299;2101;17.977;42.7124;60;64;1950100;Olea;Olea europaea;;69;2011;146;2011-05-26;0;CC BY-NC 4.0
6871;201;13.6167;45.4833;2;5;1950100;Olea;Olea europaea;;60;2011;147;2011-05-27;0;CC BY-NC 4.0
6871;201;13.6167;45.4833;2;5;1950100;Olea;Olea europaea;;65;2011;151;2011-05-31;0;CC BY-NC 4.0
6871;201;13.6167;45.4833;2;5;1950100;Olea;Olea europaea;;69;2011;160;2011-06-09;0;CC BY-NC 4.0
19298;2101;14.7687;44.7556;26;18;1950100;Olea;Olea europaea;;69;2011;169;2011-06-18;0;CC BY-NC 4.0
19299;2101;17.977;42.7124;60;64;1950100;Olea;Olea europaea;;380;2011;276;2011-10-03;0;CC BY-NC 4.0
19294;2101;16.45;43.167;20;37;1950100;Olea;Olea europaea;;380;2011;283;2011-10-10;0;CC BY-NC 4.0
19298;2101;14.7687;44.7556;26;18;1950100;Olea;Olea europaea;;380;2011;293;2011-10-20;0;CC BY-NC 4.0
19294;2101;16.45;43.167;20;37;1950100;Olea;Olea europaea;;87;2011;305;2011-11-01;0;CC BY-NC 4.0
19298;2101;14.7687;44.7556;26;18;1950100;Olea;Olea europaea;;87;2011;305;2011-11-01;0;CC BY-NC 4.0
19299;2101;17.977;42.7124;60;64;1950100;Olea;Olea europaea;;87;2011;309;2011-11-05;0;CC BY-NC 4.0
19299;2101;17.977;42.7124;60;64;1950100;Olea;Olea europaea;;60;2012;137;2012-05-16;0;CC BY-NC 4.0
19298;2101;14.7687;44.7556;26;18;1950100;Olea;Olea europaea;;60;2012;140;2012-05-19;0;CC BY-NC 4.0
19294;2101;16.45;43.167;20;37;1950100;Olea;Olea europaea;;60;2012;141;2012-05-20;0;CC BY-NC 4.0
19299;2101;17.977;42.7124;60;64;1950100;Olea;Olea europaea;;65;2012;144;2012-05-23;0;CC BY-NC 4.0
19294;2101;16.45;43.167;20;37;1950100;Olea;Olea europaea;;65;2012;146;2012-05-25;0;CC BY-NC 4.0
19298;2101;14.7687;44.7556;26;18;1950100;Olea;Olea europaea;;65;2012;146;2012-05-25;0;CC BY-NC 4.0
6871;201;13.6167;45.4833;2;5;1950100;Olea;Olea europaea;;60;2012;149;2012-05-28;0;CC BY-NC 4.0
19299;2101;17.977;42.7124;60;64;1950100;Olea;Olea europaea;;69;2012;150;2012-05-29;0;CC BY-NC 4.0
6871;201;13.6167;45.4833;2;5;1950100;Olea;Olea europaea;;65;2012;154;2012-06-02;0;CC BY-NC 4.0
19294;2101;16.45;43.167;20;37;1950100;Olea;Olea europaea;;69;2012;162;2012-06-10;0;CC BY-NC 4.0
6871;201;13.6167;45.4833;2;5;1950100;Olea;Olea europaea;;69;2012;166;2012-06-14;0;CC BY-NC 4.0
19298;2101;14.7687;44.7556;26;18;1950100;Olea;Olea europaea;;69;2012;170;2012-06-18;0;CC BY-NC 4.0
19294;2101;16.45;43.167;20;37;1950100;Olea;Olea europaea;;380;2012;275;2012-10-01;0;CC BY-NC 4.0
19298;2101;14.7687;44.7556;26;18;1950100;Olea;Olea europaea;;380;2012;294;2012-10-20;0;CC BY-NC 4.0
19294;2101;16.45;43.167;20;37;1950100;Olea;Olea europaea;;87;2012;306;2012-11-01;0;CC BY-NC 4.0
19298;2101;14.7687;44.7556;26;18;1950100;Olea;Olea europaea;;87;2012;306;2012-11-01;0;CC BY-NC 4.0
19299;2101;17.977;42.7124;60;64;1950100;Olea;Olea europaea;;380;2012;320;2012-11-15;0;CC BY-NC 4.0
19299;2101;17.977;42.7124;60;64;1950100;Olea;Olea europaea;;87;2012;355;2012-12-20;0;CC BY-NC 4.0
20398;1401;0.96555;41.0836;87;86;1950100;Olea;Olea europaea;;60;2013;122;2013-05-02;0;CC BY-NC 4.0
20399;1401;1.013;41.1268;132;139;1950100;Olea;Olea europaea;;65;2013;122;2013-05-02;0;CC BY-NC 4.0
31732;1401;1.01252;41.1256;140;138;1950100;Olea;Olea europaea;;65;2013;123;2013-05-03;0;CC BY-NC 4.0
20409;1401;2.24538;41.4623;58;46;1950100;Olea;Olea europaea;;60;2013;126;2013-05-06;0;CC BY-NC 4.0
20407;1401;2.04738;41.3831;25;32;1950100;Olea;Olea europaea;;60;2013;127;2013-05-07;0;CC BY-NC 4.0
31785;1401;2.04484;41.3839;30;28;1950100;Olea;Olea europaea;;60;2013;127;2013-05-07;0;CC BY-NC 4.0
19299;2101;17.977;42.7124;60;64;1950100;Olea;Olea europaea;;60;2013;128;2013-05-08;0;CC BY-NC 4.0
20401;1401;3.04744;42.0662;14;14;1950100;Olea;Olea europaea;;60;2013;128;2013-05-08;0;CC BY-NC 4.0
31813;1401;3.04664;42.0604;21;16;1950100;Olea;Olea europaea;;60;2013;128;2013-05-08;0;CC BY-NC 4.0
19294;2101;16.45;43.167;20;37;1950100;Olea;Olea europaea;;60;2013;130;2013-05-10;0;CC BY-NC 4.0
20409;1401;2.24538;41.4623;58;46;1950100;Olea;Olea europaea;;65;2013;130;2013-05-10;0;CC BY-NC 4.0
19294;2101;16.45;43.167;20;37;1950100;Olea;Olea europaea;;65;2013;135;2013-05-15;0;CC BY-NC 4.0
20386;1401;3.14494;42.3091;73;80;1950100;Olea;Olea europaea;;60;2013;135;2013-05-15;0;CC BY-NC 4.0
20401;1401;3.04744;42.0662;14;14;1950100;Olea;Olea europaea;;65;2013;137;2013-05-17;0;CC BY-NC 4.0
20431;1401;0.74263;41.084;229;198;1950100;Olea;Olea europaea;;65;2013;137;2013-05-17;0;CC BY-NC 4.0
20436;1401;1.521;41.9969;664;663;1950100;Olea;Olea europaea;;60;2013;137;2013-05-17;0;CC BY-NC 4.0
31813;1401;3.04664;42.0604;21;16;1950100;Olea;Olea europaea;;65;2013;137;2013-05-17;0;CC BY-NC 4.0
19299;2101;17.977;42.7124;60;64;1950100;Olea;Olea europaea;;65;2013;138;2013-05-18;0;CC BY-NC 4.0
31715;1401;0.741339;41.0827;227;217;1950100;Olea;Olea europaea;;65;2013;138;2013-05-18;0;CC BY-NC 4.0
20411;1401;1.60442;41.2682;166;172;1950100;Olea;Olea europaea;;60;2013;140;2013-05-20;0;CC BY-NC 4.0
19298;2101;14.7687;44.7556;26;18;1950100;Olea;Olea europaea;;60;2013;141;2013-05-21;0;CC BY-NC 4.0
31721;1401;1.59432;41.2654;135;127;1950100;Olea;Olea europaea;;60;2013;141;2013-05-21;0;CC BY-NC 4.0
20406;1401;1.89791;41.5526;164;164;1950100;Olea;Olea europaea;;60;2013;142;2013-05-22;0;CC BY-NC 4.0
31744;1401;1.89383;41.5565;193;182;1950100;Olea;Olea europaea;;60;2013;142;2013-05-22;0;CC BY-NC 4.0
20392;1401;1.84471;41.3519;332;315;1950100;Olea;Olea europaea;;60;2013;143;2013-05-23;0;CC BY-NC 4.0
31743;1401;1.85123;41.3515;275;268;1950100;Olea;Olea europaea;;60;2013;143;2013-05-23;0;CC BY-NC 4.0
20386;1401;3.14494;42.3091;73;80;1950100;Olea;Olea europaea;;65;2013;144;2013-05-24;0;CC BY-NC 4.0
20408;1401;2.12488;41.418;410;382;1950100;Olea;Olea europaea;;60;2013;144;2013-05-24;0;CC BY-NC 4.0
19294;2101;16.45;43.167;20;37;1950100;Olea;Olea europaea;;69;2013;145;2013-05-25;0;CC BY-NC 4.0
19299;2101;17.977;42.7124;60;64;1950100;Olea;Olea europaea;;69;2013;145;2013-05-25;0;CC BY-NC 4.0
31660;1401;2.12374;41.4187;410;404;1950100;Olea;Olea europaea;;60;2013;145;2013-05-25;0;CC BY-NC 4.0
20411;1401;1.60442;41.2682;166;172;1950100;Olea;Olea europaea;;65;2013;146;2013-05-26;0;CC BY-NC 4.0
20430;1401;0.66664;41.2876;343;346;1950100;Olea;Olea europaea;;60;2013;147;2013-05-27;0;CC BY-NC 4.0
31709;1401;0.65333;41.2898;342;337;1950100;Olea;Olea europaea;;60;2013;147;2013-05-27;0;CC BY-NC 4.0
31721;1401;1.59432;41.2654;135;127;1950100;Olea;Olea europaea;;65;2013;147;2013-05-27;0;CC BY-NC 4.0
19298;2101;14.7687;44.7556;26;18;1950100;Olea;Olea europaea;;65;2013;149;2013-05-29;0;CC BY-NC 4.0
31744;1401;1.89383;41.5565;193;182;1950100;Olea;Olea europaea;;65;2013;149;2013-05-29;0;CC BY-NC 4.0
20407;1401;2.04738;41.3831;25;32;1950100;Olea;Olea europaea;;65;2013;151;2013-05-31;0;CC BY-NC 4.0
20408;1401;2.12488;41.418;410;382;1950100;Olea;Olea europaea;;65;2013;152;2013-06-01;0;CC BY-NC 4.0
20428;1401;0.85732;41.1894;316;308;1950100;Olea;Olea europaea;;60;2013;152;2013-06-01;0;CC BY-NC 4.0
31660;1401;2.12374;41.4187;410;404;1950100;Olea;Olea europaea;;65;2013;152;2013-06-01;0;CC BY-NC 4.0
31785;1401;2.04484;41.3839;30;28;1950100;Olea;Olea europaea;;65;2013;152;2013-06-01;0;CC BY-NC 4.0
6871;201;13.6167;45.4833;2;5;1950100;Olea;Olea europaea;;60;2013;153;2013-06-02;0;CC BY-NC 4.0
20412;1401;0.82721;41.5478;262;253;1950100;Olea;Olea europaea;;65;2013;153;2013-06-02;0;CC BY-NC 4.0
31695;1401;0.82628;41.5467;257;251;1950100;Olea;Olea europaea;;65;2013;153;2013-06-02;0;CC BY-NC 4.0
31759;1401;0.875564;41.1788;434;421;1950100;Olea;Olea europaea;;60;2013;153;2013-06-02;0;CC BY-NC 4.0
6871;201;13.6167;45.4833;2;5;1950100;Olea;Olea europaea;;65;2013;156;2013-06-05;0;CC BY-NC 4.0
20446;1401;2.16516;41.6897;480;494;1950100;Olea;Olea europaea;;60;2013;158;2013-06-07;0;CC BY-NC 4.0
31775;1401;2.16366;41.6825;422;438;1950100;Olea;Olea europaea;;60;2013;158;2013-06-07;0;CC BY-NC 4.0
20428;1401;0.85732;41.1894;316;308;1950100;Olea;Olea europaea;;65;2013;161;2013-06-10;0;CC BY-NC 4.0
31759;1401;0.875564;41.1788;434;421;1950100;Olea;Olea europaea;;65;2013;161;2013-06-10;0;CC BY-NC 4.0
20446;1401;2.16516;41.6897;480;494;1950100;Olea;Olea europaea;;65;2013;163;2013-06-12;0;CC BY-NC 4.0
20427;1401;0.99138;42.2262;648;645;1950100;Olea;Olea europaea;;60;2013;164;2013-06-13;0;CC BY-NC 4.0
31791;1401;0.990382;42.2256;649;643;1950100;Olea;Olea europaea;;60;2013;165;2013-06-14;0;CC BY-NC 4.0
20427;1401;0.99138;42.2262;648;645;1950100;Olea;Olea europaea;;65;2013;166;2013-06-15;0;CC BY-NC 4.0
20440;1401;1.14726;41.5084;637;615;1950100;Olea;Olea europaea;;60;2013;166;2013-06-15;0;CC BY-NC 4.0
31775;1401;2.16366;41.6825;422;438;1950100;Olea;Olea europaea;;65;2013;166;2013-06-15;0;CC BY-NC 4.0
31791;1401;0.990382;42.2256;649;643;1950100;Olea;Olea europaea;;65;2013;167;2013-06-16;0;CC BY-NC 4.0
31809;1401;1.14836;41.5068;646;637;1950100;Olea;Olea europaea;;60;2013;167;2013-06-16;0;CC BY-NC 4.0
31802;1401;1.49939;41.9787;756;750;1950100;Olea;Olea europaea;;60;2013;168;2013-06-17;0;CC BY-NC 4.0
6871;201;13.6167;45.4833;2;5;1950100;Olea;Olea europaea;;69;2013;169;2013-06-18;0;CC BY-NC 4.0
19298;2101;14.7687;44.7556;26;18;1950100;Olea;Olea europaea;;69;2013;171;2013-06-20;0;CC BY-NC 4.0
20395;1401;2.09657;41.8144;740;741;1950100;Olea;Olea europaea;;60;2013;174;2013-06-23;0;CC BY-NC 4.0
20436;1401;1.521;41.9969;664;663;1950100;Olea;Olea europaea;;65;2013;174;2013-06-23;0;CC BY-NC 4.0
31731;1401;2.10072;41.8106;698;691;1950100;Olea;Olea europaea;;60;2013;174;2013-06-23;0;CC BY-NC 4.0
31802;1401;1.49939;41.9787;756;750;1950100;Olea;Olea europaea;;65;2013;175;2013-06-24;0;CC BY-NC 4.0
31809;1401;1.14836;41.5068;646;637;1950100;Olea;Olea europaea;;65;2013;175;2013-06-24;0;CC BY-NC 4.0
20389;1401;1.42535;41.7184;746;731;1950100;Olea;Olea europaea;;60;2013;180;2013-06-29;0;CC BY-NC 4.0
20395;1401;2.09657;41.8144;740;741;1950100;Olea;Olea europaea;;65;2013;180;2013-06-29;0;CC BY-NC 4.0
31766;1401;1.4241;41.7175;747;740;1950100;Olea;Olea europaea;;60;2013;181;2013-06-30;0;CC BY-NC 4.0
20401;1401;3.04744;42.0662;14;14;1950100;Olea;Olea europaea;;80;2013;182;2013-07-01;0;CC BY-NC 4.0
20407;1401;2.04738;41.3831;25;32;1950100;Olea;Olea europaea;;80;2013;182;2013-07-01;0;CC BY-NC 4.0
31731;1401;2.10072;41.8106;698;691;1950100;Olea;Olea europaea;;65;2013;183;2013-07-02;0;CC BY-NC 4.0
31785;1401;2.04484;41.3839;30;28;1950100;Olea;Olea europaea;;81;2013;183;2013-07-02;0;CC BY-NC 4.0
31813;1401;3.04664;42.0604;21;16;1950100;Olea;Olea europaea;;81;2013;183;2013-07-02;0;CC BY-NC 4.0
20401;1401;3.04744;42.0662;14;14;1950100;Olea;Olea europaea;;85;2013;229;2013-08-17;0;CC BY-NC 4.0
31813;1401;3.04664;42.0604;21;16;1950100;Olea;Olea europaea;;85;2013;230;2013-08-18;0;CC BY-NC 4.0
20407;1401;2.04738;41.3831;25;32;1950100;Olea;Olea europaea;;85;2013;240;2013-08-28;0;CC BY-NC 4.0
31785;1401;2.04484;41.3839;30;28;1950100;Olea;Olea europaea;;85;2013;241;2013-08-29;0;CC BY-NC 4.0
20409;1401;2.24538;41.4623;58;46;1950100;Olea;Olea europaea;;80;2013;264;2013-09-21;0;CC BY-NC 4.0
20392;1401;1.84471;41.3519;332;315;1950100;Olea;Olea europaea;;80;2013;272;2013-09-29;0;CC BY-NC 4.0
31743;1401;1.85123;41.3515;275;268;1950100;Olea;Olea europaea;;81;2013;272;2013-09-29;0;CC BY-NC 4.0
19298;2101;14.7687;44.7556;26;18;1950100;Olea;Olea europaea;;380;2013;274;2013-10-01;0;CC BY-NC 4.0
20406;1401;1.89791;41.5526;164;164;1950100;Olea;Olea europaea;;80;2013;275;2013-10-02;0;CC BY-NC 4.0
31744;1401;1.89383;41.5565;193;182;1950100;Olea;Olea europaea;;81;2013;275;2013-10-02;0;CC BY-NC 4.0
20411;1401;1.60442;41.2682;166;172;1950100;Olea;Olea europaea;;80;2013;276;2013-10-03;0;CC BY-NC 4.0
20428;1401;0.85732;41.1894;316;308;1950100;Olea;Olea europaea;;80;2013;276;2013-10-03;0;CC BY-NC 4.0
31721;1401;1.59432;41.2654;135;127;1950100;Olea;Olea europaea;;81;2013;276;2013-10-03;0;CC BY-NC 4.0
31759;1401;0.875564;41.1788;434;421;1950100;Olea;Olea europaea;;81;2013;276;2013-10-03;0;CC BY-NC 4.0
20398;1401;0.96555;41.0836;87;86;1950100;Olea;Olea europaea;;80;2013;282;2013-10-09;0;CC BY-NC 4.0
19294;2101;16.45;43.167;20;37;1950100;Olea;Olea europaea;;380;2013;283;2013-10-10;0;CC BY-NC 4.0
20409;1401;2.24538;41.4623;58;46;1950100;Olea;Olea europaea;;85;2013;283;2013-10-10;0;CC BY-NC 4.0
20386;1401;3.14494;42.3091;73;80;1950100;Olea;Olea europaea;;80;2013;286;2013-10-13;0;CC BY-NC 4.0
20440;1401;1.14726;41.5084;637;615;1950100;Olea;Olea europaea;;80;2013;286;2013-10-13;0;CC BY-NC 4.0
20576;1401;0.9755;41.1707;356;328;1950100;Olea;Olea europaea;;80;2013;286;2013-10-13;0;CC BY-NC 4.0
31809;1401;1.14836;41.5068;646;637;1950100;Olea;Olea europaea;;81;2013;286;2013-10-13;0;CC BY-NC 4.0
19299;2101;17.977;42.7124;60;64;1950100;Olea;Olea europaea;;380;2013;288;2013-10-15;0;CC BY-NC 4.0
20408;1401;2.12488;41.418;410;382;1950100;Olea;Olea europaea;;80;2013;288;2013-10-15;0;CC BY-NC 4.0
31660;1401;2.12374;41.4187;410;404;1950100;Olea;Olea europaea;;81;2013;288;2013-10-15;0;CC BY-NC 4.0
20436;1401;1.521;41.9969;664;663;1950100;Olea;Olea europaea;;80;2013;290;2013-10-17;0;CC BY-NC 4.0
20430;1401;0.66664;41.2876;343;346;1950100;Olea;Olea europaea;;80;2013;291;2013-10-18;0;CC BY-NC 4.0
31709;1401;0.65333;41.2898;342;337;1950100;Olea;Olea europaea;;81;2013;291;2013-10-18;0;CC BY-NC 4.0
31802;1401;1.49939;41.9787;756;750;1950100;Olea;Olea europaea;;81;2013;291;2013-10-18;0;CC BY-NC 4.0
20392;1401;1.84471;41.3519;332;315;1950100;Olea;Olea europaea;;85;2013;293;2013-10-20;0;CC BY-NC 4.0
20427;1401;0.99138;42.2262;648;645;1950100;Olea;Olea europaea;;80;2013;294;2013-10-21;0;CC BY-NC 4.0
31743;1401;1.85123;41.3515;275;268;1950100;Olea;Olea europaea;;85;2013;294;2013-10-21;0;CC BY-NC 4.0
31775;1401;2.16366;41.6825;422;438;1950100;Olea;Olea europaea;;81;2013;294;2013-10-21;0;CC BY-NC 4.0
31791;1401;0.990382;42.2256;649;643;1950100;Olea;Olea europaea;;81;2013;295;2013-10-22;0;CC BY-NC 4.0
20406;1401;1.89791;41.5526;164;164;1950100;Olea;Olea europaea;;85;2013;296;2013-10-23;0;CC BY-NC 4.0
20408;1401;2.12488;41.418;410;382;1950100;Olea;Olea europaea;;85;2013;296;2013-10-23;0;CC BY-NC 4.0
20446;1401;2.16516;41.6897;480;494;1950100;Olea;Olea europaea;;85;2013;296;2013-10-23;0;CC BY-NC 4.0
31660;1401;2.12374;41.4187;410;404;1950100;Olea;Olea europaea;;85;2013;296;2013-10-23;0;CC BY-NC 4.0
31744;1401;1.89383;41.5565;193;182;1950100;Olea;Olea europaea;;85;2013;296;2013-10-23;0;CC BY-NC 4.0
20428;1401;0.85732;41.1894;316;308;1950100;Olea;Olea europaea;;85;2013;297;2013-10-24;0;CC BY-NC 4.0
31759;1401;0.875564;41.1788;434;421;1950100;Olea;Olea europaea;;85;2013;297;2013-10-24;0;CC BY-NC 4.0
20436;1401;1.521;41.9969;664;663;1950100;Olea;Olea europaea;;85;2013;300;2013-10-27;0;CC BY-NC 4.0
20576;1401;0.9755;41.1707;356;328;1950100;Olea;Olea europaea;;85;2013;300;2013-10-27;0;CC BY-NC 4.0
31802;1401;1.49939;41.9787;756;750;1950100;Olea;Olea europaea;;85;2013;301;2013-10-28;0;CC BY-NC 4.0
20398;1401;0.96555;41.0836;87;86;1950100;Olea;Olea europaea;;85;2013;302;2013-10-29;0;CC BY-NC 4.0
20440;1401;1.14726;41.5084;637;615;1950100;Olea;Olea europaea;;85;2013;303;2013-10-30;0;CC BY-NC 4.0
20386;1401;3.14494;42.3091;73;80;1950100;Olea;Olea europaea;;85;2013;304;2013-10-31;0;CC BY-NC 4.0
31809;1401;1.14836;41.5068;646;637;1950100;Olea;Olea europaea;;85;2013;304;2013-10-31;0;CC BY-NC 4.0
19298;2101;14.7687;44.7556;26;18;1950100;Olea;Olea europaea;;87;2013;305;2013-11-01;0;CC BY-NC 4.0
31775;1401;2.16366;41.6825;422;438;1950100;Olea;Olea europaea;;85;2013;305;2013-11-01;0;CC BY-NC 4.0
20411;1401;1.60442;41.2682;166;172;1950100;Olea;Olea europaea;;85;2013;310;2013-11-06;0;CC BY-NC 4.0
31721;1401;1.59432;41.2654;135;127;1950100;Olea;Olea europaea;;85;2013;311;2013-11-07;0;CC BY-NC 4.0
20435;1401;0.47654;41.7133;305;301;1950100;Olea;Olea europaea;;80;2013;312;2013-11-08;0;CC BY-NC 4.0
31642;1401;0.47445;41.7116;305;301;1950100;Olea;Olea europaea;;81;2013;312;2013-11-08;0;CC BY-NC 4.0
19294;2101;16.45;43.167;20;37;1950100;Olea;Olea europaea;;87;2013;314;2013-11-10;0;CC BY-NC 4.0
20427;1401;0.99138;42.2262;648;645;1950100;Olea;Olea europaea;;85;2013;315;2013-11-11;0;CC BY-NC 4.0
31791;1401;0.990382;42.2256;649;643;1950100;Olea;Olea europaea;;85;2013;315;2013-11-11;0;CC BY-NC 4.0
19299;2101;17.977;42.7124;60;64;1950100;Olea;Olea europaea;;87;2013;319;2013-11-15;0;CC BY-NC 4.0
20435;1401;0.47654;41.7133;305;301;1950100;Olea;Olea europaea;;85;2013;319;2013-11-15;0;CC BY-NC 4.0
31642;1401;0.47445;41.7116;305;301;1950100;Olea;Olea europaea;;85;2013;319;2013-11-15;0;CC BY-NC 4.0
20395;1401;2.09657;41.8144;740;741;1950100;Olea;Olea europaea;;80;2013;324;2013-11-20;0;CC BY-NC 4.0
31731;1401;2.10072;41.8106;698;691;1950100;Olea;Olea europaea;;81;2013;325;2013-11-21;0;CC BY-NC 4.0
20395;1401;2.09657;41.8144;740;741;1950100;Olea;Olea europaea;;85;2013;335;2013-12-01;0;CC BY-NC 4.0
20430;1401;0.66664;41.2876;343;346;1950100;Olea;Olea europaea;;85;2013;335;2013-12-01;0;CC BY-NC 4.0
31709;1401;0.65333;41.2898;342;337;1950100;Olea;Olea europaea;;85;2013;335;2013-12-01;0;CC BY-NC 4.0
31731;1401;2.10072;41.8106;698;691;1950100;Olea;Olea europaea;;85;2013;335;2013-12-01;0;CC BY-NC 4.0
20401;1401;3.04744;42.0662;14;14;1950100;Olea;Olea europaea;;60;2014;92;2014-04-02;0;CC BY-NC 4.0
31813;1401;3.04664;42.0604;21;16;1950100;Olea;Olea europaea;;60;2014;92;2014-04-02;0;CC BY-NC 4.0
20450;2701;19.0833;42.1;6;0;1950100;Olea;Olea europaea;;60;2014;94;2014-04-04;0;CC BY-NC 4.0
20450;2701;19.0833;42.1;6;0;1950100;Olea;Olea europaea;;65;2014;100;2014-04-10;0;CC BY-NC 4.0
20450;2701;19.0833;42.1;6;0;1950100;Olea;Olea europaea;;69;2014;105;2014-04-15;0;CC BY-NC 4.0
20407;1401;2.04738;41.3831;25;32;1950100;Olea;Olea europaea;;60;2014;113;2014-04-23;0;CC BY-NC 4.0
20425;1401;0.49748;40.5326;234;20;1950100;Olea;Olea europaea;;60;2014;114;2014-04-24;0;CC BY-NC 4.0
31639;1401;0.482067;40.5429;57;65;1950100;Olea;Olea europaea;;60;2014;114;2014-04-24;0;CC BY-NC 4.0
31785;1401;2.04484;41.3839;30;28;1950100;Olea;Olea europaea;;60;2014;114;2014-04-24;0;CC BY-NC 4.0
19299;2101;17.977;42.7124;60;64;1950100;Olea;Olea europaea;;60;2014;115;2014-04-25;0;CC BY-NC 4.0
20406;1401;1.89791;41.5526;164;164;1950100;Olea;Olea europaea;;60;2014;119;2014-04-29;0;CC BY-NC 4.0
31744;1401;1.89383;41.5565;193;182;1950100;Olea;Olea europaea;;60;2014;119;2014-04-29;0;CC BY-NC 4.0
20425;1401;0.49748;40.5326;234;20;1950100;Olea;Olea europaea;;65;2014;120;2014-04-30;0;CC BY-NC 4.0
31639;1401;0.482067;40.5429;57;65;1950100;Olea;Olea europaea;;65;2014;120;2014-04-30;0;CC BY-NC 4.0
20399;1401;1.013;41.1268;132;139;1950100;Olea;Olea europaea;;65;2014;126;2014-05-06;0;CC BY-NC 4.0
31732;1401;1.01252;41.1256;140;138;1950100;Olea;Olea europaea;;65;2014;126;2014-05-06;0;CC BY-NC 4.0
20406;1401;1.89791;41.5526;164;164;1950100;Olea;Olea europaea;;65;2014;127;2014-05-07;0;CC BY-NC 4.0
31744;1401;1.89383;41.5565;193;182;1950100;Olea;Olea europaea;;65;2014;127;2014-05-07;0;CC BY-NC 4.0
20411;1401;1.60442;41.2682;166;172;1950100;Olea;Olea europaea;;60;2014;128;2014-05-08;0;CC BY-NC 4.0
20392;1401;1.84471;41.3519;332;315;1950100;Olea;Olea europaea;;60;2014;129;2014-05-09;0;CC BY-NC 4.0
31721;1401;1.59432;41.2654;135;127;1950100;Olea;Olea europaea;;60;2014;129;2014-05-09;0;CC BY-NC 4.0
20431;1401;0.74263;41.084;229;198;1950100;Olea;Olea europaea;;65;2014;130;2014-05-10;0;CC BY-NC 4.0
31715;1401;0.741339;41.0827;227;217;1950100;Olea;Olea europaea;;65;2014;130;2014-05-10;0;CC BY-NC 4.0
31743;1401;1.85123;41.3515;275;268;1950100;Olea;Olea europaea;;60;2014;130;2014-05-10;0;CC BY-NC 4.0
19299;2101;17.977;42.7124;60;64;1950100;Olea;Olea europaea;;65;2014;134;2014-05-14;0;CC BY-NC 4.0
20401;1401;3.04744;42.0662;14;14;1950100;Olea;Olea europaea;;65;2014;134;2014-05-14;0;CC BY-NC 4.0
31813;1401;3.04664;42.0604;21;16;1950100;Olea;Olea europaea;;65;2014;134;2014-05-14;0;CC BY-NC 4.0
6871;201;13.6167;45.4833;2;5;1950100;Olea;Olea europaea;;60;2014;135;2014-05-15;0;CC BY-NC 4.0
19298;2101;14.7687;44.7556;26;18;1950100;Olea;Olea europaea;;60;2014;135;2014-05-15;0;CC BY-NC 4.0
20392;1401;1.84471;41.3519;332;315;1950100;Olea;Olea europaea;;65;2014;135;2014-05-15;0;CC BY-NC 4.0
20411;1401;1.60442;41.2682;166;172;1950100;Olea;Olea europaea;;65;2014;135;2014-05-15;0;CC BY-NC 4.0
20412;1401;0.82721;41.5478;262;253;1950100;Olea;Olea europaea;;60;2014;135;2014-05-15;0;CC BY-NC 4.0
20428;1401;0.85732;41.1894;316;308;1950100;Olea;Olea europaea;;60;2014;135;2014-05-15;0;CC BY-NC 4.0
20430;1401;0.66664;41.2876;343;346;1950100;Olea;Olea europaea;;60;2014;135;2014-05-15;0;CC BY-NC 4.0
31695;1401;0.82628;41.5467;257;251;1950100;Olea;Olea europaea;;60;2014;135;2014-05-15;0;CC BY-NC 4.0
31709;1401;0.65333;41.2898;342;337;1950100;Olea;Olea europaea;;60;2014;135;2014-05-15;0;CC BY-NC 4.0
31743;1401;1.85123;41.3515;275;268;1950100;Olea;Olea europaea;;65;2014;135;2014-05-15;0;CC BY-NC 4.0
31759;1401;0.875564;41.1788;434;421;1950100;Olea;Olea europaea;;60;2014;135;2014-05-15;0;CC BY-NC 4.0
31721;1401;1.59432;41.2654;135;127;1950100;Olea;Olea europaea;;65;2014;136;2014-05-16;0;CC BY-NC 4.0
20435;1401;0.47654;41.7133;305;301;1950100;Olea;Olea europaea;;60;2014;137;2014-05-17;0;CC BY-NC 4.0
20577;1401;3.07688;41.8538;16;16;1950100;Olea;Olea europaea;;60;2014;137;2014-05-17;0;CC BY-NC 4.0
31642;1401;0.47445;41.7116;305;301;1950100;Olea;Olea europaea;;60;2014;137;2014-05-17;0;CC BY-NC 4.0
31673;1401;3.07623;41.861;16;26;1950100;Olea;Olea europaea;;60;2014;137;2014-05-17;0;CC BY-NC 4.0
6871;201;13.6167;45.4833;2;5;1950100;Olea;Olea europaea;;65;2014;138;2014-05-18;0;CC BY-NC 4.0
19299;2101;17.977;42.7124;60;64;1950100;Olea;Olea europaea;;69;2014;141;2014-05-21;0;CC BY-NC 4.0
20430;1401;0.66664;41.2876;343;346;1950100;Olea;Olea europaea;;65;2014;141;2014-05-21;0;CC BY-NC 4.0
20577;1401;3.07688;41.8538;16;16;1950100;Olea;Olea europaea;;65;2014;141;2014-05-21;0;CC BY-NC 4.0
31673;1401;3.07623;41.861;16;26;1950100;Olea;Olea europaea;;65;2014;141;2014-05-21;0;CC BY-NC 4.0
31709;1401;0.65333;41.2898;342;337;1950100;Olea;Olea europaea;;65;2014;141;2014-05-21;0;CC BY-NC 4.0
19298;2101;14.7687;44.7556;26;18;1950100;Olea;Olea europaea;;65;2014;142;2014-05-22;0;CC BY-NC 4.0
20446;1401;2.16516;41.6897;480;494;1950100;Olea;Olea europaea;;60;2014;144;2014-05-24;0;CC BY-NC 4.0
31775;1401;2.16366;41.6825;422;438;1950100;Olea;Olea europaea;;60;2014;144;2014-05-24;0;CC BY-NC 4.0
20435;1401;0.47654;41.7133;305;301;1950100;Olea;Olea europaea;;65;2014;145;2014-05-25;0;CC BY-NC 4.0
31642;1401;0.47445;41.7116;305;301;1950100;Olea;Olea europaea;;65;2014;145;2014-05-25;0;CC BY-NC 4.0
19298;2101;14.7687;44.7556;26;18;1950100;Olea;Olea europaea;;69;2014;147;2014-05-27;0;CC BY-NC 4.0
20412;1401;0.82721;41.5478;262;253;1950100;Olea;Olea europaea;;65;2014;147;2014-05-27;0;CC BY-NC 4.0
31695;1401;0.82628;41.5467;257;251;1950100;Olea;Olea europaea;;65;2014;147;2014-05-27;0;CC BY-NC 4.0
20407;1401;2.04738;41.3831;25;32;1950100;Olea;Olea europaea;;65;2014;149;2014-05-29;0;CC BY-NC 4.0
31785;1401;2.04484;41.3839;30;28;1950100;Olea;Olea europaea;;65;2014;149;2014-05-29;0;CC BY-NC 4.0
20408;1401;2.12488;41.418;410;382;1950100;Olea;Olea europaea;;60;2014;150;2014-05-30;0;CC BY-NC 4.0
20428;1401;0.85732;41.1894;316;308;1950100;Olea;Olea europaea;;65;2014;150;2014-05-30;0;CC BY-NC 4.0
31759;1401;0.875564;41.1788;434;421;1950100;Olea;Olea europaea;;65;2014;150;2014-05-30;0;CC BY-NC 4.0
20427;1401;0.99138;42.2262;648;645;1950100;Olea;Olea europaea;;60;2014;151;2014-05-31;0;CC BY-NC 4.0
20446;1401;2.16516;41.6897;480;494;1950100;Olea;Olea europaea;;65;2014;151;2014-05-31;0;CC BY-NC 4.0
31660;1401;2.12374;41.4187;410;404;1950100;Olea;Olea europaea;;60;2014;151;2014-05-31;0;CC BY-NC 4.0
31775;1401;2.16366;41.6825;422;438;1950100;Olea;Olea europaea;;65;2014;151;2014-05-31;0;CC BY-NC 4.0
31791;1401;0.990382;42.2256;649;643;1950100;Olea;Olea europaea;;60;2014;152;2014-06-01;0;CC BY-NC 4.0
6871;201;13.6167;45.4833;2;5;1950100;Olea;Olea europaea;;69;2014;153;2014-06-02;0;CC BY-NC 4.0
20427;1401;0.99138;42.2262;648;645;1950100;Olea;Olea europaea;;65;2014;155;2014-06-04;0;CC BY-NC 4.0
31791;1401;0.990382;42.2256;649;643;1950100;Olea;Olea europaea;;65;2014;156;2014-06-05;0;CC BY-NC 4.0
20395;1401;2.09657;41.8144;740;741;1950100;Olea;Olea europaea;;60;2014;158;2014-06-07;0;CC BY-NC 4.0
20408;1401;2.12488;41.418;410;382;1950100;Olea;Olea europaea;;65;2014;158;2014-06-07;0;CC BY-NC 4.0
31660;1401;2.12374;41.4187;410;404;1950100;Olea;Olea europaea;;65;2014;158;2014-06-07;0;CC BY-NC 4.0
31731;1401;2.10072;41.8106;698;691;1950100;Olea;Olea europaea;;60;2014;158;2014-06-07;0;CC BY-NC 4.0
20389;1401;1.42535;41.7184;746;731;1950100;Olea;Olea europaea;;60;2014;163;2014-06-12;0;CC BY-NC 4.0
31766;1401;1.4241;41.7175;747;740;1950100;Olea;Olea europaea;;60;2014;163;2014-06-12;0;CC BY-NC 4.0
20436;1401;1.521;41.9969;664;663;1950100;Olea;Olea europaea;;60;2014;164;2014-06-13;0;CC BY-NC 4.0
31802;1401;1.49939;41.9787;756;750;1950100;Olea;Olea europaea;;60;2014;164;2014-06-13;0;CC BY-NC 4.0
20395;1401;2.09657;41.8144;740;741;1950100;Olea;Olea europaea;;65;2014;171;2014-06-20;0;CC BY-NC 4.0
20436;1401;1.521;41.9969;664;663;1950100;Olea;Olea europaea;;65;2014;171;2014-06-20;0;CC BY-NC 4.0
31731;1401;2.10072;41.8106;698;691;1950100;Olea;Olea europaea;;65;2014;171;2014-06-20;0;CC BY-NC 4.0
31802;1401;1.49939;41.9787;756;750;1950100;Olea;Olea europaea;;65;2014;171;2014-06-20;0;CC BY-NC 4.0
20401;1401;3.04744;42.0662;14;14;1950100;Olea;Olea europaea;;80;2014;183;2014-07-02;0;CC BY-NC 4.0
31813;1401;3.04664;42.0604;21;16;1950100;Olea;Olea europaea;;81;2014;183;2014-07-02;0;CC BY-NC 4.0
20407;1401;2.04738;41.3831;25;32;1950100;Olea;Olea europaea;;80;2014;216;2014-08-04;0;CC BY-NC 4.0
31785;1401;2.04484;41.3839;30;28;1950100;Olea;Olea europaea;;81;2014;217;2014-08-05;0;CC BY-NC 4.0
20407;1401;2.04738;41.3831;25;32;1950100;Olea;Olea europaea;;85;2014;240;2014-08-28;0;CC BY-NC 4.0
31785;1401;2.04484;41.3839;30;28;1950100;Olea;Olea europaea;;85;2014;240;2014-08-28;0;CC BY-NC 4.0
20427;1401;0.99138;42.2262;648;645;1950100;Olea;Olea europaea;;80;2014;255;2014-09-12;0;CC BY-NC 4.0
31791;1401;0.990382;42.2256;649;643;1950100;Olea;Olea europaea;;81;2014;255;2014-09-12;0;CC BY-NC 4.0
20392;1401;1.84471;41.3519;332;315;1950100;Olea;Olea europaea;;80;2014;260;2014-09-17;0;CC BY-NC 4.0
31743;1401;1.85123;41.3515;275;268;1950100;Olea;Olea europaea;;81;2014;261;2014-09-18;0;CC BY-NC 4.0
20401;1401;3.04744;42.0662;14;14;1950100;Olea;Olea europaea;;85;2014;267;2014-09-24;0;CC BY-NC 4.0
20406;1401;1.89791;41.5526;164;164;1950100;Olea;Olea europaea;;80;2014;267;2014-09-24;0;CC BY-NC 4.0
31744;1401;1.89383;41.5565;193;182;1950100;Olea;Olea europaea;;81;2014;267;2014-09-24;0;CC BY-NC 4.0
31813;1401;3.04664;42.0604;21;16;1950100;Olea;Olea europaea;;85;2014;267;2014-09-24;0;CC BY-NC 4.0
19298;2101;14.7687;44.7556;26;18;1950100;Olea;Olea europaea;;380;2014;269;2014-09-26;0;CC BY-NC 4.0
20428;1401;0.85732;41.1894;316;308;1950100;Olea;Olea europaea;;80;2014;273;2014-09-30;0;CC BY-NC 4.0
31759;1401;0.875564;41.1788;434;421;1950100;Olea;Olea europaea;;81;2014;273;2014-09-30;0;CC BY-NC 4.0
20436;1401;1.521;41.9969;664;663;1950100;Olea;Olea europaea;;80;2014;274;2014-10-01;0;CC BY-NC 4.0
31802;1401;1.49939;41.9787;756;750;1950100;Olea;Olea europaea;;81;2014;274;2014-10-01;0;CC BY-NC 4.0
20411;1401;1.60442;41.2682;166;172;1950100;Olea;Olea europaea;;85;2014;276;2014-10-03;0;CC BY-NC 4.0
31721;1401;1.59432;41.2654;135;127;1950100;Olea;Olea europaea;;85;2014;277;2014-10-04;0;CC BY-NC 4.0
20408;1401;2.12488;41.418;410;382;1950100;Olea;Olea europaea;;80;2014;278;2014-10-05;0;CC BY-NC 4.0
31660;1401;2.12374;41.4187;410;404;1950100;Olea;Olea europaea;;81;2014;278;2014-10-05;0;CC BY-NC 4.0
20391;1401;1.52806;41.465;633;635;1950100;Olea;Olea europaea;;80;2014;280;2014-10-07;0;CC BY-NC 4.0
20427;1401;0.99138;42.2262;648;645;1950100;Olea;Olea europaea;;85;2014;281;2014-10-08;0;CC BY-NC 4.0
31704;1401;1.52876;41.4694;633;629;1950100;Olea;Olea europaea;;81;2014;281;2014-10-08;0;CC BY-NC 4.0
31791;1401;0.990382;42.2256;649;643;1950100;Olea;Olea europaea;;85;2014;281;2014-10-08;0;CC BY-NC 4.0
20388;1401;1.53435;41.4735;600;594;1950100;Olea;Olea europaea;;80;2014;282;2014-10-09;0;CC BY-NC 4.0
20577;1401;3.07688;41.8538;16;16;1950100;Olea;Olea europaea;;80;2014;282;2014-10-09;0;CC BY-NC 4.0
31673;1401;3.07623;41.861;16;26;1950100;Olea;Olea europaea;;81;2014;282;2014-10-09;0;CC BY-NC 4.0
20446;1401;2.16516;41.6897;480;494;1950100;Olea;Olea europaea;;80;2014;283;2014-10-10;0;CC BY-NC 4.0
31706;1401;1.52599;41.4731;606;596;1950100;Olea;Olea europaea;;81;2014;283;2014-10-10;0;CC BY-NC 4.0
31775;1401;2.16366;41.6825;422;438;1950100;Olea;Olea europaea;;81;2014;283;2014-10-10;0;CC BY-NC 4.0
20392;1401;1.84471;41.3519;332;315;1950100;Olea;Olea europaea;;85;2014;287;2014-10-14;0;CC BY-NC 4.0
31743;1401;1.85123;41.3515;275;268;1950100;Olea;Olea europaea;;85;2014;288;2014-10-15;0;CC BY-NC 4.0
20436;1401;1.521;41.9969;664;663;1950100;Olea;Olea europaea;;85;2014;289;2014-10-16;0;CC BY-NC 4.0
20408;1401;2.12488;41.418;410;382;1950100;Olea;Olea europaea;;85;2014;290;2014-10-17;0;CC BY-NC 4.0
31660;1401;2.12374;41.4187;410;404;1950100;Olea;Olea europaea;;85;2014;290;2014-10-17;0;CC BY-NC 4.0
31802;1401;1.49939;41.9787;756;750;1950100;Olea;Olea europaea;;85;2014;290;2014-10-17;0;CC BY-NC 4.0
20425;1401;0.49748;40.5326;234;20;1950100;Olea;Olea europaea;;80;2014;291;2014-10-18;0;CC BY-NC 4.0
20446;1401;2.16516;41.6897;480;494;1950100;Olea;Olea europaea;;85;2014;291;2014-10-18;0;CC BY-NC 4.0
31639;1401;0.482067;40.5429;57;65;1950100;Olea;Olea europaea;;81;2014;291;2014-10-18;0;CC BY-NC 4.0
20430;1401;0.66664;41.2876;343;346;1950100;Olea;Olea europaea;;80;2014;294;2014-10-21;0;CC BY-NC 4.0
31709;1401;0.65333;41.2898;342;337;1950100;Olea;Olea europaea;;81;2014;294;2014-10-21;0;CC BY-NC 4.0
31775;1401;2.16366;41.6825;422;438;1950100;Olea;Olea europaea;;85;2014;294;2014-10-21;0;CC BY-NC 4.0
20577;1401;3.07688;41.8538;16;16;1950100;Olea;Olea europaea;;85;2014;295;2014-10-22;0;CC BY-NC 4.0
19299;2101;17.977;42.7124;60;64;1950100;Olea;Olea europaea;;380;2014;296;2014-10-23;0;CC BY-NC 4.0
31673;1401;3.07623;41.861;16;26;1950100;Olea;Olea europaea;;85;2014;296;2014-10-23;0;CC BY-NC 4.0
20428;1401;0.85732;41.1894;316;308;1950100;Olea;Olea europaea;;85;2014;297;2014-10-24;0;CC BY-NC 4.0
31759;1401;0.875564;41.1788;434;421;1950100;Olea;Olea europaea;;85;2014;297;2014-10-24;0;CC BY-NC 4.0
20406;1401;1.89791;41.5526;164;164;1950100;Olea;Olea europaea;;85;2014;302;2014-10-29;0;CC BY-NC 4.0
31744;1401;1.89383;41.5565;193;182;1950100;Olea;Olea europaea;;85;2014;302;2014-10-29;0;CC BY-NC 4.0
20425;1401;0.49748;40.5326;234;20;1950100;Olea;Olea europaea;;85;2014;305;2014-11-01;0;CC BY-NC 4.0
31639;1401;0.482067;40.5429;57;65;1950100;Olea;Olea europaea;;85;2014;305;2014-11-01;0;CC BY-NC 4.0
19298;2101;14.7687;44.7556;26;18;1950100;Olea;Olea europaea;;87;2014;306;2014-11-02;0;CC BY-NC 4.0
20388;1401;1.53435;41.4735;600;594;1950100;Olea;Olea europaea;;85;2014;310;2014-11-06;0;CC BY-NC 4.0
20391;1401;1.52806;41.465;633;635;1950100;Olea;Olea europaea;;85;2014;310;2014-11-06;0;CC BY-NC 4.0
31704;1401;1.52876;41.4694;633;629;1950100;Olea;Olea europaea;;85;2014;311;2014-11-07;0;CC BY-NC 4.0
31706;1401;1.52599;41.4731;606;596;1950100;Olea;Olea europaea;;85;2014;311;2014-11-07;0;CC BY-NC 4.0
20395;1401;2.09657;41.8144;740;741;1950100;Olea;Olea europaea;;80;2014;316;2014-11-12;0;CC BY-NC 4.0
31731;1401;2.10072;41.8106;698;691;1950100;Olea;Olea europaea;;81;2014;317;2014-11-13;0;CC BY-NC 4.0
19299;2101;17.977;42.7124;60;64;1950100;Olea;Olea europaea;;87;2014;324;2014-11-20;0;CC BY-NC 4.0
20430;1401;0.66664;41.2876;343;346;1950100;Olea;Olea europaea;;85;2014;333;2014-11-29;0;CC BY-NC 4.0
20649;1402;-3.92028;38.9892;628;632;1950100;Olea;Olea europaea;;89;2014;334;2014-11-30;0;CC BY-NC 4.0
31709;1401;0.65333;41.2898;342;337;1950100;Olea;Olea europaea;;85;2014;334;2014-11-30;0;CC BY-NC 4.0
20395;1401;2.09657;41.8144;740;741;1950100;Olea;Olea europaea;;85;2014;335;2014-12-01;0;CC BY-NC 4.0
31731;1401;2.10072;41.8106;698;691;1950100;Olea;Olea europaea;;85;2014;335;2014-12-01;0;CC BY-NC 4.0
20412;1401;0.82721;41.5478;262;253;1950100;Olea;Olea europaea;;60;2015;93;2015-04-03;0;CC BY-NC 4.0
31695;1401;0.82628;41.5467;257;251;1950100;Olea;Olea europaea;;60;2015;93;2015-04-03;0;CC BY-NC 4.0
20412;1401;0.82721;41.5478;262;253;1950100;Olea;Olea europaea;;65;2015;95;2015-04-05;0;CC BY-NC 4.0
31695;1401;0.82628;41.5467;257;251;1950100;Olea;Olea europaea;;65;2015;109;2015-04-19;0;CC BY-NC 4.0
20406;1401;1.89791;41.5526;164;164;1950100;Olea;Olea europaea;;60;2015;119;2015-04-29;0;CC BY-NC 4.0
31744;1401;1.89383;41.5565;193;182;1950100;Olea;Olea europaea;;60;2015;119;2015-04-29;0;CC BY-NC 4.0
20425;1401;0.49748;40.5326;234;20;1950100;Olea;Olea europaea;;60;2015;120;2015-04-30;0;CC BY-NC 4.0
31639;1401;0.482067;40.5429;57;65;1950100;Olea;Olea europaea;;60;2015;120;2015-04-30;0;CC BY-NC 4.0
20435;1401;0.47654;41.7133;305;301;1950100;Olea;Olea europaea;;60;2015;121;2015-05-01;0;CC BY-NC 4.0
31642;1401;0.47445;41.7116;305;301;1950100;Olea;Olea europaea;;60;2015;123;2015-05-03;0;CC BY-NC 4.0
20399;1401;1.013;41.1268;132;139;1950100;Olea;Olea europaea;;65;2015;125;2015-05-05;0;CC BY-NC 4.0
31732;1401;1.01252;41.1256;140;138;1950100;Olea;Olea europaea;;65;2015;125;2015-05-05;0;CC BY-NC 4.0
20406;1401;1.89791;41.5526;164;164;1950100;Olea;Olea europaea;;65;2015;126;2015-05-06;0;CC BY-NC 4.0
31744;1401;1.89383;41.5565;193;182;1950100;Olea;Olea europaea;;65;2015;126;2015-05-06;0;CC BY-NC 4.0
20407;1401;2.04738;41.3831;25;32;1950100;Olea;Olea europaea;;60;2015;127;2015-05-07;0;CC BY-NC 4.0
20649;1402;-3.92028;38.9892;628;632;1950100;Olea;Olea europaea;;61;2015;127;2015-05-07;0;CC BY-NC 4.0
31785;1401;2.04484;41.3839;30;28;1950100;Olea;Olea europaea;;60;2015;128;2015-05-08;0;CC BY-NC 4.0
20425;1401;0.49748;40.5326;234;20;1950100;Olea;Olea europaea;;65;2015;129;2015-05-09;0;CC BY-NC 4.0
31639;1401;0.482067;40.5429;57;65;1950100;Olea;Olea europaea;;65;2015;129;2015-05-09;0;CC BY-NC 4.0
19294;2101;16.45;43.167;20;37;1950100;Olea;Olea europaea;;60;2015;130;2015-05-10;0;CC BY-NC 4.0
19299;2101;17.977;42.7124;60;64;1950100;Olea;Olea europaea;;60;2015;130;2015-05-10;0;CC BY-NC 4.0
20392;1401;1.84471;41.3519;332;315;1950100;Olea;Olea europaea;;60;2015;131;2015-05-11;0;CC BY-NC 4.0
31743;1401;1.85123;41.3515;275;268;1950100;Olea;Olea europaea;;60;2015;132;2015-05-12;0;CC BY-NC 4.0
20411;1401;1.60442;41.2682;166;172;1950100;Olea;Olea europaea;;60;2015;133;2015-05-13;0;CC BY-NC 4.0
31721;1401;1.59432;41.2654;135;127;1950100;Olea;Olea europaea;;60;2015;133;2015-05-13;0;CC BY-NC 4.0
20649;1402;-3.92028;38.9892;628;632;1950100;Olea;Olea europaea;;63;2015;134;2015-05-14;0;CC BY-NC 4.0
19294;2101;16.45;43.167;20;37;1950100;Olea;Olea europaea;;65;2015;135;2015-05-15;0;CC BY-NC 4.0
19298;2101;14.7687;44.7556;26;18;1950100;Olea;Olea europaea;;60;2015;137;2015-05-17;0;CC BY-NC 4.0
20436;1401;1.521;41.9969;664;663;1950100;Olea;Olea europaea;;60;2015;137;2015-05-17;0;CC BY-NC 4.0
31802;1401;1.49939;41.9787;756;750;1950100;Olea;Olea europaea;;60;2015;137;2015-05-17;0;CC BY-NC 4.0
20428;1401;0.85732;41.1894;316;308;1950100;Olea;Olea europaea;;60;2015;138;2015-05-18;0;CC BY-NC 4.0
20430;1401;0.66664;41.2876;343;346;1950100;Olea;Olea europaea;;60;2015;138;2015-05-18;0;CC BY-NC 4.0
31709;1401;0.65333;41.2898;342;337;1950100;Olea;Olea europaea;;60;2015;138;2015-05-18;0;CC BY-NC 4.0
31759;1401;0.875564;41.1788;434;421;1950100;Olea;Olea europaea;;60;2015;138;2015-05-18;0;CC BY-NC 4.0
19299;2101;17.977;42.7124;60;64;1950100;Olea;Olea europaea;;65;2015;140;2015-05-20;0;CC BY-NC 4.0
20392;1401;1.84471;41.3519;332;315;1950100;Olea;Olea europaea;;65;2015;140;2015-05-20;0;CC BY-NC 4.0
20411;1401;1.60442;41.2682;166;172;1950100;Olea;Olea europaea;;65;2015;140;2015-05-20;0;CC BY-NC 4.0
31743;1401;1.85123;41.3515;275;268;1950100;Olea;Olea europaea;;65;2015;140;2015-05-20;0;CC BY-NC 4.0
20388;1401;1.53435;41.4735;600;594;1950100;Olea;Olea europaea;;60;2015;141;2015-05-21;0;CC BY-NC 4.0
20427;1401;0.99138;42.2262;648;645;1950100;Olea;Olea europaea;;60;2015;141;2015-05-21;0;CC BY-NC 4.0
20430;1401;0.66664;41.2876;343;346;1950100;Olea;Olea europaea;;65;2015;141;2015-05-21;0;CC BY-NC 4.0
20649;1402;-3.92028;38.9892;628;632;1950100;Olea;Olea europaea;;67;2015;141;2015-05-21;0;CC BY-NC 4.0
31709;1401;0.65333;41.2898;342;337;1950100;Olea;Olea europaea;;65;2015;141;2015-05-21;0;CC BY-NC 4.0
31721;1401;1.59432;41.2654;135;127;1950100;Olea;Olea europaea;;65;2015;141;2015-05-21;0;CC BY-NC 4.0
31775;1401;2.16366;41.6825;422;438;1950100;Olea;Olea europaea;;60;2015;141;2015-05-21;0;CC BY-NC 4.0
31791;1401;0.990382;42.2256;649;643;1950100;Olea;Olea europaea;;60;2015;141;2015-05-21;0;CC BY-NC 4.0
19294;2101;16.45;43.167;20;37;1950100;Olea;Olea europaea;;69;2015;142;2015-05-22;0;CC BY-NC 4.0
20407;1401;2.04738;41.3831;25;32;1950100;Olea;Olea europaea;;65;2015;142;2015-05-22;0;CC BY-NC 4.0
31706;1401;1.52599;41.4731;606;596;1950100;Olea;Olea europaea;;60;2015;142;2015-05-22;0;CC BY-NC 4.0
31785;1401;2.04484;41.3839;30;28;1950100;Olea;Olea europaea;;65;2015;142;2015-05-22;0;CC BY-NC 4.0
20577;1401;3.07688;41.8538;16;16;1950100;Olea;Olea europaea;;60;2015;143;2015-05-23;0;CC BY-NC 4.0
19298;2101;14.7687;44.7556;26;18;1950100;Olea;Olea europaea;;65;2015;144;2015-05-24;0;CC BY-NC 4.0
20391;1401;1.52806;41.465;633;635;1950100;Olea;Olea europaea;;60;2015;144;2015-05-24;0;CC BY-NC 4.0
20446;1401;2.16516;41.6897;480;494;1950100;Olea;Olea europaea;;60;2015;144;2015-05-24;0;CC BY-NC 4.0
31673;1401;3.07623;41.861;16;26;1950100;Olea;Olea europaea;;60;2015;144;2015-05-24;0;CC BY-NC 4.0
31704;1401;1.52876;41.4694;633;629;1950100;Olea;Olea europaea;;60;2015;144;2015-05-24;0;CC BY-NC 4.0
20436;1401;1.521;41.9969;664;663;1950100;Olea;Olea europaea;;65;2015;146;2015-05-26;0;CC BY-NC 4.0
31802;1401;1.49939;41.9787;756;750;1950100;Olea;Olea europaea;;65;2015;146;2015-05-26;0;CC BY-NC 4.0
6871;201;13.6167;45.4833;2;5;1950100;Olea;Olea europaea;;60;2015;147;2015-05-27;0;CC BY-NC 4.0
20427;1401;0.99138;42.2262;648;645;1950100;Olea;Olea europaea;;65;2015;147;2015-05-27;0;CC BY-NC 4.0
31791;1401;0.990382;42.2256;649;643;1950100;Olea;Olea europaea;;65;2015;147;2015-05-27;0;CC BY-NC 4.0
20446;1401;2.16516;41.6897;480;494;1950100;Olea;Olea europaea;;65;2015;148;2015-05-28;0;CC BY-NC 4.0
31775;1401;2.16366;41.6825;422;438;1950100;Olea;Olea europaea;;65;2015;148;2015-05-28;0;CC BY-NC 4.0
19299;2101;17.977;42.7124;60;64;1950100;Olea;Olea europaea;;69;2015;149;2015-05-29;0;CC BY-NC 4.0
20577;1401;3.07688;41.8538;16;16;1950100;Olea;Olea europaea;;65;2015;149;2015-05-29;0;CC BY-NC 4.0
19298;2101;14.7687;44.7556;26;18;1950100;Olea;Olea europaea;;69;2015;150;2015-05-30;0;CC BY-NC 4.0
20395;1401;2.09657;41.8144;740;741;1950100;Olea;Olea europaea;;60;2015;150;2015-05-30;0;CC BY-NC 4.0
20428;1401;0.85732;41.1894;316;308;1950100;Olea;Olea europaea;;65;2015;150;2015-05-30;0;CC BY-NC 4.0
31673;1401;3.07623;41.861;16;26;1950100;Olea;Olea europaea;;65;2015;150;2015-05-30;0;CC BY-NC 4.0
31759;1401;0.875564;41.1788;434;421;1950100;Olea;Olea europaea;;65;2015;150;2015-05-30;0;CC BY-NC 4.0
6871;201;13.6167;45.4833;2;5;1950100;Olea;Olea europaea;;65;2015;151;2015-05-31;0;CC BY-NC 4.0
20388;1401;1.53435;41.4735;600;594;1950100;Olea;Olea europaea;;65;2015;151;2015-05-31;0;CC BY-NC 4.0
31706;1401;1.52599;41.4731;606;596;1950100;Olea;Olea europaea;;65;2015;151;2015-05-31;0;CC BY-NC 4.0
31731;1401;2.10072;41.8106;698;691;1950100;Olea;Olea europaea;;60;2015;151;2015-05-31;0;CC BY-NC 4.0
20391;1401;1.52806;41.465;633;635;1950100;Olea;Olea europaea;;65;2015;153;2015-06-02;0;CC BY-NC 4.0
20401;1401;3.04744;42.0662;14;14;1950100;Olea;Olea europaea;;65;2015;154;2015-06-03;0;CC BY-NC 4.0
31704;1401;1.52876;41.4694;633;629;1950100;Olea;Olea europaea;;65;2015;154;2015-06-03;0;CC BY-NC 4.0
31813;1401;3.04664;42.0604;21;16;1950100;Olea;Olea europaea;;65;2015;154;2015-06-03;0;CC BY-NC 4.0
20652;1402;-3.15;40.6303;721;729;1950100;Olea;Olea europaea;;61;2015;156;2015-06-05;0;CC BY-NC 4.0
20389;1401;1.42535;41.7184;746;731;1950100;Olea;Olea europaea;;60;2015;157;2015-06-06;0;CC BY-NC 4.0
31766;1401;1.4241;41.7175;747;740;1950100;Olea;Olea europaea;;60;2015;157;2015-06-06;0;CC BY-NC 4.0
20395;1401;2.09657;41.8144;740;741;1950100;Olea;Olea europaea;;65;2015;158;2015-06-07;0;CC BY-NC 4.0
20408;1401;2.12488;41.418;410;382;1950100;Olea;Olea europaea;;60;2015;158;2015-06-07;0;CC BY-NC 4.0
31731;1401;2.10072;41.8106;698;691;1950100;Olea;Olea europaea;;65;2015;158;2015-06-07;0;CC BY-NC 4.0
31660;1401;2.12374;41.4187;410;404;1950100;Olea;Olea europaea;;60;2015;159;2015-06-08;0;CC BY-NC 4.0
6871;201;13.6167;45.4833;2;5;1950100;Olea;Olea europaea;;69;2015;161;2015-06-10;0;CC BY-NC 4.0
20408;1401;2.12488;41.418;410;382;1950100;Olea;Olea europaea;;65;2015;167;2015-06-16;0;CC BY-NC 4.0
31660;1401;2.12374;41.4187;410;404;1950100;Olea;Olea europaea;;65;2015;168;2015-06-17;0;CC BY-NC 4.0
31813;1401;3.04664;42.0604;21;16;1950100;Olea;Olea europaea;;81;2015;196;2015-07-15;0;CC BY-NC 4.0
31813;1401;3.04664;42.0604;21;16;1950100;Olea;Olea europaea;;85;2015;238;2015-08-26;0;CC BY-NC 4.0
20407;1401;2.04738;41.3831;25;32;1950100;Olea;Olea europaea;;80;2015;247;2015-09-04;0;CC BY-NC 4.0
31785;1401;2.04484;41.3839;30;28;1950100;Olea;Olea europaea;;81;2015;248;2015-09-05;0;CC BY-NC 4.0
20427;1401;0.99138;42.2262;648;645;1950100;Olea;Olea europaea;;80;2015;253;2015-09-10;0;CC BY-NC 4.0
31791;1401;0.990382;42.2256;649;643;1950100;Olea;Olea europaea;;81;2015;253;2015-09-10;0;CC BY-NC 4.0
20411;1401;1.60442;41.2682;166;172;1950100;Olea;Olea europaea;;80;2015;260;2015-09-17;0;CC BY-NC 4.0
31721;1401;1.59432;41.2654;135;127;1950100;Olea;Olea europaea;;81;2015;261;2015-09-18;0;CC BY-NC 4.0
20409;1401;2.24538;41.4623;58;46;1950100;Olea;Olea europaea;;80;2015;264;2015-09-21;0;CC BY-NC 4.0
20392;1401;1.84471;41.3519;332;315;1950100;Olea;Olea europaea;;80;2015;265;2015-09-22;0;CC BY-NC 4.0
20406;1401;1.89791;41.5526;164;164;1950100;Olea;Olea europaea;;80;2015;266;2015-09-23;0;CC BY-NC 4.0
31743;1401;1.85123;41.3515;275;268;1950100;Olea;Olea europaea;;81;2015;266;2015-09-23;0;CC BY-NC 4.0
31744;1401;1.89383;41.5565;193;182;1950100;Olea;Olea europaea;;81;2015;266;2015-09-23;0;CC BY-NC 4.0
20430;1401;0.66664;41.2876;343;346;1950100;Olea;Olea europaea;;80;2015;270;2015-09-27;0;CC BY-NC 4.0
20577;1401;3.07688;41.8538;16;16;1950100;Olea;Olea europaea;;85;2015;270;2015-09-27;0;CC BY-NC 4.0
31709;1401;0.65333;41.2898;342;337;1950100;Olea;Olea europaea;;81;2015;270;2015-09-27;0;CC BY-NC 4.0
20409;1401;2.24538;41.4623;58;46;1950100;Olea;Olea europaea;;85;2015;271;2015-09-28;0;CC BY-NC 4.0
31673;1401;3.07623;41.861;16;26;1950100;Olea;Olea europaea;;85;2015;271;2015-09-28;0;CC BY-NC 4.0
20408;1401;2.12488;41.418;410;382;1950100;Olea;Olea europaea;;80;2015;272;2015-09-29;0;CC BY-NC 4.0
31660;1401;2.12374;41.4187;410;404;1950100;Olea;Olea europaea;;81;2015;272;2015-09-29;0;CC BY-NC 4.0
20401;1401;3.04744;42.0662;14;14;1950100;Olea;Olea europaea;;80;2015;273;2015-09-30;0;CC BY-NC 4.0
20428;1401;0.85732;41.1894;316;308;1950100;Olea;Olea europaea;;80;2015;273;2015-09-30;0;CC BY-NC 4.0
31759;1401;0.875564;41.1788;434;421;1950100;Olea;Olea europaea;;81;2015;273;2015-09-30;0;CC BY-NC 4.0
20435;1401;0.47654;41.7133;305;301;1950100;Olea;Olea europaea;;80;2015;274;2015-10-01;0;CC BY-NC 4.0
20407;1401;2.04738;41.3831;25;32;1950100;Olea;Olea europaea;;85;2015;276;2015-10-03;0;CC BY-NC 4.0
31785;1401;2.04484;41.3839;30;28;1950100;Olea;Olea europaea;;85;2015;277;2015-10-04;0;CC BY-NC 4.0
20436;1401;1.521;41.9969;664;663;1950100;Olea;Olea europaea;;80;2015;278;2015-10-05;0;CC BY-NC 4.0
31802;1401;1.49939;41.9787;756;750;1950100;Olea;Olea europaea;;81;2015;278;2015-10-05;0;CC BY-NC 4.0
20391;1401;1.52806;41.465;633;635;1950100;Olea;Olea europaea;;80;2015;279;2015-10-06;0;CC BY-NC 4.0
20408;1401;2.12488;41.418;410;382;1950100;Olea;Olea europaea;;85;2015;280;2015-10-07;0;CC BY-NC 4.0
31704;1401;1.52876;41.4694;633;629;1950100;Olea;Olea europaea;;81;2015;280;2015-10-07;0;CC BY-NC 4.0
20388;1401;1.53435;41.4735;600;594;1950100;Olea;Olea europaea;;80;2015;281;2015-10-08;0;CC BY-NC 4.0
20392;1401;1.84471;41.3519;332;315;1950100;Olea;Olea europaea;;85;2015;281;2015-10-08;0;CC BY-NC 4.0
20401;1401;3.04744;42.0662;14;14;1950100;Olea;Olea europaea;;85;2015;281;2015-10-08;0;CC BY-NC 4.0
20427;1401;0.99138;42.2262;648;645;1950100;Olea;Olea europaea;;85;2015;281;2015-10-08;0;CC BY-NC 4.0
31660;1401;2.12374;41.4187;410;404;1950100;Olea;Olea europaea;;85;2015;281;2015-10-08;0;CC BY-NC 4.0
31791;1401;0.990382;42.2256;649;643;1950100;Olea;Olea europaea;;85;2015;281;2015-10-08;0;CC BY-NC 4.0
31706;1401;1.52599;41.4731;606;596;1950100;Olea;Olea europaea;;81;2015;282;2015-10-09;0;CC BY-NC 4.0
31743;1401;1.85123;41.3515;275;268;1950100;Olea;Olea europaea;;85;2015;282;2015-10-09;0;CC BY-NC 4.0
20446;1401;2.16516;41.6897;480;494;1950100;Olea;Olea europaea;;80;2015;284;2015-10-11;0;CC BY-NC 4.0
31775;1401;2.16366;41.6825;422;438;1950100;Olea;Olea europaea;;81;2015;284;2015-10-11;0;CC BY-NC 4.0
19299;2101;17.977;42.7124;60;64;1950100;Olea;Olea europaea;;380;2015;285;2015-10-12;0;CC BY-NC 4.0
19298;2101;14.7687;44.7556;26;18;1950100;Olea;Olea europaea;;380;2015;288;2015-10-15;0;CC BY-NC 4.0
20411;1401;1.60442;41.2682;166;172;1950100;Olea;Olea europaea;;85;2015;288;2015-10-15;0;CC BY-NC 4.0
31721;1401;1.59432;41.2654;135;127;1950100;Olea;Olea europaea;;85;2015;288;2015-10-15;0;CC BY-NC 4.0
31642;1401;0.47445;41.7116;305;301;1950100;Olea;Olea europaea;;81;2015;290;2015-10-17;0;CC BY-NC 4.0
19294;2101;16.45;43.167;20;37;1950100;Olea;Olea europaea;;380;2015;293;2015-10-20;0;CC BY-NC 4.0
20395;1401;2.09657;41.8144;740;741;1950100;Olea;Olea europaea;;80;2015;293;2015-10-20;0;CC BY-NC 4.0
31731;1401;2.10072;41.8106;698;691;1950100;Olea;Olea europaea;;81;2015;293;2015-10-20;0;CC BY-NC 4.0
20425;1401;0.49748;40.5326;234;20;1950100;Olea;Olea europaea;;80;2015;294;2015-10-21;0;CC BY-NC 4.0
20430;1401;0.66664;41.2876;343;346;1950100;Olea;Olea europaea;;85;2015;294;2015-10-21;0;CC BY-NC 4.0
31639;1401;0.482067;40.5429;57;65;1950100;Olea;Olea europaea;;81;2015;294;2015-10-21;0;CC BY-NC 4.0
31709;1401;0.65333;41.2898;342;337;1950100;Olea;Olea europaea;;85;2015;294;2015-10-21;0;CC BY-NC 4.0
20436;1401;1.521;41.9969;664;663;1950100;Olea;Olea europaea;;85;2015;299;2015-10-26;0;CC BY-NC 4.0
31802;1401;1.49939;41.9787;756;750;1950100;Olea;Olea europaea;;85;2015;299;2015-10-26;0;CC BY-NC 4.0
20391;1401;1.52806;41.465;633;635;1950100;Olea;Olea europaea;;85;2015;300;2015-10-27;0;CC BY-NC 4.0
20406;1401;1.89791;41.5526;164;164;1950100;Olea;Olea europaea;;85;2015;301;2015-10-28;0;CC BY-NC 4.0
31704;1401;1.52876;41.4694;633;629;1950100;Olea;Olea europaea;;85;2015;301;2015-10-28;0;CC BY-NC 4.0
31744;1401;1.89383;41.5565;193;182;1950100;Olea;Olea europaea;;85;2015;301;2015-10-28;0;CC BY-NC 4.0
20388;1401;1.53435;41.4735;600;594;1950100;Olea;Olea europaea;;85;2015;302;2015-10-29;0;CC BY-NC 4.0
31706;1401;1.52599;41.4731;606;596;1950100;Olea;Olea europaea;;85;2015;303;2015-10-30;0;CC BY-NC 4.0
20395;1401;2.09657;41.8144;740;741;1950100;Olea;Olea europaea;;85;2015;304;2015-10-31;0;CC BY-NC 4.0
20446;1401;2.16516;41.6897;480;494;1950100;Olea;Olea europaea;;85;2015;304;2015-10-31;0;CC BY-NC 4.0
31642;1401;0.47445;41.7116;305;301;1950100;Olea;Olea europaea;;85;2015;305;2015-11-01;0;CC BY-NC 4.0
31731;1401;2.10072;41.8106;698;691;1950100;Olea;Olea europaea;;85;2015;305;2015-11-01;0;CC BY-NC 4.0
31775;1401;2.16366;41.6825;422;438;1950100;Olea;Olea europaea;;85;2015;305;2015-11-01;0;CC BY-NC 4.0
19298;2101;14.7687;44.7556;26;18;1950100;Olea;Olea europaea;;87;2015;306;2015-11-02;0;CC BY-NC 4.0
20425;1401;0.49748;40.5326;234;20;1950100;Olea;Olea europaea;;85;2015;310;2015-11-06;0;CC BY-NC 4.0
31639;1401;0.482067;40.5429;57;65;1950100;Olea;Olea europaea;;85;2015;310;2015-11-06;0;CC BY-NC 4.0
19294;2101;16.45;43.167;20;37;1950100;Olea;Olea europaea;;87;2015;322;2015-11-18;0;CC BY-NC 4.0
19299;2101;17.977;42.7124;60;64;1950100;Olea;Olea europaea;;87;2015;322;2015-11-18;0;CC BY-NC 4.0
26632;1402;-1.86222;39.0056;676;680;1950100;Olea;Olea europaea;;89;2015;329;2015-11-25;0;CC BY-NC 4.0
20450;2701;19.0833;42.1;6;0;1950100;Olea;Olea europaea;;60;2016;101;2016-04-10;0;CC BY-NC 4.0
31721;1401;1.59432;41.2654;135;127;1950100;Olea;Olea europaea;;60;2016;102;2016-04-11;0;CC BY-NC 4.0
20450;2701;19.0833;42.1;6;0;1950100;Olea;Olea europaea;;65;2016;106;2016-04-15;0;CC BY-NC 4.0
20425;1401;0.49748;40.5326;234;20;1950100;Olea;Olea europaea;;60;2016;115;2016-04-24;0;CC BY-NC 4.0
31639;1401;0.482067;40.5429;57;65;1950100;Olea;Olea europaea;;60;2016;115;2016-04-24;0;CC BY-NC 4.0
19299;2101;17.977;42.7124;60;64;1950100;Olea;Olea europaea;;60;2016;119;2016-04-28;0;CC BY-NC 4.0
20411;1401;1.60442;41.2682;166;172;1950100;Olea;Olea europaea;;65;2016;121;2016-04-30;0;CC BY-NC 4.0
31721;1401;1.59432;41.2654;135;127;1950100;Olea;Olea europaea;;65;2016;122;2016-05-01;0;CC BY-NC 4.0
20425;1401;0.49748;40.5326;234;20;1950100;Olea;Olea europaea;;65;2016;124;2016-05-03;0;CC BY-NC 4.0
21411;1401;1.0925;41.9694;550;525;1950100;Olea;Olea europaea;;60;2016;124;2016-05-03;0;CC BY-NC 4.0
31639;1401;0.482067;40.5429;57;65;1950100;Olea;Olea europaea;;65;2016;124;2016-05-03;0;CC BY-NC 4.0
31646;1401;1.09269;41.9698;515;523;1950100;Olea;Olea europaea;;60;2016;125;2016-05-04;0;CC BY-NC 4.0
20408;1401;2.12488;41.418;410;382;1950100;Olea;Olea europaea;;60;2016;128;2016-05-07;0;CC BY-NC 4.0
20577;1401;3.07688;41.8538;16;16;1950100;Olea;Olea europaea;;60;2016;128;2016-05-07;0;CC BY-NC 4.0
31660;1401;2.12374;41.4187;410;404;1950100;Olea;Olea europaea;;60;2016;129;2016-05-08;0;CC BY-NC 4.0
31673;1401;3.07623;41.861;16;26;1950100;Olea;Olea europaea;;60;2016;129;2016-05-08;0;CC BY-NC 4.0
20407;1401;2.04738;41.3831;25;32;1950100;Olea;Olea europaea;;60;2016;130;2016-05-09;0;CC BY-NC 4.0
20392;1401;1.84471;41.3519;332;315;1950100;Olea;Olea europaea;;60;2016;131;2016-05-10;0;CC BY-NC 4.0
20399;1401;1.013;41.1268;132;139;1950100;Olea;Olea europaea;;60;2016;131;2016-05-10;0;CC BY-NC 4.0
31785;1401;2.04484;41.3839;30;28;1950100;Olea;Olea europaea;;60;2016;131;2016-05-10;0;CC BY-NC 4.0
20406;1401;1.89791;41.5526;164;164;1950100;Olea;Olea europaea;;60;2016;132;2016-05-11;0;CC BY-NC 4.0
20412;1401;0.82721;41.5478;262;253;1950100;Olea;Olea europaea;;60;2016;132;2016-05-11;0;CC BY-NC 4.0
31695;1401;0.82628;41.5467;257;251;1950100;Olea;Olea europaea;;60;2016;132;2016-05-11;0;CC BY-NC 4.0
31732;1401;1.01252;41.1256;140;138;1950100;Olea;Olea europaea;;60;2016;132;2016-05-11;0;CC BY-NC 4.0
31743;1401;1.85123;41.3515;275;268;1950100;Olea;Olea europaea;;60;2016;132;2016-05-11;0;CC BY-NC 4.0
31744;1401;1.89383;41.5565;193;182;1950100;Olea;Olea europaea;;60;2016;132;2016-05-11;0;CC BY-NC 4.0
19299;2101;17.977;42.7124;60;64;1950100;Olea;Olea europaea;;65;2016;133;2016-05-12;0;CC BY-NC 4.0
19294;2101;16.45;43.167;20;37;1950100;Olea;Olea europaea;;60;2016;134;2016-05-13;0;CC BY-NC 4.0
20431;1401;0.74263;41.084;229;198;1950100;Olea;Olea europaea;;65;2016;134;2016-05-13;0;CC BY-NC 4.0
31715;1401;0.741339;41.0827;227;217;1950100;Olea;Olea europaea;;65;2016;134;2016-05-13;0;CC BY-NC 4.0
19298;2101;14.7687;44.7556;26;18;1950100;Olea;Olea europaea;;60;2016;135;2016-05-14;0;CC BY-NC 4.0
20408;1401;2.12488;41.418;410;382;1950100;Olea;Olea europaea;;65;2016;137;2016-05-16;0;CC BY-NC 4.0
31660;1401;2.12374;41.4187;410;404;1950100;Olea;Olea europaea;;65;2016;137;2016-05-16;0;CC BY-NC 4.0
20399;1401;1.013;41.1268;132;139;1950100;Olea;Olea europaea;;65;2016;138;2016-05-17;0;CC BY-NC 4.0
20577;1401;3.07688;41.8538;16;16;1950100;Olea;Olea europaea;;65;2016;138;2016-05-17;0;CC BY-NC 4.0
19294;2101;16.45;43.167;20;37;1950100;Olea;Olea europaea;;65;2016;139;2016-05-18;0;CC BY-NC 4.0
19299;2101;17.977;42.7124;60;64;1950100;Olea;Olea europaea;;69;2016;139;2016-05-18;0;CC BY-NC 4.0
20401;1401;3.04744;42.0662;14;14;1950100;Olea;Olea europaea;;60;2016;139;2016-05-18;0;CC BY-NC 4.0
31673;1401;3.07623;41.861;16;26;1950100;Olea;Olea europaea;;65;2016;139;2016-05-18;0;CC BY-NC 4.0
31732;1401;1.01252;41.1256;140;138;1950100;Olea;Olea europaea;;65;2016;139;2016-05-18;0;CC BY-NC 4.0
31813;1401;3.04664;42.0604;21;16;1950100;Olea;Olea europaea;;60;2016;139;2016-05-18;0;CC BY-NC 4.0
20407;1401;2.04738;41.3831;25;32;1950100;Olea;Olea europaea;;65;2016;141;2016-05-20;0;CC BY-NC 4.0
19298;2101;14.7687;44.7556;26;18;1950100;Olea;Olea europaea;;65;2016;142;2016-05-21;0;CC BY-NC 4.0
20392;1401;1.84471;41.3519;332;315;1950100;Olea;Olea europaea;;65;2016;142;2016-05-21;0;CC BY-NC 4.0
20428;1401;0.85732;41.1894;316;308;1950100;Olea;Olea europaea;;60;2016;142;2016-05-21;0;CC BY-NC 4.0
20430;1401;0.66664;41.2876;343;346;1950100;Olea;Olea europaea;;60;2016;142;2016-05-21;0;CC BY-NC 4.0
31709;1401;0.65333;41.2898;342;337;1950100;Olea;Olea europaea;;60;2016;142;2016-05-21;0;CC BY-NC 4.0
31759;1401;0.875564;41.1788;434;421;1950100;Olea;Olea europaea;;60;2016;142;2016-05-21;0;CC BY-NC 4.0
31785;1401;2.04484;41.3839;30;28;1950100;Olea;Olea europaea;;65;2016;142;2016-05-21;0;CC BY-NC 4.0
31743;1401;1.85123;41.3515;275;268;1950100;Olea;Olea europaea;;65;2016;143;2016-05-22;0;CC BY-NC 4.0
6871;201;13.6167;45.4833;2;5;1950100;Olea;Olea europaea;;60;2016;144;2016-05-23;0;CC BY-NC 4.0
20412;1401;0.82721;41.5478;262;253;1950100;Olea;Olea europaea;;65;2016;145;2016-05-24;0;CC BY-NC 4.0
31695;1401;0.82628;41.5467;257;251;1950100;Olea;Olea europaea;;65;2016;145;2016-05-24;0;CC BY-NC 4.0
19294;2101;16.45;43.167;20;37;1950100;Olea;Olea europaea;;69;2016;146;2016-05-25;0;CC BY-NC 4.0
6871;201;13.6167;45.4833;2;5;1950100;Olea;Olea europaea;;65;2016;148;2016-05-27;0;CC BY-NC 4.0
20430;1401;0.66664;41.2876;343;346;1950100;Olea;Olea europaea;;65;2016;148;2016-05-27;0;CC BY-NC 4.0
31709;1401;0.65333;41.2898;342;337;1950100;Olea;Olea europaea;;65;2016;148;2016-05-27;0;CC BY-NC 4.0
19298;2101;14.7687;44.7556;26;18;1950100;Olea;Olea europaea;;69;2016;150;2016-05-29;0;CC BY-NC 4.0
20395;1401;2.09657;41.8144;740;741;1950100;Olea;Olea europaea;;60;2016;152;2016-05-31;0;CC BY-NC 4.0
31731;1401;2.10072;41.8106;698;691;1950100;Olea;Olea europaea;;60;2016;152;2016-05-31;0;CC BY-NC 4.0
20401;1401;3.04744;42.0662;14;14;1950100;Olea;Olea europaea;;65;2016;153;2016-06-01;0;CC BY-NC 4.0
20406;1401;1.89791;41.5526;164;164;1950100;Olea;Olea europaea;;65;2016;153;2016-06-01;0;CC BY-NC 4.0
20428;1401;0.85732;41.1894;316;308;1950100;Olea;Olea europaea;;65;2016;153;2016-06-01;0;CC BY-NC 4.0
20446;1401;2.16516;41.6897;480;494;1950100;Olea;Olea europaea;;60;2016;153;2016-06-01;0;CC BY-NC 4.0
31744;1401;1.89383;41.5565;193;182;1950100;Olea;Olea europaea;;65;2016;153;2016-06-01;0;CC BY-NC 4.0
31759;1401;0.875564;41.1788;434;421;1950100;Olea;Olea europaea;;65;2016;153;2016-06-01;0;CC BY-NC 4.0
31813;1401;3.04664;42.0604;21;16;1950100;Olea;Olea europaea;;65;2016;153;2016-06-01;0;CC BY-NC 4.0
20388;1401;1.53435;41.4735;600;594;1950100;Olea;Olea europaea;;60;2016;154;2016-06-02;0;CC BY-NC 4.0
26632;1402;-1.86222;39.0056;676;680;1950100;Olea;Olea europaea;;61;2016;154;2016-06-02;0;CC BY-NC 4.0
31706;1401;1.52599;41.4731;606;596;1950100;Olea;Olea europaea;;60;2016;154;2016-06-02;0;CC BY-NC 4.0
31775;1401;2.16366;41.6825;422;438;1950100;Olea;Olea europaea;;60;2016;154;2016-06-02;0;CC BY-NC 4.0
20436;1401;1.521;41.9969;664;663;1950100;Olea;Olea europaea;;60;2016;157;2016-06-05;0;CC BY-NC 4.0
31802;1401;1.49939;41.9787;756;750;1950100;Olea;Olea europaea;;60;2016;157;2016-06-05;0;CC BY-NC 4.0
6871;201;13.6167;45.4833;2;5;1950100;Olea;Olea europaea;;69;2016;158;2016-06-06;0;CC BY-NC 4.0
20388;1401;1.53435;41.4735;600;594;1950100;Olea;Olea europaea;;65;2016;158;2016-06-06;0;CC BY-NC 4.0
26632;1402;-1.86222;39.0056;676;680;1950100;Olea;Olea europaea;;63;2016;158;2016-06-06;0;CC BY-NC 4.0
31706;1401;1.52599;41.4731;606;596;1950100;Olea;Olea europaea;;65;2016;158;2016-06-06;0;CC BY-NC 4.0
20391;1401;1.52806;41.465;633;635;1950100;Olea;Olea europaea;;60;2016;159;2016-06-07;0;CC BY-NC 4.0
31704;1401;1.52876;41.4694;633;629;1950100;Olea;Olea europaea;;60;2016;159;2016-06-07;0;CC BY-NC 4.0
26632;1402;-1.86222;39.0056;676;680;1950100;Olea;Olea europaea;;65;2016;160;2016-06-08;0;CC BY-NC 4.0
21408;1401;1.68111;41.9142;507;511;1950100;Olea;Olea europaea;;60;2016;161;2016-06-09;0;CC BY-NC 4.0
31676;1401;1.67715;41.9107;536;535;1950100;Olea;Olea europaea;;60;2016;162;2016-06-10;0;CC BY-NC 4.0
20436;1401;1.521;41.9969;664;663;1950100;Olea;Olea europaea;;65;2016;163;2016-06-11;0;CC BY-NC 4.0
31802;1401;1.49939;41.9787;756;750;1950100;Olea;Olea europaea;;65;2016;163;2016-06-11;0;CC BY-NC 4.0
20389;1401;1.42535;41.7184;746;731;1950100;Olea;Olea europaea;;60;2016;164;2016-06-12;0;CC BY-NC 4.0
20446;1401;2.16516;41.6897;480;494;1950100;Olea;Olea europaea;;65;2016;164;2016-06-12;0;CC BY-NC 4.0
26632;1402;-1.86222;39.0056;676;680;1950100;Olea;Olea europaea;;67;2016;164;2016-06-12;0;CC BY-NC 4.0
31766;1401;1.4241;41.7175;747;740;1950100;Olea;Olea europaea;;60;2016;164;2016-06-12;0;CC BY-NC 4.0
31775;1401;2.16366;41.6825;422;438;1950100;Olea;Olea europaea;;65;2016;164;2016-06-12;0;CC BY-NC 4.0
20391;1401;1.52806;41.465;633;635;1950100;Olea;Olea europaea;;65;2016;165;2016-06-13;0;CC BY-NC 4.0
31704;1401;1.52876;41.4694;633;629;1950100;Olea;Olea europaea;;65;2016;165;2016-06-13;0;CC BY-NC 4.0
20395;1401;2.09657;41.8144;740;741;1950100;Olea;Olea europaea;;65;2016;167;2016-06-15;0;CC BY-NC 4.0
21408;1401;1.68111;41.9142;507;511;1950100;Olea;Olea europaea;;65;2016;168;2016-06-16;0;CC BY-NC 4.0
31731;1401;2.10072;41.8106;698;691;1950100;Olea;Olea europaea;;65;2016;168;2016-06-16;0;CC BY-NC 4.0
31676;1401;1.67715;41.9107;536;535;1950100;Olea;Olea europaea;;65;2016;169;2016-06-17;0;CC BY-NC 4.0
21411;1401;1.0925;41.9694;550;525;1950100;Olea;Olea europaea;;65;2016;174;2016-06-22;0;CC BY-NC 4.0
31646;1401;1.09269;41.9698;515;523;1950100;Olea;Olea europaea;;65;2016;175;2016-06-23;0;CC BY-NC 4.0
20401;1401;3.04744;42.0662;14;14;1950100;Olea;Olea europaea;;80;2016;216;2016-08-03;0;CC BY-NC 4.0
31813;1401;3.04664;42.0604;21;16;1950100;Olea;Olea europaea;;81;2016;216;2016-08-03;0;CC BY-NC 4.0
20407;1401;2.04738;41.3831;25;32;1950100;Olea;Olea europaea;;80;2016;224;2016-08-11;0;CC BY-NC 4.0
31785;1401;2.04484;41.3839;30;28;1950100;Olea;Olea europaea;;81;2016;225;2016-08-12;0;CC BY-NC 4.0
20401;1401;3.04744;42.0662;14;14;1950100;Olea;Olea europaea;;85;2016;244;2016-08-31;0;CC BY-NC 4.0
31813;1401;3.04664;42.0604;21;16;1950100;Olea;Olea europaea;;85;2016;244;2016-08-31;0;CC BY-NC 4.0
20407;1401;2.04738;41.3831;25;32;1950100;Olea;Olea europaea;;85;2016;252;2016-09-08;0;CC BY-NC 4.0
31785;1401;2.04484;41.3839;30;28;1950100;Olea;Olea europaea;;85;2016;252;2016-09-08;0;CC BY-NC 4.0
20399;1401;1.013;41.1268;132;139;1950100;Olea;Olea europaea;;80;2016;264;2016-09-20;0;CC BY-NC 4.0
31732;1401;1.01252;41.1256;140;138;1950100;Olea;Olea europaea;;81;2016;264;2016-09-20;0;CC BY-NC 4.0
21408;1401;1.68111;41.9142;507;511;1950100;Olea;Olea europaea;;80;2016;270;2016-09-26;0;CC BY-NC 4.0
31676;1401;1.67715;41.9107;536;535;1950100;Olea;Olea europaea;;81;2016;270;2016-09-26;0;CC BY-NC 4.0
20392;1401;1.84471;41.3519;332;315;1950100;Olea;Olea europaea;;80;2016;271;2016-09-27;0;CC BY-NC 4.0
31743;1401;1.85123;41.3515;275;268;1950100;Olea;Olea europaea;;81;2016;271;2016-09-27;0;CC BY-NC 4.0
20406;1401;1.89791;41.5526;164;164;1950100;Olea;Olea europaea;;80;2016;272;2016-09-28;0;CC BY-NC 4.0
31744;1401;1.89383;41.5565;193;182;1950100;Olea;Olea europaea;;81;2016;272;2016-09-28;0;CC BY-NC 4.0
20425;1401;0.49748;40.5326;234;20;1950100;Olea;Olea europaea;;80;2016;274;2016-09-30;0;CC BY-NC 4.0
31639;1401;0.482067;40.5429;57;65;1950100;Olea;Olea europaea;;81;2016;274;2016-09-30;0;CC BY-NC 4.0
20428;1401;0.85732;41.1894;316;308;1950100;Olea;Olea europaea;;80;2016;280;2016-10-06;0;CC BY-NC 4.0
20577;1401;3.07688;41.8538;16;16;1950100;Olea;Olea europaea;;80;2016;280;2016-10-06;0;CC BY-NC 4.0
31759;1401;0.875564;41.1788;434;421;1950100;Olea;Olea europaea;;81;2016;280;2016-10-06;0;CC BY-NC 4.0
31673;1401;3.07623;41.861;16;26;1950100;Olea;Olea europaea;;81;2016;281;2016-10-07;0;CC BY-NC 4.0
19299;2101;17.977;42.7124;60;64;1950100;Olea;Olea europaea;;380;2016;282;2016-10-08;0;CC BY-NC 4.0
20436;1401;1.521;41.9969;664;663;1950100;Olea;Olea europaea;;80;2016;282;2016-10-08;0;CC BY-NC 4.0
31802;1401;1.49939;41.9787;756;750;1950100;Olea;Olea europaea;;81;2016;282;2016-10-08;0;CC BY-NC 4.0
20392;1401;1.84471;41.3519;332;315;1950100;Olea;Olea europaea;;85;2016;283;2016-10-09;0;CC BY-NC 4.0
31743;1401;1.85123;41.3515;275;268;1950100;Olea;Olea europaea;;85;2016;283;2016-10-09;0;CC BY-NC 4.0
19294;2101;16.45;43.167;20;37;1950100;Olea;Olea europaea;;380;2016;284;2016-10-10;0;CC BY-NC 4.0
19298;2101;14.7687;44.7556;26;18;1950100;Olea;Olea europaea;;380;2016;284;2016-10-10;0;CC BY-NC 4.0
20395;1401;2.09657;41.8144;740;741;1950100;Olea;Olea europaea;;80;2016;284;2016-10-10;0;CC BY-NC 4.0
31731;1401;2.10072;41.8106;698;691;1950100;Olea;Olea europaea;;81;2016;285;2016-10-11;0;CC BY-NC 4.0
21411;1401;1.0925;41.9694;550;525;1950100;Olea;Olea europaea;;80;2016;286;2016-10-12;0;CC BY-NC 4.0
31646;1401;1.09269;41.9698;515;523;1950100;Olea;Olea europaea;;81;2016;287;2016-10-13;0;CC BY-NC 4.0
20408;1401;2.12488;41.418;410;382;1950100;Olea;Olea europaea;;80;2016;288;2016-10-14;0;CC BY-NC 4.0
20425;1401;0.49748;40.5326;234;20;1950100;Olea;Olea europaea;;85;2016;289;2016-10-15;0;CC BY-NC 4.0
31639;1401;0.482067;40.5429;57;65;1950100;Olea;Olea europaea;;85;2016;289;2016-10-15;0;CC BY-NC 4.0
31660;1401;2.12374;41.4187;410;404;1950100;Olea;Olea europaea;;81;2016;289;2016-10-15;0;CC BY-NC 4.0
21408;1401;1.68111;41.9142;507;511;1950100;Olea;Olea europaea;;85;2016;291;2016-10-17;0;CC BY-NC 4.0
31676;1401;1.67715;41.9107;536;535;1950100;Olea;Olea europaea;;85;2016;291;2016-10-17;0;CC BY-NC 4.0
19294;2101;16.45;43.167;20;37;1950100;Olea;Olea europaea;;87;2016;292;2016-10-18;0;CC BY-NC 4.0
20436;1401;1.521;41.9969;664;663;1950100;Olea;Olea europaea;;85;2016;292;2016-10-18;0;CC BY-NC 4.0
20391;1401;1.52806;41.465;633;635;1950100;Olea;Olea europaea;;80;2016;293;2016-10-19;0;CC BY-NC 4.0
20406;1401;1.89791;41.5526;164;164;1950100;Olea;Olea europaea;;85;2016;293;2016-10-19;0;CC BY-NC 4.0
31704;1401;1.52876;41.4694;633;629;1950100;Olea;Olea europaea;;81;2016;293;2016-10-19;0;CC BY-NC 4.0
31744;1401;1.89383;41.5565;193;182;1950100;Olea;Olea europaea;;85;2016;293;2016-10-19;0;CC BY-NC 4.0
31802;1401;1.49939;41.9787;756;750;1950100;Olea;Olea europaea;;85;2016;293;2016-10-19;0;CC BY-NC 4.0
19299;2101;17.977;42.7124;60;64;1950100;Olea;Olea europaea;;87;2016;294;2016-10-20;0;CC BY-NC 4.0
20408;1401;2.12488;41.418;410;382;1950100;Olea;Olea europaea;;85;2016;297;2016-10-23;0;CC BY-NC 4.0
20411;1401;1.60442;41.2682;166;172;1950100;Olea;Olea europaea;;80;2016;297;2016-10-23;0;CC BY-NC 4.0
31721;1401;1.59432;41.2654;135;127;1950100;Olea;Olea europaea;;81;2016;297;2016-10-23;0;CC BY-NC 4.0
20388;1401;1.53435;41.4735;600;594;1950100;Olea;Olea europaea;;80;2016;298;2016-10-24;0;CC BY-NC 4.0
31660;1401;2.12374;41.4187;410;404;1950100;Olea;Olea europaea;;85;2016;298;2016-10-24;0;CC BY-NC 4.0
31706;1401;1.52599;41.4731;606;596;1950100;Olea;Olea europaea;;81;2016;298;2016-10-24;0;CC BY-NC 4.0
20399;1401;1.013;41.1268;132;139;1950100;Olea;Olea europaea;;85;2016;299;2016-10-25;0;CC BY-NC 4.0
31732;1401;1.01252;41.1256;140;138;1950100;Olea;Olea europaea;;85;2016;299;2016-10-25;0;CC BY-NC 4.0
19298;2101;14.7687;44.7556;26;18;1950100;Olea;Olea europaea;;87;2016;301;2016-10-27;0;CC BY-NC 4.0
21411;1401;1.0925;41.9694;550;525;1950100;Olea;Olea europaea;;85;2016;302;2016-10-28;0;CC BY-NC 4.0
31646;1401;1.09269;41.9698;515;523;1950100;Olea;Olea europaea;;85;2016;303;2016-10-29;0;CC BY-NC 4.0
20435;1401;0.47654;41.7133;305;301;1950100;Olea;Olea europaea;;80;2016;306;2016-11-01;0;CC BY-NC 4.0
31642;1401;0.47445;41.7116;305;301;1950100;Olea;Olea europaea;;81;2016;306;2016-11-01;0;CC BY-NC 4.0
20430;1401;0.66664;41.2876;343;346;1950100;Olea;Olea europaea;;80;2016;308;2016-11-03;0;CC BY-NC 4.0
31709;1401;0.65333;41.2898;342;337;1950100;Olea;Olea europaea;;81;2016;308;2016-11-03;0;CC BY-NC 4.0
20395;1401;2.09657;41.8144;740;741;1950100;Olea;Olea europaea;;85;2016;309;2016-11-04;0;CC BY-NC 4.0
20577;1401;3.07688;41.8538;16;16;1950100;Olea;Olea europaea;;85;2016;310;2016-11-05;0;CC BY-NC 4.0
31731;1401;2.10072;41.8106;698;691;1950100;Olea;Olea europaea;;85;2016;310;2016-11-05;0;CC BY-NC 4.0
31673;1401;3.07623;41.861;16;26;1950100;Olea;Olea europaea;;85;2016;311;2016-11-06;0;CC BY-NC 4.0
20446;1401;2.16516;41.6897;480;494;1950100;Olea;Olea europaea;;80;2016;313;2016-11-08;0;CC BY-NC 4.0
31775;1401;2.16366;41.6825;422;438;1950100;Olea;Olea europaea;;81;2016;313;2016-11-08;0;CC BY-NC 4.0
20435;1401;0.47654;41.7133;305;301;1950100;Olea;Olea europaea;;85;2016;318;2016-11-13;0;CC BY-NC 4.0
31642;1401;0.47445;41.7116;305;301;1950100;Olea;Olea europaea;;85;2016;318;2016-11-13;0;CC BY-NC 4.0
20391;1401;1.52806;41.465;633;635;1950100;Olea;Olea europaea;;85;2016;319;2016-11-14;0;CC BY-NC 4.0
31704;1401;1.52876;41.4694;633;629;1950100;Olea;Olea europaea;;85;2016;319;2016-11-14;0;CC BY-NC 4.0
20388;1401;1.53435;41.4735;600;594;1950100;Olea;Olea europaea;;85;2016;323;2016-11-18;0;CC BY-NC 4.0
31706;1401;1.52599;41.4731;606;596;1950100;Olea;Olea europaea;;85;2016;323;2016-11-18;0;CC BY-NC 4.0
20446;1401;2.16516;41.6897;480;494;1950100;Olea;Olea europaea;;85;2016;324;2016-11-19;0;CC BY-NC 4.0
31775;1401;2.16366;41.6825;422;438;1950100;Olea;Olea europaea;;85;2016;324;2016-11-19;0;CC BY-NC 4.0
20649;1402;-3.92028;38.9892;628;632;1950100;Olea;Olea europaea;;89;2016;329;2016-11-24;0;CC BY-NC 4.0
20649;1402;-3.92028;38.9892;628;632;1950100;Olea;Olea europaea;;100;2016;336;2016-12-01;0;CC BY-NC 4.0
26632;1402;-1.86222;39.0056;676;680;1950100;Olea;Olea europaea;;89;2016;340;2016-12-05;0;CC BY-NC 4.0
20430;1401;0.66664;41.2876;343;346;1950100;Olea;Olea europaea;;85;2016;344;2016-12-09;0;CC BY-NC 4.0
31709;1401;0.65333;41.2898;342;337;1950100;Olea;Olea europaea;;85;2016;344;2016-12-09;0;CC BY-NC 4.0
26632;1402;-1.86222;39.0056;676;680;1950100;Olea;Olea europaea;;100;2016;347;2016-12-12;0;CC BY-NC 4.0
20435;1401;0.47654;41.7133;305;301;1950100;Olea;Olea europaea;;60;2017;91;2017-04-01;0;CC BY-NC 4.0
31642;1401;0.47445;41.7116;305;301;1950100;Olea;Olea europaea;;60;2017;91;2017-04-01;0;CC BY-NC 4.0
20435;1401;0.47654;41.7133;305;301;1950100;Olea;Olea europaea;;65;2017;106;2017-04-16;0;CC BY-NC 4.0
31642;1401;0.47445;41.7116;305;301;1950100;Olea;Olea europaea;;65;2017;106;2017-04-16;0;CC BY-NC 4.0
20408;1401;2.12488;41.418;410;382;1950100;Olea;Olea europaea;;60;2017;113;2017-04-23;0;CC BY-NC 4.0
31660;1401;2.12374;41.4187;410;404;1950100;Olea;Olea europaea;;60;2017;113;2017-04-23;0;CC BY-NC 4.0
20412;1401;0.82721;41.5478;262;253;1950100;Olea;Olea europaea;;60;2017;121;2017-05-01;0;CC BY-NC 4.0
31695;1401;0.82628;41.5467;257;251;1950100;Olea;Olea europaea;;60;2017;121;2017-05-01;0;CC BY-NC 4.0
20577;1401;3.07688;41.8538;16;16;1950100;Olea;Olea europaea;;60;2017;122;2017-05-02;0;CC BY-NC 4.0
31673;1401;3.07623;41.861;16;26;1950100;Olea;Olea europaea;;60;2017;123;2017-05-03;0;CC BY-NC 4.0
19294;2101;16.45;43.167;20;37;1950100;Olea;Olea europaea;;60;2017;125;2017-05-05;0;CC BY-NC 4.0
20407;1401;2.04738;41.3831;25;32;1950100;Olea;Olea europaea;;60;2017;128;2017-05-08;0;CC BY-NC 4.0
31785;1401;2.04484;41.3839;30;28;1950100;Olea;Olea europaea;;60;2017;128;2017-05-08;0;CC BY-NC 4.0
20392;1401;1.84471;41.3519;332;315;1950100;Olea;Olea europaea;;60;2017;129;2017-05-09;0;CC BY-NC 4.0
20399;1401;1.013;41.1268;132;139;1950100;Olea;Olea europaea;;60;2017;129;2017-05-09;0;CC BY-NC 4.0
20408;1401;2.12488;41.418;410;382;1950100;Olea;Olea europaea;;65;2017;129;2017-05-09;0;CC BY-NC 4.0
20431;1401;0.74263;41.084;229;198;1950100;Olea;Olea europaea;;65;2017;129;2017-05-09;0;CC BY-NC 4.0
31660;1401;2.12374;41.4187;410;404;1950100;Olea;Olea europaea;;65;2017;129;2017-05-09;0;CC BY-NC 4.0
31715;1401;0.741339;41.0827;227;217;1950100;Olea;Olea europaea;;65;2017;129;2017-05-09;0;CC BY-NC 4.0
31732;1401;1.01252;41.1256;140;138;1950100;Olea;Olea europaea;;60;2017;129;2017-05-09;0;CC BY-NC 4.0
19298;2101;14.7687;44.7556;26;18;1950100;Olea;Olea europaea;;60;2017;130;2017-05-10;0;CC BY-NC 4.0
19299;2101;17.977;42.7124;60;64;1950100;Olea;Olea europaea;;60;2017;130;2017-05-10;0;CC BY-NC 4.0
20406;1401;1.89791;41.5526;164;164;1950100;Olea;Olea europaea;;60;2017;130;2017-05-10;0;CC BY-NC 4.0
20649;1402;-3.92028;38.9892;628;632;1950100;Olea;Olea europaea;;63;2017;130;2017-05-10;0;CC BY-NC 4.0
31743;1401;1.85123;41.3515;275;268;1950100;Olea;Olea europaea;;60;2017;130;2017-05-10;0;CC BY-NC 4.0
31744;1401;1.89383;41.5565;193;182;1950100;Olea;Olea europaea;;60;2017;130;2017-05-10;0;CC BY-NC 4.0
20577;1401;3.07688;41.8538;16;16;1950100;Olea;Olea europaea;;65;2017;132;2017-05-12;0;CC BY-NC 4.0
31673;1401;3.07623;41.861;16;26;1950100;Olea;Olea europaea;;65;2017;133;2017-05-13;0;CC BY-NC 4.0
20436;1401;1.521;41.9969;664;663;1950100;Olea;Olea europaea;;60;2017;134;2017-05-14;0;CC BY-NC 4.0
31802;1401;1.49939;41.9787;756;750;1950100;Olea;Olea europaea;;60;2017;134;2017-05-14;0;CC BY-NC 4.0
19294;2101;16.45;43.167;20;37;1950100;Olea;Olea europaea;;65;2017;135;2017-05-15;0;CC BY-NC 4.0
20430;1401;0.66664;41.2876;343;346;1950100;Olea;Olea europaea;;60;2017;135;2017-05-15;0;CC BY-NC 4.0
31709;1401;0.65333;41.2898;342;337;1950100;Olea;Olea europaea;;60;2017;135;2017-05-15;0;CC BY-NC 4.0
20399;1401;1.013;41.1268;132;139;1950100;Olea;Olea europaea;;65;2017;136;2017-05-16;0;CC BY-NC 4.0
20446;1401;2.16516;41.6897;480;494;1950100;Olea;Olea europaea;;60;2017;136;2017-05-16;0;CC BY-NC 4.0
31732;1401;1.01252;41.1256;140;138;1950100;Olea;Olea europaea;;65;2017;136;2017-05-16;0;CC BY-NC 4.0
31775;1401;2.16366;41.6825;422;438;1950100;Olea;Olea europaea;;60;2017;136;2017-05-16;0;CC BY-NC 4.0
19298;2101;14.7687;44.7556;26;18;1950100;Olea;Olea europaea;;65;2017;137;2017-05-17;0;CC BY-NC 4.0
19299;2101;17.977;42.7124;60;64;1950100;Olea;Olea europaea;;65;2017;137;2017-05-17;0;CC BY-NC 4.0
20392;1401;1.84471;41.3519;332;315;1950100;Olea;Olea europaea;;65;2017;137;2017-05-17;0;CC BY-NC 4.0
20436;1401;1.521;41.9969;664;663;1950100;Olea;Olea europaea;;65;2017;137;2017-05-17;0;CC BY-NC 4.0
20412;1401;0.82721;41.5478;262;253;1950100;Olea;Olea europaea;;65;2017;138;2017-05-18;0;CC BY-NC 4.0
20428;1401;0.85732;41.1894;316;308;1950100;Olea;Olea europaea;;60;2017;138;2017-05-18;0;CC BY-NC 4.0
20430;1401;0.66664;41.2876;343;346;1950100;Olea;Olea europaea;;65;2017;138;2017-05-18;0;CC BY-NC 4.0
26632;1402;-1.86222;39.0056;676;680;1950100;Olea;Olea europaea;;61;2017;138;2017-05-18;0;CC BY-NC 4.0
31695;1401;0.82628;41.5467;257;251;1950100;Olea;Olea europaea;;65;2017;138;2017-05-18;0;CC BY-NC 4.0
31709;1401;0.65333;41.2898;342;337;1950100;Olea;Olea europaea;;65;2017;138;2017-05-18;0;CC BY-NC 4.0
31743;1401;1.85123;41.3515;275;268;1950100;Olea;Olea europaea;;65;2017;138;2017-05-18;0;CC BY-NC 4.0
31759;1401;0.875564;41.1788;434;421;1950100;Olea;Olea europaea;;60;2017;138;2017-05-18;0;CC BY-NC 4.0
31802;1401;1.49939;41.9787;756;750;1950100;Olea;Olea europaea;;65;2017;138;2017-05-18;0;CC BY-NC 4.0
26632;1402;-1.86222;39.0056;676;680;1950100;Olea;Olea europaea;;63;2017;140;2017-05-20;0;CC BY-NC 4.0
19299;2101;17.977;42.7124;60;64;1950100;Olea;Olea europaea;;69;2017;143;2017-05-23;0;CC BY-NC 4.0
26632;1402;-1.86222;39.0056;676;680;1950100;Olea;Olea europaea;;65;2017;143;2017-05-23;0;CC BY-NC 4.0
20406;1401;1.89791;41.5526;164;164;1950100;Olea;Olea europaea;;65;2017;144;2017-05-24;0;CC BY-NC 4.0
31744;1401;1.89383;41.5565;193;182;1950100;Olea;Olea europaea;;65;2017;144;2017-05-24;0;CC BY-NC 4.0
20407;1401;2.04738;41.3831;25;32;1950100;Olea;Olea europaea;;65;2017;145;2017-05-25;0;CC BY-NC 4.0
20446;1401;2.16516;41.6897;480;494;1950100;Olea;Olea europaea;;65;2017;145;2017-05-25;0;CC BY-NC 4.0
21408;1401;1.68111;41.9142;507;511;1950100;Olea;Olea europaea;;60;2017;145;2017-05-25;0;CC BY-NC 4.0
31676;1401;1.67715;41.9107;536;535;1950100;Olea;Olea europaea;;60;2017;146;2017-05-26;0;CC BY-NC 4.0
31775;1401;2.16366;41.6825;422;438;1950100;Olea;Olea europaea;;65;2017;146;2017-05-26;0;CC BY-NC 4.0
31785;1401;2.04484;41.3839;30;28;1950100;Olea;Olea europaea;;65;2017;146;2017-05-26;0;CC BY-NC 4.0
6871;201;13.6167;45.4833;2;5;1950100;Olea;Olea europaea;;60;2017;147;2017-05-27;0;CC BY-NC 4.0
19294;2101;16.45;43.167;20;37;1950100;Olea;Olea europaea;;69;2017;148;2017-05-28;0;CC BY-NC 4.0
20395;1401;2.09657;41.8144;740;741;1950100;Olea;Olea europaea;;60;2017;149;2017-05-29;0;CC BY-NC 4.0
6871;201;13.6167;45.4833;2;5;1950100;Olea;Olea europaea;;65;2017;150;2017-05-30;0;CC BY-NC 4.0
19298;2101;14.7687;44.7556;26;18;1950100;Olea;Olea europaea;;69;2017;150;2017-05-30;0;CC BY-NC 4.0
26632;1402;-1.86222;39.0056;676;680;1950100;Olea;Olea europaea;;67;2017;150;2017-05-30;0;CC BY-NC 4.0
31731;1401;2.10072;41.8106;698;691;1950100;Olea;Olea europaea;;60;2017;150;2017-05-30;0;CC BY-NC 4.0
20428;1401;0.85732;41.1894;316;308;1950100;Olea;Olea europaea;;65;2017;152;2017-06-01;0;CC BY-NC 4.0
31759;1401;0.875564;41.1788;434;421;1950100;Olea;Olea europaea;;65;2017;152;2017-06-01;0;CC BY-NC 4.0
20389;1401;1.42535;41.7184;746;731;1950100;Olea;Olea europaea;;60;2017;154;2017-06-03;0;CC BY-NC 4.0
31766;1401;1.4241;41.7175;747;740;1950100;Olea;Olea europaea;;60;2017;155;2017-06-04;0;CC BY-NC 4.0
6871;201;13.6167;45.4833;2;5;1950100;Olea;Olea europaea;;69;2017;160;2017-06-09;0;CC BY-NC 4.0
21408;1401;1.68111;41.9142;507;511;1950100;Olea;Olea europaea;;65;2017;163;2017-06-12;0;CC BY-NC 4.0
31676;1401;1.67715;41.9107;536;535;1950100;Olea;Olea europaea;;65;2017;163;2017-06-12;0;CC BY-NC 4.0
20395;1401;2.09657;41.8144;740;741;1950100;Olea;Olea europaea;;65;2017;166;2017-06-15;0;CC BY-NC 4.0
31731;1401;2.10072;41.8106;698;691;1950100;Olea;Olea europaea;;65;2017;167;2017-06-16;0;CC BY-NC 4.0
20577;1401;3.07688;41.8538;16;16;1950100;Olea;Olea europaea;;80;2017;210;2017-07-29;0;CC BY-NC 4.0
31673;1401;3.07623;41.861;16;26;1950100;Olea;Olea europaea;;81;2017;211;2017-07-30;0;CC BY-NC 4.0
20407;1401;2.04738;41.3831;25;32;1950100;Olea;Olea europaea;;80;2017;245;2017-09-02;0;CC BY-NC 4.0
31785;1401;2.04484;41.3839;30;28;1950100;Olea;Olea europaea;;81;2017;246;2017-09-03;0;CC BY-NC 4.0
20399;1401;1.013;41.1268;132;139;1950100;Olea;Olea europaea;;80;2017;255;2017-09-12;0;CC BY-NC 4.0
31732;1401;1.01252;41.1256;140;138;1950100;Olea;Olea europaea;;81;2017;255;2017-09-12;0;CC BY-NC 4.0
21408;1401;1.68111;41.9142;507;511;1950100;Olea;Olea europaea;;80;2017;261;2017-09-18;0;CC BY-NC 4.0
31676;1401;1.67715;41.9107;536;535;1950100;Olea;Olea europaea;;81;2017;262;2017-09-19;0;CC BY-NC 4.0
20392;1401;1.84471;41.3519;332;315;1950100;Olea;Olea europaea;;80;2017;264;2017-09-21;0;CC BY-NC 4.0
20577;1401;3.07688;41.8538;16;16;1950100;Olea;Olea europaea;;85;2017;264;2017-09-21;0;CC BY-NC 4.0
31743;1401;1.85123;41.3515;275;268;1950100;Olea;Olea europaea;;81;2017;264;2017-09-21;0;CC BY-NC 4.0
31673;1401;3.07623;41.861;16;26;1950100;Olea;Olea europaea;;85;2017;265;2017-09-22;0;CC BY-NC 4.0
20392;1401;1.84471;41.3519;332;315;1950100;Olea;Olea europaea;;85;2017;273;2017-09-30;0;CC BY-NC 4.0
20436;1401;1.521;41.9969;664;663;1950100;Olea;Olea europaea;;80;2017;273;2017-09-30;0;CC BY-NC 4.0
31802;1401;1.49939;41.9787;756;750;1950100;Olea;Olea europaea;;81;2017;273;2017-09-30;0;CC BY-NC 4.0
31743;1401;1.85123;41.3515;275;268;1950100;Olea;Olea europaea;;85;2017;274;2017-10-01;0;CC BY-NC 4.0
20408;1401;2.12488;41.418;410;382;1950100;Olea;Olea europaea;;80;2017;275;2017-10-02;0;CC BY-NC 4.0
20428;1401;0.85732;41.1894;316;308;1950100;Olea;Olea europaea;;80;2017;276;2017-10-03;0;CC BY-NC 4.0
31660;1401;2.12374;41.4187;410;404;1950100;Olea;Olea europaea;;81;2017;276;2017-10-03;0;CC BY-NC 4.0
31759;1401;0.875564;41.1788;434;421;1950100;Olea;Olea europaea;;81;2017;276;2017-10-03;0;CC BY-NC 4.0
19298;2101;14.7687;44.7556;26;18;1950100;Olea;Olea europaea;;380;2017;277;2017-10-04;0;CC BY-NC 4.0
20395;1401;2.09657;41.8144;740;741;1950100;Olea;Olea europaea;;80;2017;277;2017-10-04;0;CC BY-NC 4.0
31731;1401;2.10072;41.8106;698;691;1950100;Olea;Olea europaea;;81;2017;277;2017-10-04;0;CC BY-NC 4.0
20436;1401;1.521;41.9969;664;663;1950100;Olea;Olea europaea;;85;2017;279;2017-10-06;0;CC BY-NC 4.0
21408;1401;1.68111;41.9142;507;511;1950100;Olea;Olea europaea;;85;2017;279;2017-10-06;0;CC BY-NC 4.0
31676;1401;1.67715;41.9107;536;535;1950100;Olea;Olea europaea;;85;2017;279;2017-10-06;0;CC BY-NC 4.0
31802;1401;1.49939;41.9787;756;750;1950100;Olea;Olea europaea;;85;2017;279;2017-10-06;0;CC BY-NC 4.0
19294;2101;16.45;43.167;20;37;1950100;Olea;Olea europaea;;380;2017;283;2017-10-10;0;CC BY-NC 4.0
20399;1401;1.013;41.1268;132;139;1950100;Olea;Olea europaea;;85;2017;283;2017-10-10;0;CC BY-NC 4.0
31732;1401;1.01252;41.1256;140;138;1950100;Olea;Olea europaea;;85;2017;283;2017-10-10;0;CC BY-NC 4.0
20407;1401;2.04738;41.3831;25;32;1950100;Olea;Olea europaea;;85;2017;287;2017-10-14;0;CC BY-NC 4.0
31785;1401;2.04484;41.3839;30;28;1950100;Olea;Olea europaea;;85;2017;287;2017-10-14;0;CC BY-NC 4.0
20408;1401;2.12488;41.418;410;382;1950100;Olea;Olea europaea;;85;2017;289;2017-10-16;0;CC BY-NC 4.0
31660;1401;2.12374;41.4187;410;404;1950100;Olea;Olea europaea;;85;2017;289;2017-10-16;0;CC BY-NC 4.0
19298;2101;14.7687;44.7556;26;18;1950100;Olea;Olea europaea;;87;2017;290;2017-10-17;0;CC BY-NC 4.0
20406;1401;1.89791;41.5526;164;164;1950100;Olea;Olea europaea;;80;2017;291;2017-10-18;0;CC BY-NC 4.0
31744;1401;1.89383;41.5565;193;182;1950100;Olea;Olea europaea;;81;2017;291;2017-10-18;0;CC BY-NC 4.0
20446;1401;2.16516;41.6897;480;494;1950100;Olea;Olea europaea;;80;2017;293;2017-10-20;0;CC BY-NC 4.0
31775;1401;2.16366;41.6825;422;438;1950100;Olea;Olea europaea;;81;2017;293;2017-10-20;0;CC BY-NC 4.0
19294;2101;16.45;43.167;20;37;1950100;Olea;Olea europaea;;87;2017;298;2017-10-25;0;CC BY-NC 4.0
20395;1401;2.09657;41.8144;740;741;1950100;Olea;Olea europaea;;85;2017;299;2017-10-26;0;CC BY-NC 4.0
31731;1401;2.10072;41.8106;698;691;1950100;Olea;Olea europaea;;85;2017;300;2017-10-27;0;CC BY-NC 4.0
19299;2101;17.977;42.7124;60;64;1950100;Olea;Olea europaea;;380;2017;302;2017-10-29;0;CC BY-NC 4.0
20446;1401;2.16516;41.6897;480;494;1950100;Olea;Olea europaea;;85;2017;308;2017-11-04;0;CC BY-NC 4.0
31775;1401;2.16366;41.6825;422;438;1950100;Olea;Olea europaea;;85;2017;309;2017-11-05;0;CC BY-NC 4.0
20649;1402;-3.92028;38.9892;628;632;1950100;Olea;Olea europaea;;89;2017;314;2017-11-10;0;CC BY-NC 4.0
19299;2101;17.977;42.7124;60;64;1950100;Olea;Olea europaea;;87;2017;319;2017-11-15;0;CC BY-NC 4.0
20430;1401;0.66664;41.2876;343;346;1950100;Olea;Olea europaea;;80;2017;319;2017-11-15;0;CC BY-NC 4.0
31709;1401;0.65333;41.2898;342;337;1950100;Olea;Olea europaea;;81;2017;319;2017-11-15;0;CC BY-NC 4.0
20406;1401;1.89791;41.5526;164;164;1950100;Olea;Olea europaea;;85;2017;326;2017-11-22;0;CC BY-NC 4.0
31744;1401;1.89383;41.5565;193;182;1950100;Olea;Olea europaea;;85;2017;326;2017-11-22;0;CC BY-NC 4.0
26632;1402;-1.86222;39.0056;676;680;1950100;Olea;Olea europaea;;89;2017;333;2017-11-29;0;CC BY-NC 4.0
20430;1401;0.66664;41.2876;343;346;1950100;Olea;Olea europaea;;85;2017;337;2017-12-03;0;CC BY-NC 4.0
31709;1401;0.65333;41.2898;342;337;1950100;Olea;Olea europaea;;85;2017;337;2017-12-03;0;CC BY-NC 4.0
26632;1402;-1.86222;39.0056;676;680;1950100;Olea;Olea europaea;;61;2018;54;2018-02-23;0;CC BY-NC 4.0
26632;1402;-1.86222;39.0056;676;680;1950100;Olea;Olea europaea;;63;2018;59;2018-02-28;0;CC BY-NC 4.0
26632;1402;-1.86222;39.0056;676;680;1950100;Olea;Olea europaea;;65;2018;61;2018-03-02;0;CC BY-NC 4.0
20450;2701;19.0833;42.1;6;0;1950100;Olea;Olea europaea;;60;2018;94;2018-04-04;0;CC BY-NC 4.0
20412;1401;0.82721;41.5478;262;253;1950100;Olea;Olea europaea;;60;2018;99;2018-04-09;0;CC BY-NC 4.0
31695;1401;0.82628;41.5467;257;251;1950100;Olea;Olea europaea;;60;2018;99;2018-04-09;0;CC BY-NC 4.0
20450;2701;19.0833;42.1;6;0;1950100;Olea;Olea europaea;;65;2018;100;2018-04-10;0;CC BY-NC 4.0
20450;2701;19.0833;42.1;6;0;1950100;Olea;Olea europaea;;69;2018;105;2018-04-15;0;CC BY-NC 4.0
20435;1401;0.47654;41.7133;305;301;1950100;Olea;Olea europaea;;60;2018;125;2018-05-05;0;CC BY-NC 4.0
20407;1401;2.04738;41.3831;25;32;1950100;Olea;Olea europaea;;60;2018;129;2018-05-09;0;CC BY-NC 4.0
31785;1401;2.04484;41.3839;30;28;1950100;Olea;Olea europaea;;60;2018;130;2018-05-10;0;CC BY-NC 4.0
20408;1401;2.12488;41.418;410;382;1950100;Olea;Olea europaea;;60;2018;133;2018-05-13;0;CC BY-NC 4.0
20412;1401;0.82721;41.5478;262;253;1950100;Olea;Olea europaea;;65;2018;133;2018-05-13;0;CC BY-NC 4.0
31660;1401;2.12374;41.4187;410;404;1950100;Olea;Olea europaea;;60;2018;133;2018-05-13;0;CC BY-NC 4.0
31695;1401;0.82628;41.5467;257;251;1950100;Olea;Olea europaea;;65;2018;133;2018-05-13;0;CC BY-NC 4.0
20399;1401;1.013;41.1268;132;139;1950100;Olea;Olea europaea;;60;2018;135;2018-05-15;0;CC BY-NC 4.0
31642;1401;0.47445;41.7116;305;301;1950100;Olea;Olea europaea;;60;2018;135;2018-05-15;0;CC BY-NC 4.0
31732;1401;1.01252;41.1256;140;138;1950100;Olea;Olea europaea;;60;2018;135;2018-05-15;0;CC BY-NC 4.0
20411;1401;1.60442;41.2682;166;172;1950100;Olea;Olea europaea;;60;2018;137;2018-05-17;0;CC BY-NC 4.0
20392;1401;1.84471;41.3519;332;315;1950100;Olea;Olea europaea;;60;2018;138;2018-05-18;0;CC BY-NC 4.0
31721;1401;1.59432;41.2654;135;127;1950100;Olea;Olea europaea;;60;2018;138;2018-05-18;0;CC BY-NC 4.0
20577;1401;3.07688;41.8538;16;16;1950100;Olea;Olea europaea;;60;2018;139;2018-05-19;0;CC BY-NC 4.0
31673;1401;3.07623;41.861;16;26;1950100;Olea;Olea europaea;;60;2018;139;2018-05-19;0;CC BY-NC 4.0
31743;1401;1.85123;41.3515;275;268;1950100;Olea;Olea europaea;;60;2018;139;2018-05-19;0;CC BY-NC 4.0
6871;201;13.6167;45.4833;2;5;1950100;Olea;Olea europaea;;60;2018;140;2018-05-20;0;CC BY-NC 4.0
20411;1401;1.60442;41.2682;166;172;1950100;Olea;Olea europaea;;65;2018;140;2018-05-20;0;CC BY-NC 4.0
31721;1401;1.59432;41.2654;135;127;1950100;Olea;Olea europaea;;65;2018;140;2018-05-20;0;CC BY-NC 4.0
20408;1401;2.12488;41.418;410;382;1950100;Olea;Olea europaea;;65;2018;141;2018-05-21;0;CC BY-NC 4.0
20428;1401;0.85732;41.1894;316;308;1950100;Olea;Olea europaea;;60;2018;141;2018-05-21;0;CC BY-NC 4.0
20431;1401;0.74263;41.084;229;198;1950100;Olea;Olea europaea;;65;2018;141;2018-05-21;0;CC BY-NC 4.0
31715;1401;0.741339;41.0827;227;217;1950100;Olea;Olea europaea;;65;2018;141;2018-05-21;0;CC BY-NC 4.0
31759;1401;0.875564;41.1788;434;421;1950100;Olea;Olea europaea;;60;2018;141;2018-05-21;0;CC BY-NC 4.0
20399;1401;1.013;41.1268;132;139;1950100;Olea;Olea europaea;;65;2018;142;2018-05-22;0;CC BY-NC 4.0
31660;1401;2.12374;41.4187;410;404;1950100;Olea;Olea europaea;;65;2018;142;2018-05-22;0;CC BY-NC 4.0
31732;1401;1.01252;41.1256;140;138;1950100;Olea;Olea europaea;;65;2018;142;2018-05-22;0;CC BY-NC 4.0
20406;1401;1.89791;41.5526;164;164;1950100;Olea;Olea europaea;;60;2018;143;2018-05-23;0;CC BY-NC 4.0
31744;1401;1.89383;41.5565;193;182;1950100;Olea;Olea europaea;;60;2018;143;2018-05-23;0;CC BY-NC 4.0
6871;201;13.6167;45.4833;2;5;1950100;Olea;Olea europaea;;65;2018;144;2018-05-24;0;CC BY-NC 4.0
20392;1401;1.84471;41.3519;332;315;1950100;Olea;Olea europaea;;65;2018;146;2018-05-26;0;CC BY-NC 4.0
31743;1401;1.85123;41.3515;275;268;1950100;Olea;Olea europaea;;65;2018;146;2018-05-26;0;CC BY-NC 4.0
20577;1401;3.07688;41.8538;16;16;1950100;Olea;Olea europaea;;65;2018;147;2018-05-27;0;CC BY-NC 4.0
20407;1401;2.04738;41.3831;25;32;1950100;Olea;Olea europaea;;65;2018;148;2018-05-28;0;CC BY-NC 4.0
31673;1401;3.07623;41.861;16;26;1950100;Olea;Olea europaea;;65;2018;148;2018-05-28;0;CC BY-NC 4.0
31785;1401;2.04484;41.3839;30;28;1950100;Olea;Olea europaea;;65;2018;148;2018-05-28;0;CC BY-NC 4.0
20406;1401;1.89791;41.5526;164;164;1950100;Olea;Olea europaea;;65;2018;150;2018-05-30;0;CC BY-NC 4.0
20430;1401;0.66664;41.2876;343;346;1950100;Olea;Olea europaea;;60;2018;150;2018-05-30;0;CC BY-NC 4.0
31709;1401;0.65333;41.2898;342;337;1950100;Olea;Olea europaea;;60;2018;150;2018-05-30;0;CC BY-NC 4.0
31744;1401;1.89383;41.5565;193;182;1950100;Olea;Olea europaea;;65;2018;150;2018-05-30;0;CC BY-NC 4.0
20395;1401;2.09657;41.8144;740;741;1950100;Olea;Olea europaea;;60;2018;151;2018-05-31;0;CC BY-NC 4.0
20435;1401;0.47654;41.7133;305;301;1950100;Olea;Olea europaea;;65;2018;151;2018-05-31;0;CC BY-NC 4.0
31642;1401;0.47445;41.7116;305;301;1950100;Olea;Olea europaea;;65;2018;151;2018-05-31;0;CC BY-NC 4.0
31731;1401;2.10072;41.8106;698;691;1950100;Olea;Olea europaea;;60;2018;151;2018-05-31;0;CC BY-NC 4.0
20428;1401;0.85732;41.1894;316;308;1950100;Olea;Olea europaea;;65;2018;152;2018-06-01;0;CC BY-NC 4.0
21408;1401;1.68111;41.9142;507;511;1950100;Olea;Olea europaea;;60;2018;152;2018-06-01;0;CC BY-NC 4.0
31676;1401;1.67715;41.9107;536;535;1950100;Olea;Olea europaea;;60;2018;152;2018-06-01;0;CC BY-NC 4.0
31759;1401;0.875564;41.1788;434;421;1950100;Olea;Olea europaea;;65;2018;152;2018-06-01;0;CC BY-NC 4.0
20446;1401;2.16516;41.6897;480;494;1950100;Olea;Olea europaea;;60;2018;153;2018-06-02;0;CC BY-NC 4.0
31775;1401;2.16366;41.6825;422;438;1950100;Olea;Olea europaea;;60;2018;153;2018-06-02;0;CC BY-NC 4.0
6871;201;13.6167;45.4833;2;5;1950100;Olea;Olea europaea;;69;2018;154;2018-06-03;0;CC BY-NC 4.0
20430;1401;0.66664;41.2876;343;346;1950100;Olea;Olea europaea;;65;2018;154;2018-06-03;0;CC BY-NC 4.0
31709;1401;0.65333;41.2898;342;337;1950100;Olea;Olea europaea;;65;2018;154;2018-06-03;0;CC BY-NC 4.0
26632;1402;-1.86222;39.0056;676;680;1950100;Olea;Olea europaea;;61;2018;158;2018-06-07;0;CC BY-NC 4.0
26632;1402;-1.86222;39.0056;676;680;1950100;Olea;Olea europaea;;63;2018;160;2018-06-09;0;CC BY-NC 4.0
20395;1401;2.09657;41.8144;740;741;1950100;Olea;Olea europaea;;65;2018;162;2018-06-11;0;CC BY-NC 4.0
20436;1401;1.521;41.9969;664;663;1950100;Olea;Olea europaea;;60;2018;162;2018-06-11;0;CC BY-NC 4.0
26632;1402;-1.86222;39.0056;676;680;1950100;Olea;Olea europaea;;65;2018;162;2018-06-11;0;CC BY-NC 4.0
31802;1401;1.49939;41.9787;756;750;1950100;Olea;Olea europaea;;60;2018;162;2018-06-11;0;CC BY-NC 4.0
26638;1402;-1.67861;42.5222;460;417;1950100;Olea;Olea europaea;;61;2018;163;2018-06-12;0;CC BY-NC 4.0
31731;1401;2.10072;41.8106;698;691;1950100;Olea;Olea europaea;;65;2018;163;2018-06-12;0;CC BY-NC 4.0
20446;1401;2.16516;41.6897;480;494;1950100;Olea;Olea europaea;;65;2018;164;2018-06-13;0;CC BY-NC 4.0
31775;1401;2.16366;41.6825;422;438;1950100;Olea;Olea europaea;;65;2018;164;2018-06-13;0;CC BY-NC 4.0
20649;1402;-3.92028;38.9892;628;632;1950100;Olea;Olea europaea;;65;2018;166;2018-06-15;0;CC BY-NC 4.0
21408;1401;1.68111;41.9142;507;511;1950100;Olea;Olea europaea;;65;2018;166;2018-06-15;0;CC BY-NC 4.0
31676;1401;1.67715;41.9107;536;535;1950100;Olea;Olea europaea;;65;2018;166;2018-06-15;0;CC BY-NC 4.0
20389;1401;1.42535;41.7184;746;731;1950100;Olea;Olea europaea;;60;2018;168;2018-06-17;0;CC BY-NC 4.0
26632;1402;-1.86222;39.0056;676;680;1950100;Olea;Olea europaea;;67;2018;169;2018-06-18;0;CC BY-NC 4.0
31766;1401;1.4241;41.7175;747;740;1950100;Olea;Olea europaea;;60;2018;169;2018-06-18;0;CC BY-NC 4.0
20436;1401;1.521;41.9969;664;663;1950100;Olea;Olea europaea;;65;2018;170;2018-06-19;0;CC BY-NC 4.0
26638;1402;-1.67861;42.5222;460;417;1950100;Olea;Olea europaea;;63;2018;170;2018-06-19;0;CC BY-NC 4.0
31802;1401;1.49939;41.9787;756;750;1950100;Olea;Olea europaea;;65;2018;170;2018-06-19;0;CC BY-NC 4.0
26638;1402;-1.67861;42.5222;460;417;1950100;Olea;Olea europaea;;65;2018;172;2018-06-21;0;CC BY-NC 4.0
26638;1402;-1.67861;42.5222;460;417;1950100;Olea;Olea europaea;;67;2018;179;2018-06-28;0;CC BY-NC 4.0
20446;1401;2.16516;41.6897;480;494;1950100;Olea;Olea europaea;;80;2018;247;2018-09-04;0;CC BY-NC 4.0
31775;1401;2.16366;41.6825;422;438;1950100;Olea;Olea europaea;;81;2018;247;2018-09-04;0;CC BY-NC 4.0
20577;1401;3.07688;41.8538;16;16;1950100;Olea;Olea europaea;;80;2018;262;2018-09-19;0;CC BY-NC 4.0
31673;1401;3.07623;41.861;16;26;1950100;Olea;Olea europaea;;81;2018;262;2018-09-19;0;CC BY-NC 4.0
20392;1401;1.84471;41.3519;332;315;1950100;Olea;Olea europaea;;80;2018;268;2018-09-25;0;CC BY-NC 4.0
31743;1401;1.85123;41.3515;275;268;1950100;Olea;Olea europaea;;81;2018;269;2018-09-26;0;CC BY-NC 4.0
20399;1401;1.013;41.1268;132;139;1950100;Olea;Olea europaea;;80;2018;275;2018-10-02;0;CC BY-NC 4.0
20407;1401;2.04738;41.3831;25;32;1950100;Olea;Olea europaea;;80;2018;275;2018-10-02;0;CC BY-NC 4.0
20446;1401;2.16516;41.6897;480;494;1950100;Olea;Olea europaea;;85;2018;275;2018-10-02;0;CC BY-NC 4.0
31732;1401;1.01252;41.1256;140;138;1950100;Olea;Olea europaea;;81;2018;275;2018-10-02;0;CC BY-NC 4.0
31775;1401;2.16366;41.6825;422;438;1950100;Olea;Olea europaea;;85;2018;275;2018-10-02;0;CC BY-NC 4.0
31785;1401;2.04484;41.3839;30;28;1950100;Olea;Olea europaea;;81;2018;275;2018-10-02;0;CC BY-NC 4.0
20408;1401;2.12488;41.418;410;382;1950100;Olea;Olea europaea;;80;2018;276;2018-10-03;0;CC BY-NC 4.0
31660;1401;2.12374;41.4187;410;404;1950100;Olea;Olea europaea;;81;2018;277;2018-10-04;0;CC BY-NC 4.0
20428;1401;0.85732;41.1894;316;308;1950100;Olea;Olea europaea;;80;2018;282;2018-10-09;0;CC BY-NC 4.0
31759;1401;0.875564;41.1788;434;421;1950100;Olea;Olea europaea;;81;2018;282;2018-10-09;0;CC BY-NC 4.0
20392;1401;1.84471;41.3519;332;315;1950100;Olea;Olea europaea;;85;2018;283;2018-10-10;0;CC BY-NC 4.0
20406;1401;1.89791;41.5526;164;164;1950100;Olea;Olea europaea;;80;2018;283;2018-10-10;0;CC BY-NC 4.0
31743;1401;1.85123;41.3515;275;268;1950100;Olea;Olea europaea;;85;2018;283;2018-10-10;0;CC BY-NC 4.0
31744;1401;1.89383;41.5565;193;182;1950100;Olea;Olea europaea;;81;2018;283;2018-10-10;0;CC BY-NC 4.0
20436;1401;1.521;41.9969;664;663;1950100;Olea;Olea europaea;;80;2018;284;2018-10-11;0;CC BY-NC 4.0
20407;1401;2.04738;41.3831;25;32;1950100;Olea;Olea europaea;;85;2018;285;2018-10-12;0;CC BY-NC 4.0
31785;1401;2.04484;41.3839;30;28;1950100;Olea;Olea europaea;;85;2018;285;2018-10-12;0;CC BY-NC 4.0
31802;1401;1.49939;41.9787;756;750;1950100;Olea;Olea europaea;;81;2018;285;2018-10-12;0;CC BY-NC 4.0
21408;1401;1.68111;41.9142;507;511;1950100;Olea;Olea europaea;;80;2018;288;2018-10-15;0;CC BY-NC 4.0
31676;1401;1.67715;41.9107;536;535;1950100;Olea;Olea europaea;;81;2018;289;2018-10-16;0;CC BY-NC 4.0
20395;1401;2.09657;41.8144;740;741;1950100;Olea;Olea europaea;;80;2018;294;2018-10-21;0;CC BY-NC 4.0
31731;1401;2.10072;41.8106;698;691;1950100;Olea;Olea europaea;;81;2018;294;2018-10-21;0;CC BY-NC 4.0
20406;1401;1.89791;41.5526;164;164;1950100;Olea;Olea europaea;;85;2018;297;2018-10-24;0;CC BY-NC 4.0
31744;1401;1.89383;41.5565;193;182;1950100;Olea;Olea europaea;;85;2018;297;2018-10-24;0;CC BY-NC 4.0
20408;1401;2.12488;41.418;410;382;1950100;Olea;Olea europaea;;85;2018;298;2018-10-25;0;CC BY-NC 4.0
31660;1401;2.12374;41.4187;410;404;1950100;Olea;Olea europaea;;85;2018;298;2018-10-25;0;CC BY-NC 4.0
20435;1401;0.47654;41.7133;305;301;1950100;Olea;Olea europaea;;80;2018;299;2018-10-26;0;CC BY-NC 4.0
31642;1401;0.47445;41.7116;305;301;1950100;Olea;Olea europaea;;81;2018;299;2018-10-26;0;CC BY-NC 4.0
20395;1401;2.09657;41.8144;740;741;1950100;Olea;Olea europaea;;85;2018;304;2018-10-31;0;CC BY-NC 4.0
31731;1401;2.10072;41.8106;698;691;1950100;Olea;Olea europaea;;85;2018;304;2018-10-31;0;CC BY-NC 4.0
20436;1401;1.521;41.9969;664;663;1950100;Olea;Olea europaea;;85;2018;305;2018-11-01;0;CC BY-NC 4.0
31802;1401;1.49939;41.9787;756;750;1950100;Olea;Olea europaea;;85;2018;305;2018-11-01;0;CC BY-NC 4.0
20577;1401;3.07688;41.8538;16;16;1950100;Olea;Olea europaea;;85;2018;309;2018-11-05;0;CC BY-NC 4.0
31673;1401;3.07623;41.861;16;26;1950100;Olea;Olea europaea;;85;2018;310;2018-11-06;0;CC BY-NC 4.0
20435;1401;0.47654;41.7133;305;301;1950100;Olea;Olea europaea;;85;2018;312;2018-11-08;0;CC BY-NC 4.0
31642;1401;0.47445;41.7116;305;301;1950100;Olea;Olea europaea;;85;2018;312;2018-11-08;0;CC BY-NC 4.0
21408;1401;1.68111;41.9142;507;511;1950100;Olea;Olea europaea;;85;2018;316;2018-11-12;0;CC BY-NC 4.0
31676;1401;1.67715;41.9107;536;535;1950100;Olea;Olea europaea;;85;2018;316;2018-11-12;0;CC BY-NC 4.0
20399;1401;1.013;41.1268;132;139;1950100;Olea;Olea europaea;;85;2018;317;2018-11-13;0;CC BY-NC 4.0
31732;1401;1.01252;41.1256;140;138;1950100;Olea;Olea europaea;;85;2018;317;2018-11-13;0;CC BY-NC 4.0
20430;1401;0.66664;41.2876;343;346;1950100;Olea;Olea europaea;;80;2018;322;2018-11-18;0;CC BY-NC 4.0
31709;1401;0.65333;41.2898;342;337;1950100;Olea;Olea europaea;;81;2018;322;2018-11-18;0;CC BY-NC 4.0
26638;1402;-1.67861;42.5222;460;417;1950100;Olea;Olea europaea;;89;2018;330;2018-11-26;0;CC BY-NC 4.0
26632;1402;-1.86222;39.0056;676;680;1950100;Olea;Olea europaea;;89;2018;334;2018-11-30;0;CC BY-NC 4.0
26638;1402;-1.67861;42.5222;460;417;1950100;Olea;Olea europaea;;100;2018;335;2018-12-01;0;CC BY-NC 4.0
26634;1402;-3.56556;38.5211;790;788;1950100;Olea;Olea europaea;;100;2018;341;2018-12-07;0;CC BY-NC 4.0
20430;1401;0.66664;41.2876;343;346;1950100;Olea;Olea europaea;;85;2018;343;2018-12-09;0;CC BY-NC 4.0
31709;1401;0.65333;41.2898;342;337;1950100;Olea;Olea europaea;;85;2018;343;2018-12-09;0;CC BY-NC 4.0
20399;1401;1.013;41.1268;132;139;1950100;Olea;Olea europaea;;60;2019;113;2019-04-23;0;CC BY-NC 4.0
31732;1401;1.01252;41.1256;140;138;1950100;Olea;Olea europaea;;60;2019;113;2019-04-23;0;CC BY-NC 4.0
20412;1401;0.82721;41.5478;262;253;1950100;Olea;Olea europaea;;60;2019;117;2019-04-27;0;CC BY-NC 4.0
31695;1401;0.82628;41.5467;257;251;1950100;Olea;Olea europaea;;60;2019;117;2019-04-27;0;CC BY-NC 4.0
19294;2101;16.45;43.167;20;37;1950100;Olea;Olea europaea;;60;2019;120;2019-04-30;0;CC BY-NC 4.0
20407;1401;2.04738;41.3831;25;32;1950100;Olea;Olea europaea;;60;2019;121;2019-05-01;0;CC BY-NC 4.0
31785;1401;2.04484;41.3839;30;28;1950100;Olea;Olea europaea;;60;2019;122;2019-05-02;0;CC BY-NC 4.0
19299;2101;17.977;42.7124;60;64;1950100;Olea;Olea europaea;;60;2019;132;2019-05-12;0;CC BY-NC 4.0
20407;1401;2.04738;41.3831;25;32;1950100;Olea;Olea europaea;;65;2019;132;2019-05-12;0;CC BY-NC 4.0
20411;1401;1.60442;41.2682;166;172;1950100;Olea;Olea europaea;;60;2019;132;2019-05-12;0;CC BY-NC 4.0
31785;1401;2.04484;41.3839;30;28;1950100;Olea;Olea europaea;;65;2019;132;2019-05-12;0;CC BY-NC 4.0
31721;1401;1.59432;41.2654;135;127;1950100;Olea;Olea europaea;;60;2019;133;2019-05-13;0;CC BY-NC 4.0
20399;1401;1.013;41.1268;132;139;1950100;Olea;Olea europaea;;65;2019;134;2019-05-14;0;CC BY-NC 4.0
31732;1401;1.01252;41.1256;140;138;1950100;Olea;Olea europaea;;65;2019;134;2019-05-14;0;CC BY-NC 4.0
19294;2101;16.45;43.167;20;37;1950100;Olea;Olea europaea;;65;2019;135;2019-05-15;0;CC BY-NC 4.0
20406;1401;1.89791;41.5526;164;164;1950100;Olea;Olea europaea;;60;2019;135;2019-05-15;0;CC BY-NC 4.0
20577;1401;3.07688;41.8538;16;16;1950100;Olea;Olea europaea;;60;2019;135;2019-05-15;0;CC BY-NC 4.0
31673;1401;3.07623;41.861;16;26;1950100;Olea;Olea europaea;;60;2019;135;2019-05-15;0;CC BY-NC 4.0
31744;1401;1.89383;41.5565;193;182;1950100;Olea;Olea europaea;;60;2019;135;2019-05-15;0;CC BY-NC 4.0
19298;2101;14.7687;44.7556;26;18;1950100;Olea;Olea europaea;;60;2019;136;2019-05-16;0;CC BY-NC 4.0
20408;1401;2.12488;41.418;410;382;1950100;Olea;Olea europaea;;60;2019;136;2019-05-16;0;CC BY-NC 4.0
31660;1401;2.12374;41.4187;410;404;1950100;Olea;Olea europaea;;60;2019;137;2019-05-17;0;CC BY-NC 4.0
20430;1401;0.66664;41.2876;343;346;1950100;Olea;Olea europaea;;60;2019;138;2019-05-18;0;CC BY-NC 4.0
31709;1401;0.65333;41.2898;342;337;1950100;Olea;Olea europaea;;60;2019;138;2019-05-18;0;CC BY-NC 4.0
20392;1401;1.84471;41.3519;332;315;1950100;Olea;Olea europaea;;60;2019;139;2019-05-19;0;CC BY-NC 4.0
19299;2101;17.977;42.7124;60;64;1950100;Olea;Olea europaea;;65;2019;140;2019-05-20;0;CC BY-NC 4.0
20431;1401;0.74263;41.084;229;198;1950100;Olea;Olea europaea;;65;2019;140;2019-05-20;0;CC BY-NC 4.0
26634;1402;-3.56556;38.5211;790;788;1950100;Olea;Olea europaea;;65;2019;140;2019-05-20;0;CC BY-NC 4.0
31715;1401;0.741339;41.0827;227;217;1950100;Olea;Olea europaea;;65;2019;140;2019-05-20;0;CC BY-NC 4.0
31743;1401;1.85123;41.3515;275;268;1950100;Olea;Olea europaea;;60;2019;140;2019-05-20;0;CC BY-NC 4.0
20411;1401;1.60442;41.2682;166;172;1950100;Olea;Olea europaea;;65;2019;141;2019-05-21;0;CC BY-NC 4.0
31721;1401;1.59432;41.2654;135;127;1950100;Olea;Olea europaea;;65;2019;141;2019-05-21;0;CC BY-NC 4.0
20428;1401;0.85732;41.1894;316;308;1950100;Olea;Olea europaea;;60;2019;144;2019-05-24;0;CC BY-NC 4.0
20577;1401;3.07688;41.8538;16;16;1950100;Olea;Olea europaea;;65;2019;144;2019-05-24;0;CC BY-NC 4.0
31759;1401;0.875564;41.1788;434;421;1950100;Olea;Olea europaea;;60;2019;144;2019-05-24;0;CC BY-NC 4.0
19294;2101;16.45;43.167;20;37;1950100;Olea;Olea europaea;;69;2019;145;2019-05-25;0;CC BY-NC 4.0
31673;1401;3.07623;41.861;16;26;1950100;Olea;Olea europaea;;65;2019;145;2019-05-25;0;CC BY-NC 4.0
19298;2101;14.7687;44.7556;26;18;1950100;Olea;Olea europaea;;65;2019;147;2019-05-27;0;CC BY-NC 4.0
20430;1401;0.66664;41.2876;343;346;1950100;Olea;Olea europaea;;65;2019;147;2019-05-27;0;CC BY-NC 4.0
31709;1401;0.65333;41.2898;342;337;1950100;Olea;Olea europaea;;65;2019;147;2019-05-27;0;CC BY-NC 4.0
20408;1401;2.12488;41.418;410;382;1950100;Olea;Olea europaea;;65;2019;148;2019-05-28;0;CC BY-NC 4.0
20406;1401;1.89791;41.5526;164;164;1950100;Olea;Olea europaea;;65;2019;149;2019-05-29;0;CC BY-NC 4.0
31660;1401;2.12374;41.4187;410;404;1950100;Olea;Olea europaea;;65;2019;149;2019-05-29;0;CC BY-NC 4.0
31744;1401;1.89383;41.5565;193;182;1950100;Olea;Olea europaea;;65;2019;149;2019-05-29;0;CC BY-NC 4.0
20395;1401;2.09657;41.8144;740;741;1950100;Olea;Olea europaea;;60;2019;150;2019-05-30;0;CC BY-NC 4.0
26632;1402;-1.86222;39.0056;676;680;1950100;Olea;Olea europaea;;61;2019;150;2019-05-30;0;CC BY-NC 4.0
19299;2101;17.977;42.7124;60;64;1950100;Olea;Olea europaea;;69;2019;151;2019-05-31;0;CC BY-NC 4.0
31731;1401;2.10072;41.8106;698;691;1950100;Olea;Olea europaea;;60;2019;151;2019-05-31;0;CC BY-NC 4.0
20392;1401;1.84471;41.3519;332;315;1950100;Olea;Olea europaea;;65;2019;152;2019-06-01;0;CC BY-NC 4.0
20428;1401;0.85732;41.1894;316;308;1950100;Olea;Olea europaea;;65;2019;152;2019-06-01;0;CC BY-NC 4.0
26632;1402;-1.86222;39.0056;676;680;1950100;Olea;Olea europaea;;63;2019;152;2019-06-01;0;CC BY-NC 4.0
31743;1401;1.85123;41.3515;275;268;1950100;Olea;Olea europaea;;65;2019;152;2019-06-01;0;CC BY-NC 4.0
31759;1401;0.875564;41.1788;434;421;1950100;Olea;Olea europaea;;65;2019;152;2019-06-01;0;CC BY-NC 4.0
19298;2101;14.7687;44.7556;26;18;1950100;Olea;Olea europaea;;69;2019;153;2019-06-02;0;CC BY-NC 4.0
26632;1402;-1.86222;39.0056;676;680;1950100;Olea;Olea europaea;;65;2019;154;2019-06-03;0;CC BY-NC 4.0
26638;1402;-1.67861;42.5222;460;417;1950100;Olea;Olea europaea;;61;2019;154;2019-06-03;0;CC BY-NC 4.0
26634;1402;-3.56556;38.5211;790;788;1950100;Olea;Olea europaea;;67;2019;156;2019-06-05;0;CC BY-NC 4.0
20436;1401;1.521;41.9969;664;663;1950100;Olea;Olea europaea;;60;2019;157;2019-06-06;0;CC BY-NC 4.0
26637;1402;-3.81694;40.7461;940;909;1950100;Olea;Olea europaea;;61;2019;157;2019-06-06;0;CC BY-NC 4.0
31802;1401;1.49939;41.9787;756;750;1950100;Olea;Olea europaea;;60;2019;157;2019-06-06;0;CC BY-NC 4.0
6871;201;13.6167;45.4833;2;5;1950100;Olea;Olea europaea;;60;2019;158;2019-06-07;0;CC BY-NC 4.0
20446;1401;2.16516;41.6897;480;494;1950100;Olea;Olea europaea;;65;2019;158;2019-06-07;0;CC BY-NC 4.0
21408;1401;1.68111;41.9142;507;511;1950100;Olea;Olea europaea;;60;2019;160;2019-06-09;0;CC BY-NC 4.0
26638;1402;-1.67861;42.5222;460;417;1950100;Olea;Olea europaea;;63;2019;161;2019-06-10;0;CC BY-NC 4.0
31676;1401;1.67715;41.9107;536;535;1950100;Olea;Olea europaea;;60;2019;161;2019-06-10;0;CC BY-NC 4.0
6871;201;13.6167;45.4833;2;5;1950100;Olea;Olea europaea;;65;2019;162;2019-06-11;0;CC BY-NC 4.0
26637;1402;-3.81694;40.7461;940;909;1950100;Olea;Olea europaea;;63;2019;162;2019-06-11;0;CC BY-NC 4.0
20436;1401;1.521;41.9969;664;663;1950100;Olea;Olea europaea;;65;2019;163;2019-06-12;0;CC BY-NC 4.0
31802;1401;1.49939;41.9787;756;750;1950100;Olea;Olea europaea;;65;2019;163;2019-06-12;0;CC BY-NC 4.0
26632;1402;-1.86222;39.0056;676;680;1950100;Olea;Olea europaea;;67;2019;164;2019-06-13;0;CC BY-NC 4.0
26637;1402;-3.81694;40.7461;940;909;1950100;Olea;Olea europaea;;65;2019;164;2019-06-13;0;CC BY-NC 4.0
26637;1402;-3.81694;40.7461;940;909;1950100;Olea;Olea europaea;;67;2019;167;2019-06-16;0;CC BY-NC 4.0
26638;1402;-1.67861;42.5222;460;417;1950100;Olea;Olea europaea;;65;2019;168;2019-06-17;0;CC BY-NC 4.0
6871;201;13.6167;45.4833;2;5;1950100;Olea;Olea europaea;;69;2019;173;2019-06-22;0;CC BY-NC 4.0
26638;1402;-1.67861;42.5222;460;417;1950100;Olea;Olea europaea;;67;2019;177;2019-06-26;0;CC BY-NC 4.0
21408;1401;1.68111;41.9142;507;511;1950100;Olea;Olea europaea;;65;2019;181;2019-06-30;0;CC BY-NC 4.0
31676;1401;1.67715;41.9107;536;535;1950100;Olea;Olea europaea;;65;2019;182;2019-07-01;0;CC BY-NC 4.0
20577;1401;3.07688;41.8538;16;16;1950100;Olea;Olea europaea;;80;2019;246;2019-09-03;0;CC BY-NC 4.0
31673;1401;3.07623;41.861;16;26;1950100;Olea;Olea europaea;;81;2019;247;2019-09-04;0;CC BY-NC 4.0
19294;2101;16.45;43.167;20;37;1950100;Olea;Olea europaea;;380;2019;263;2019-09-20;0;CC BY-NC 4.0
20411;1401;1.60442;41.2682;166;172;1950100;Olea;Olea europaea;;80;2019;265;2019-09-22;0;CC BY-NC 4.0
31721;1401;1.59432;41.2654;135;127;1950100;Olea;Olea europaea;;81;2019;265;2019-09-22;0;CC BY-NC 4.0
20577;1401;3.07688;41.8538;16;16;1950100;Olea;Olea europaea;;85;2019;268;2019-09-25;0;CC BY-NC 4.0
31673;1401;3.07623;41.861;16;26;1950100;Olea;Olea europaea;;85;2019;268;2019-09-25;0;CC BY-NC 4.0
21408;1401;1.68111;41.9142;507;511;1950100;Olea;Olea europaea;;80;2019;273;2019-09-30;0;CC BY-NC 4.0
20392;1401;1.84471;41.3519;332;315;1950100;Olea;Olea europaea;;85;2019;274;2019-10-01;0;CC BY-NC 4.0
20399;1401;1.013;41.1268;132;139;1950100;Olea;Olea europaea;;80;2019;274;2019-10-01;0;CC BY-NC 4.0
31676;1401;1.67715;41.9107;536;535;1950100;Olea;Olea europaea;;81;2019;274;2019-10-01;0;CC BY-NC 4.0
31732;1401;1.01252;41.1256;140;138;1950100;Olea;Olea europaea;;81;2019;274;2019-10-01;0;CC BY-NC 4.0
31743;1401;1.85123;41.3515;275;268;1950100;Olea;Olea europaea;;85;2019;275;2019-10-02;0;CC BY-NC 4.0
20436;1401;1.521;41.9969;664;663;1950100;Olea;Olea europaea;;80;2019;278;2019-10-05;0;CC BY-NC 4.0
31802;1401;1.49939;41.9787;756;750;1950100;Olea;Olea europaea;;81;2019;278;2019-10-05;0;CC BY-NC 4.0
20411;1401;1.60442;41.2682;166;172;1950100;Olea;Olea europaea;;85;2019;279;2019-10-06;0;CC BY-NC 4.0
31721;1401;1.59432;41.2654;135;127;1950100;Olea;Olea europaea;;85;2019;279;2019-10-06;0;CC BY-NC 4.0
19298;2101;14.7687;44.7556;26;18;1950100;Olea;Olea europaea;;380;2019;280;2019-10-07;0;CC BY-NC 4.0
21408;1401;1.68111;41.9142;507;511;1950100;Olea;Olea europaea;;85;2019;280;2019-10-07;0;CC BY-NC 4.0
31676;1401;1.67715;41.9107;536;535;1950100;Olea;Olea europaea;;85;2019;280;2019-10-07;0;CC BY-NC 4.0
26637;1402;-3.81694;40.7461;940;909;1950100;Olea;Olea europaea;;89;2019;283;2019-10-10;0;CC BY-NC 4.0
20407;1401;2.04738;41.3831;25;32;1950100;Olea;Olea europaea;;80;2019;284;2019-10-11;0;CC BY-NC 4.0
31785;1401;2.04484;41.3839;30;28;1950100;Olea;Olea europaea;;81;2019;284;2019-10-11;0;CC BY-NC 4.0
20408;1401;2.12488;41.418;410;382;1950100;Olea;Olea europaea;;80;2019;286;2019-10-13;0;CC BY-NC 4.0
31660;1401;2.12374;41.4187;410;404;1950100;Olea;Olea europaea;;81;2019;287;2019-10-14;0;CC BY-NC 4.0
19294;2101;16.45;43.167;20;37;1950100;Olea;Olea europaea;;87;2019;288;2019-10-15;0;CC BY-NC 4.0
20428;1401;0.85732;41.1894;316;308;1950100;Olea;Olea europaea;;80;2019;288;2019-10-15;0;CC BY-NC 4.0
31759;1401;0.875564;41.1788;434;421;1950100;Olea;Olea europaea;;81;2019;288;2019-10-15;0;CC BY-NC 4.0
20406;1401;1.89791;41.5526;164;164;1950100;Olea;Olea europaea;;80;2019;289;2019-10-16;0;CC BY-NC 4.0
31744;1401;1.89383;41.5565;193;182;1950100;Olea;Olea europaea;;81;2019;289;2019-10-16;0;CC BY-NC 4.0
19298;2101;14.7687;44.7556;26;18;1950100;Olea;Olea europaea;;87;2019;290;2019-10-17;0;CC BY-NC 4.0
20446;1401;2.16516;41.6897;480;494;1950100;Olea;Olea europaea;;85;2019;292;2019-10-19;0;CC BY-NC 4.0
31775;1401;2.16366;41.6825;422;438;1950100;Olea;Olea europaea;;85;2019;292;2019-10-19;0;CC BY-NC 4.0
20436;1401;1.521;41.9969;664;663;1950100;Olea;Olea europaea;;85;2019;296;2019-10-23;0;CC BY-NC 4.0
31802;1401;1.49939;41.9787;756;750;1950100;Olea;Olea europaea;;85;2019;296;2019-10-23;0;CC BY-NC 4.0
20430;1401;0.66664;41.2876;343;346;1950100;Olea;Olea europaea;;80;2019;297;2019-10-24;0;CC BY-NC 4.0
31709;1401;0.65333;41.2898;342;337;1950100;Olea;Olea europaea;;81;2019;297;2019-10-24;0;CC BY-NC 4.0
20395;1401;2.09657;41.8144;740;741;1950100;Olea;Olea europaea;;80;2019;299;2019-10-26;0;CC BY-NC 4.0
20395;1401;2.09657;41.8144;740;741;1950100;Olea;Olea europaea;;85;2019;299;2019-10-26;0;CC BY-NC 4.0
19299;2101;17.977;42.7124;60;64;1950100;Olea;Olea europaea;;380;2019;300;2019-10-27;0;CC BY-NC 4.0
31731;1401;2.10072;41.8106;698;691;1950100;Olea;Olea europaea;;81;2019;300;2019-10-27;0;CC BY-NC 4.0
31731;1401;2.10072;41.8106;698;691;1950100;Olea;Olea europaea;;85;2019;300;2019-10-27;0;CC BY-NC 4.0
20407;1401;2.04738;41.3831;25;32;1950100;Olea;Olea europaea;;85;2019;303;2019-10-30;0;CC BY-NC 4.0
31785;1401;2.04484;41.3839;30;28;1950100;Olea;Olea europaea;;85;2019;303;2019-10-30;0;CC BY-NC 4.0
20408;1401;2.12488;41.418;410;382;1950100;Olea;Olea europaea;;85;2019;305;2019-11-01;0;CC BY-NC 4.0
31660;1401;2.12374;41.4187;410;404;1950100;Olea;Olea europaea;;85;2019;306;2019-11-02;0;CC BY-NC 4.0
20406;1401;1.89791;41.5526;164;164;1950100;Olea;Olea europaea;;85;2019;317;2019-11-13;0;CC BY-NC 4.0
31744;1401;1.89383;41.5565;193;182;1950100;Olea;Olea europaea;;85;2019;317;2019-11-13;0;CC BY-NC 4.0
19299;2101;17.977;42.7124;60;64;1950100;Olea;Olea europaea;;87;2019;320;2019-11-16;0;CC BY-NC 4.0
20399;1401;1.013;41.1268;132;139;1950100;Olea;Olea europaea;;85;2019;323;2019-11-19;0;CC BY-NC 4.0
31732;1401;1.01252;41.1256;140;138;1950100;Olea;Olea europaea;;85;2019;323;2019-11-19;0;CC BY-NC 4.0
26638;1402;-1.67861;42.5222;460;417;1950100;Olea;Olea europaea;;89;2019;335;2019-12-01;0;CC BY-NC 4.0
26632;1402;-1.86222;39.0056;676;680;1950100;Olea;Olea europaea;;89;2019;336;2019-12-02;0;CC BY-NC 4.0
26638;1402;-1.67861;42.5222;460;417;1950100;Olea;Olea europaea;;100;2019;341;2019-12-07;0;CC BY-NC 4.0
26634;1402;-3.56556;38.5211;790;788;1950100;Olea;Olea europaea;;89;2019;344;2019-12-10;0;CC BY-NC 4.0
20430;1401;0.66664;41.2876;343;346;1950100;Olea;Olea europaea;;85;2019;355;2019-12-21;0;CC BY-NC 4.0
31709;1401;0.65333;41.2898;342;337;1950100;Olea;Olea europaea;;85;2019;355;2019-12-21;0;CC BY-NC 4.0
26634;1402;-3.56556;38.5211;790;788;1950100;Olea;Olea europaea;;100;2019;364;2019-12-30;0;CC BY-NC 4.0
20399;1401;1.013;41.1268;132;139;1950100;Olea;Olea europaea;;60;2020;119;2020-04-28;0;CC BY-NC 4.0
31732;1401;1.01252;41.1256;140;138;1950100;Olea;Olea europaea;;60;2020;119;2020-04-28;0;CC BY-NC 4.0
20406;1401;1.89791;41.5526;164;164;1950100;Olea;Olea europaea;;60;2020;120;2020-04-29;0;CC BY-NC 4.0
31744;1401;1.89383;41.5565;193;182;1950100;Olea;Olea europaea;;60;2020;120;2020-04-29;0;CC BY-NC 4.0
20450;2701;19.0833;42.1;6;0;1950100;Olea;Olea europaea;;60;2020;123;2020-05-02;0;CC BY-NC 4.0
19294;2101;16.45;43.167;20;37;1950100;Olea;Olea europaea;;60;2020;126;2020-05-05;0;CC BY-NC 4.0
20399;1401;1.013;41.1268;132;139;1950100;Olea;Olea europaea;;65;2020;126;2020-05-05;0;CC BY-NC 4.0
20408;1401;2.12488;41.418;410;382;1950100;Olea;Olea europaea;;60;2020;126;2020-05-05;0;CC BY-NC 4.0
31732;1401;1.01252;41.1256;140;138;1950100;Olea;Olea europaea;;65;2020;126;2020-05-05;0;CC BY-NC 4.0
20406;1401;1.89791;41.5526;164;164;1950100;Olea;Olea europaea;;65;2020;127;2020-05-06;0;CC BY-NC 4.0
20430;1401;0.66664;41.2876;343;346;1950100;Olea;Olea europaea;;60;2020;127;2020-05-06;0;CC BY-NC 4.0
20577;1401;3.07688;41.8538;16;16;1950100;Olea;Olea europaea;;60;2020;127;2020-05-06;0;CC BY-NC 4.0
31660;1401;2.12374;41.4187;410;404;1950100;Olea;Olea europaea;;60;2020;127;2020-05-06;0;CC BY-NC 4.0
31673;1401;3.07623;41.861;16;26;1950100;Olea;Olea europaea;;60;2020;127;2020-05-06;0;CC BY-NC 4.0
31709;1401;0.65333;41.2898;342;337;1950100;Olea;Olea europaea;;60;2020;127;2020-05-06;0;CC BY-NC 4.0
31744;1401;1.89383;41.5565;193;182;1950100;Olea;Olea europaea;;65;2020;127;2020-05-06;0;CC BY-NC 4.0
20392;1401;1.84471;41.3519;332;315;1950100;Olea;Olea europaea;;60;2020;128;2020-05-07;0;CC BY-NC 4.0
20411;1401;1.60442;41.2682;166;172;1950100;Olea;Olea europaea;;60;2020;128;2020-05-07;0;CC BY-NC 4.0
31721;1401;1.59432;41.2654;135;127;1950100;Olea;Olea europaea;;60;2020;128;2020-05-07;0;CC BY-NC 4.0
31743;1401;1.85123;41.3515;275;268;1950100;Olea;Olea europaea;;60;2020;128;2020-05-07;0;CC BY-NC 4.0
20431;1401;0.74263;41.084;229;198;1950100;Olea;Olea europaea;;65;2020;129;2020-05-08;0;CC BY-NC 4.0
31715;1401;0.741339;41.0827;227;217;1950100;Olea;Olea europaea;;65;2020;129;2020-05-08;0;CC BY-NC 4.0
19298;2101;14.7687;44.7556;26;18;1950100;Olea;Olea europaea;;60;2020;132;2020-05-11;0;CC BY-NC 4.0
20411;1401;1.60442;41.2682;166;172;1950100;Olea;Olea europaea;;65;2020;132;2020-05-11;0;CC BY-NC 4.0
31721;1401;1.59432;41.2654;135;127;1950100;Olea;Olea europaea;;65;2020;132;2020-05-11;0;CC BY-NC 4.0
20408;1401;2.12488;41.418;410;382;1950100;Olea;Olea europaea;;65;2020;133;2020-05-12;0;CC BY-NC 4.0
20577;1401;3.07688;41.8538;16;16;1950100;Olea;Olea europaea;;65;2020;133;2020-05-12;0;CC BY-NC 4.0
31660;1401;2.12374;41.4187;410;404;1950100;Olea;Olea europaea;;65;2020;133;2020-05-12;0;CC BY-NC 4.0
31673;1401;3.07623;41.861;16;26;1950100;Olea;Olea europaea;;65;2020;133;2020-05-12;0;CC BY-NC 4.0
20446;1401;2.16516;41.6897;480;494;1950100;Olea;Olea europaea;;60;2020;135;2020-05-14;0;CC BY-NC 4.0
19294;2101;16.45;43.167;20;37;1950100;Olea;Olea europaea;;65;2020;136;2020-05-15;0;CC BY-NC 4.0
20392;1401;1.84471;41.3519;332;315;1950100;Olea;Olea europaea;;65;2020;136;2020-05-15;0;CC BY-NC 4.0
20430;1401;0.66664;41.2876;343;346;1950100;Olea;Olea europaea;;65;2020;136;2020-05-15;0;CC BY-NC 4.0
31709;1401;0.65333;41.2898;342;337;1950100;Olea;Olea europaea;;65;2020;136;2020-05-15;0;CC BY-NC 4.0
31775;1401;2.16366;41.6825;422;438;1950100;Olea;Olea europaea;;60;2020;136;2020-05-15;0;CC BY-NC 4.0
31743;1401;1.85123;41.3515;275;268;1950100;Olea;Olea europaea;;65;2020;137;2020-05-16;0;CC BY-NC 4.0
19299;2101;17.977;42.7124;60;64;1950100;Olea;Olea europaea;;60;2020;139;2020-05-18;0;CC BY-NC 4.0
26632;1402;-1.86222;39.0056;676;680;1950100;Olea;Olea europaea;;61;2020;141;2020-05-20;0;CC BY-NC 4.0
20428;1401;0.85732;41.1894;316;308;1950100;Olea;Olea europaea;;60;2020;142;2020-05-21;0;CC BY-NC 4.0
20450;2701;19.0833;42.1;6;0;1950100;Olea;Olea europaea;;65;2020;142;2020-05-21;0;CC BY-NC 4.0
21408;1401;1.68111;41.9142;507;511;1950100;Olea;Olea europaea;;60;2020;142;2020-05-21;0;CC BY-NC 4.0
31759;1401;0.875564;41.1788;434;421;1950100;Olea;Olea europaea;;60;2020;142;2020-05-21;0;CC BY-NC 4.0
26632;1402;-1.86222;39.0056;676;680;1950100;Olea;Olea europaea;;63;2020;143;2020-05-22;0;CC BY-NC 4.0
31676;1401;1.67715;41.9107;536;535;1950100;Olea;Olea europaea;;60;2020;143;2020-05-22;0;CC BY-NC 4.0
20395;1401;2.09657;41.8144;740;741;1950100;Olea;Olea europaea;;60;2020;144;2020-05-23;0;CC BY-NC 4.0
20436;1401;1.521;41.9969;664;663;1950100;Olea;Olea europaea;;60;2020;144;2020-05-23;0;CC BY-NC 4.0
6871;201;13.6167;45.4833;2;5;1950100;Olea;Olea europaea;;60;2020;145;2020-05-24;0;CC BY-NC 4.0
26632;1402;-1.86222;39.0056;676;680;1950100;Olea;Olea europaea;;65;2020;145;2020-05-24;0;CC BY-NC 4.0
31731;1401;2.10072;41.8106;698;691;1950100;Olea;Olea europaea;;60;2020;145;2020-05-24;0;CC BY-NC 4.0
31802;1401;1.49939;41.9787;756;750;1950100;Olea;Olea europaea;;60;2020;145;2020-05-24;0;CC BY-NC 4.0
19294;2101;16.45;43.167;20;37;1950100;Olea;Olea europaea;;69;2020;146;2020-05-25;0;CC BY-NC 4.0
19298;2101;14.7687;44.7556;26;18;1950100;Olea;Olea europaea;;65;2020;146;2020-05-25;0;CC BY-NC 4.0
19299;2101;17.977;42.7124;60;64;1950100;Olea;Olea europaea;;65;2020;147;2020-05-26;0;CC BY-NC 4.0
6871;201;13.6167;45.4833;2;5;1950100;Olea;Olea europaea;;65;2020;149;2020-05-28;0;CC BY-NC 4.0
20436;1401;1.521;41.9969;664;663;1950100;Olea;Olea europaea;;65;2020;151;2020-05-30;0;CC BY-NC 4.0
26632;1402;-1.86222;39.0056;676;680;1950100;Olea;Olea europaea;;67;2020;151;2020-05-30;0;CC BY-NC 4.0
31802;1401;1.49939;41.9787;756;750;1950100;Olea;Olea europaea;;65;2020;151;2020-05-30;0;CC BY-NC 4.0
19299;2101;17.977;42.7124;60;64;1950100;Olea;Olea europaea;;69;2020;152;2020-05-31;0;CC BY-NC 4.0
20428;1401;0.85732;41.1894;316;308;1950100;Olea;Olea europaea;;65;2020;153;2020-06-01;0;CC BY-NC 4.0
21408;1401;1.68111;41.9142;507;511;1950100;Olea;Olea europaea;;65;2020;153;2020-06-01;0;CC BY-NC 4.0
26637;1402;-3.81694;40.7461;940;909;1950100;Olea;Olea europaea;;61;2020;153;2020-06-01;0;CC BY-NC 4.0
31676;1401;1.67715;41.9107;536;535;1950100;Olea;Olea europaea;;65;2020;153;2020-06-01;0;CC BY-NC 4.0
31759;1401;0.875564;41.1788;434;421;1950100;Olea;Olea europaea;;65;2020;153;2020-06-01;0;CC BY-NC 4.0
19298;2101;14.7687;44.7556;26;18;1950100;Olea;Olea europaea;;69;2020;155;2020-06-03;0;CC BY-NC 4.0
26637;1402;-3.81694;40.7461;940;909;1950100;Olea;Olea europaea;;63;2020;155;2020-06-03;0;CC BY-NC 4.0
26637;1402;-3.81694;40.7461;940;909;1950100;Olea;Olea europaea;;65;2020;156;2020-06-04;0;CC BY-NC 4.0
6871;201;13.6167;45.4833;2;5;1950100;Olea;Olea europaea;;69;2020;159;2020-06-07;0;CC BY-NC 4.0
26637;1402;-3.81694;40.7461;940;909;1950100;Olea;Olea europaea;;67;2020;162;2020-06-10;0;CC BY-NC 4.0
20577;1401;3.07688;41.8538;16;16;1950100;Olea;Olea europaea;;80;2020;250;2020-09-06;0;CC BY-NC 4.0
31673;1401;3.07623;41.861;16;26;1950100;Olea;Olea europaea;;81;2020;251;2020-09-07;0;CC BY-NC 4.0
20399;1401;1.013;41.1268;132;139;1950100;Olea;Olea europaea;;80;2020;259;2020-09-15;0;CC BY-NC 4.0
31732;1401;1.01252;41.1256;140;138;1950100;Olea;Olea europaea;;81;2020;259;2020-09-15;0;CC BY-NC 4.0
20408;1401;2.12488;41.418;410;382;1950100;Olea;Olea europaea;;80;2020;265;2020-09-21;0;CC BY-NC 4.0
31660;1401;2.12374;41.4187;410;404;1950100;Olea;Olea europaea;;81;2020;265;2020-09-21;0;CC BY-NC 4.0
20577;1401;3.07688;41.8538;16;16;1950100;Olea;Olea europaea;;85;2020;272;2020-09-28;0;CC BY-NC 4.0
20411;1401;1.60442;41.2682;166;172;1950100;Olea;Olea europaea;;80;2020;273;2020-09-29;0;CC BY-NC 4.0
31673;1401;3.07623;41.861;16;26;1950100;Olea;Olea europaea;;85;2020;273;2020-09-29;0;CC BY-NC 4.0
20450;2701;19.0833;42.1;6;0;1950100;Olea;Olea europaea;;87;2020;274;2020-09-30;0;CC BY-NC 4.0
31721;1401;1.59432;41.2654;135;127;1950100;Olea;Olea europaea;;81;2020;274;2020-09-30;0;CC BY-NC 4.0
21408;1401;1.68111;41.9142;507;511;1950100;Olea;Olea europaea;;80;2020;275;2020-10-01;0;CC BY-NC 4.0
31676;1401;1.67715;41.9107;536;535;1950100;Olea;Olea europaea;;81;2020;276;2020-10-02;0;CC BY-NC 4.0
20436;1401;1.521;41.9969;664;663;1950100;Olea;Olea europaea;;80;2020;277;2020-10-03;0;CC BY-NC 4.0
31802;1401;1.49939;41.9787;756;750;1950100;Olea;Olea europaea;;81;2020;277;2020-10-03;0;CC BY-NC 4.0
20399;1401;1.013;41.1268;132;139;1950100;Olea;Olea europaea;;85;2020;280;2020-10-06;0;CC BY-NC 4.0
31732;1401;1.01252;41.1256;140;138;1950100;Olea;Olea europaea;;85;2020;280;2020-10-06;0;CC BY-NC 4.0
20392;1401;1.84471;41.3519;332;315;1950100;Olea;Olea europaea;;80;2020;281;2020-10-07;0;CC BY-NC 4.0
31743;1401;1.85123;41.3515;275;268;1950100;Olea;Olea europaea;;81;2020;281;2020-10-07;0;CC BY-NC 4.0
19298;2101;14.7687;44.7556;26;18;1950100;Olea;Olea europaea;;380;2020;282;2020-10-08;0;CC BY-NC 4.0
20428;1401;0.85732;41.1894;316;308;1950100;Olea;Olea europaea;;80;2020;283;2020-10-09;0;CC BY-NC 4.0
31759;1401;0.875564;41.1788;434;421;1950100;Olea;Olea europaea;;81;2020;283;2020-10-09;0;CC BY-NC 4.0
19294;2101;16.45;43.167;20;37;1950100;Olea;Olea europaea;;380;2020;284;2020-10-10;0;CC BY-NC 4.0
20408;1401;2.12488;41.418;410;382;1950100;Olea;Olea europaea;;85;2020;285;2020-10-11;0;CC BY-NC 4.0
26637;1402;-3.81694;40.7461;940;909;1950100;Olea;Olea europaea;;89;2020;285;2020-10-11;0;CC BY-NC 4.0
31660;1401;2.12374;41.4187;410;404;1950100;Olea;Olea europaea;;85;2020;286;2020-10-12;0;CC BY-NC 4.0
20436;1401;1.521;41.9969;664;663;1950100;Olea;Olea europaea;;85;2020;287;2020-10-13;0;CC BY-NC 4.0
31802;1401;1.49939;41.9787;756;750;1950100;Olea;Olea europaea;;85;2020;287;2020-10-13;0;CC BY-NC 4.0
20406;1401;1.89791;41.5526;164;164;1950100;Olea;Olea europaea;;80;2020;288;2020-10-14;0;CC BY-NC 4.0
31744;1401;1.89383;41.5565;193;182;1950100;Olea;Olea europaea;;81;2020;288;2020-10-14;0;CC BY-NC 4.0
19299;2101;17.977;42.7124;60;64;1950100;Olea;Olea europaea;;380;2020;289;2020-10-15;0;CC BY-NC 4.0
21408;1401;1.68111;41.9142;507;511;1950100;Olea;Olea europaea;;85;2020;289;2020-10-15;0;CC BY-NC 4.0
31676;1401;1.67715;41.9107;536;535;1950100;Olea;Olea europaea;;85;2020;290;2020-10-16;0;CC BY-NC 4.0
19298;2101;14.7687;44.7556;26;18;1950100;Olea;Olea europaea;;87;2020;294;2020-10-20;0;CC BY-NC 4.0
31672;1401;2.16958;41.6138;175;167;1950100;Olea;Olea europaea;;85;2020;294;2020-10-20;0;CC BY-NC 4.0
20392;1401;1.84471;41.3519;332;315;1950100;Olea;Olea europaea;;85;2020;296;2020-10-22;0;CC BY-NC 4.0
31743;1401;1.85123;41.3515;275;268;1950100;Olea;Olea europaea;;85;2020;296;2020-10-22;0;CC BY-NC 4.0
19294;2101;16.45;43.167;20;37;1950100;Olea;Olea europaea;;87;2020;299;2020-10-25;0;CC BY-NC 4.0
20446;1401;2.16516;41.6897;480;494;1950100;Olea;Olea europaea;;85;2020;300;2020-10-26;0;CC BY-NC 4.0
31775;1401;2.16366;41.6825;422;438;1950100;Olea;Olea europaea;;85;2020;300;2020-10-26;0;CC BY-NC 4.0
20395;1401;2.09657;41.8144;740;741;1950100;Olea;Olea europaea;;80;2020;301;2020-10-27;0;CC BY-NC 4.0
19299;2101;17.977;42.7124;60;64;1950100;Olea;Olea europaea;;87;2020;302;2020-10-28;0;CC BY-NC 4.0
20406;1401;1.89791;41.5526;164;164;1950100;Olea;Olea europaea;;85;2020;302;2020-10-28;0;CC BY-NC 4.0
31731;1401;2.10072;41.8106;698;691;1950100;Olea;Olea europaea;;81;2020;302;2020-10-28;0;CC BY-NC 4.0
31744;1401;1.89383;41.5565;193;182;1950100;Olea;Olea europaea;;85;2020;302;2020-10-28;0;CC BY-NC 4.0
20430;1401;0.66664;41.2876;343;346;1950100;Olea;Olea europaea;;80;2020;304;2020-10-30;0;CC BY-NC 4.0
20649;1402;-3.92028;38.9892;628;632;1950100;Olea;Olea europaea;;89;2020;304;2020-10-30;0;CC BY-NC 4.0
31709;1401;0.65333;41.2898;342;337;1950100;Olea;Olea europaea;;81;2020;304;2020-10-30;0;CC BY-NC 4.0
20395;1401;2.09657;41.8144;740;741;1950100;Olea;Olea europaea;;85;2020;306;2020-11-01;0;CC BY-NC 4.0
31731;1401;2.10072;41.8106;698;691;1950100;Olea;Olea europaea;;85;2020;306;2020-11-01;0;CC BY-NC 4.0
26632;1402;-1.86222;39.0056;676;680;1950100;Olea;Olea europaea;;89;2020;307;2020-11-02;0;CC BY-NC 4.0
20430;1401;0.66664;41.2876;343;346;1950100;Olea;Olea europaea;;85;2020;356;2020-12-21;0;CC BY-NC 4.0
31709;1401;0.65333;41.2898;342;337;1950100;Olea;Olea europaea;;85;2020;356;2020-12-21;0;CC BY-NC 4.0
31642;1401;0.47445;41.7116;305;301;1950100;Olea;Olea europaea;;60;2021;91;2021-04-01;0;CC BY-NC 4.0
20450;2701;19.0833;42.1;6;0;1950100;Olea;Olea europaea;;60;2021;93;2021-04-03;0;CC BY-NC 4.0
20450;2701;19.0833;42.1;6;0;1950100;Olea;Olea europaea;;65;2021;99;2021-04-09;0;CC BY-NC 4.0
20450;2701;19.0833;42.1;6;0;1950100;Olea;Olea europaea;;69;2021;104;2021-04-14;0;CC BY-NC 4.0
31642;1401;0.47445;41.7116;305;301;1950100;Olea;Olea europaea;;65;2021;106;2021-04-16;0;CC BY-NC 4.0
31660;1401;2.12374;41.4187;410;404;1950100;Olea;Olea europaea;;60;2021;121;2021-05-01;0;CC BY-NC 4.0
31695;1401;0.82628;41.5467;257;251;1950100;Olea;Olea europaea;;60;2021;123;2021-05-03;0;CC BY-NC 4.0
31732;1401;1.01252;41.1256;140;138;1950100;Olea;Olea europaea;;60;2021;124;2021-05-04;0;CC BY-NC 4.0
31785;1401;2.04484;41.3839;30;28;1950100;Olea;Olea europaea;;60;2021;125;2021-05-05;0;CC BY-NC 4.0
31660;1401;2.12374;41.4187;410;404;1950100;Olea;Olea europaea;;65;2021;134;2021-05-14;0;CC BY-NC 4.0
31785;1401;2.04484;41.3839;30;28;1950100;Olea;Olea europaea;;65;2021;134;2021-05-14;0;CC BY-NC 4.0
31721;1401;1.59432;41.2654;135;127;1950100;Olea;Olea europaea;;60;2021;137;2021-05-17;0;CC BY-NC 4.0
31715;1401;0.741339;41.0827;227;217;1950100;Olea;Olea europaea;;65;2021;138;2021-05-18;0;CC BY-NC 4.0
31732;1401;1.01252;41.1256;140;138;1950100;Olea;Olea europaea;;65;2021;138;2021-05-18;0;CC BY-NC 4.0
31672;1401;2.16958;41.6138;175;167;1950100;Olea;Olea europaea;;60;2021;139;2021-05-19;0;CC BY-NC 4.0
31673;1401;3.07623;41.861;16;26;1950100;Olea;Olea europaea;;60;2021;139;2021-05-19;0;CC BY-NC 4.0
20649;1402;-3.92028;38.9892;628;632;1950100;Olea;Olea europaea;;63;2021;140;2021-05-20;0;CC BY-NC 4.0
31709;1401;0.65333;41.2898;342;337;1950100;Olea;Olea europaea;;60;2021;141;2021-05-21;0;CC BY-NC 4.0
31673;1401;3.07623;41.861;16;26;1950100;Olea;Olea europaea;;65;2021;144;2021-05-24;0;CC BY-NC 4.0
31759;1401;0.875564;41.1788;434;421;1950100;Olea;Olea europaea;;60;2021;144;2021-05-24;0;CC BY-NC 4.0
26634;1402;-3.56556;38.5211;790;788;1950100;Olea;Olea europaea;;61;2021;145;2021-05-25;0;CC BY-NC 4.0
31672;1401;2.16958;41.6138;175;167;1950100;Olea;Olea europaea;;65;2021;145;2021-05-25;0;CC BY-NC 4.0
31743;1401;1.85123;41.3515;275;268;1950100;Olea;Olea europaea;;60;2021;145;2021-05-25;0;CC BY-NC 4.0
31744;1401;1.89383;41.5565;193;182;1950100;Olea;Olea europaea;;60;2021;146;2021-05-26;0;CC BY-NC 4.0
26632;1402;-1.86222;39.0056;676;680;1950100;Olea;Olea europaea;;61;2021;147;2021-05-27;0;CC BY-NC 4.0
31695;1401;0.82628;41.5467;257;251;1950100;Olea;Olea europaea;;65;2021;147;2021-05-27;0;CC BY-NC 4.0
20649;1402;-3.92028;38.9892;628;632;1950100;Olea;Olea europaea;;65;2021;148;2021-05-28;0;CC BY-NC 4.0
26634;1402;-3.56556;38.5211;790;788;1950100;Olea;Olea europaea;;63;2021;148;2021-05-28;0;CC BY-NC 4.0
26632;1402;-1.86222;39.0056;676;680;1950100;Olea;Olea europaea;;63;2021;150;2021-05-30;0;CC BY-NC 4.0
31709;1401;0.65333;41.2898;342;337;1950100;Olea;Olea europaea;;65;2021;150;2021-05-30;0;CC BY-NC 4.0
31721;1401;1.59432;41.2654;135;127;1950100;Olea;Olea europaea;;65;2021;150;2021-05-30;0;CC BY-NC 4.0
26638;1402;-1.67861;42.5222;460;417;1950100;Olea;Olea europaea;;61;2021;151;2021-05-31;0;CC BY-NC 4.0
26634;1402;-3.56556;38.5211;790;788;1950100;Olea;Olea europaea;;65;2021;152;2021-06-01;0;CC BY-NC 4.0
31743;1401;1.85123;41.3515;275;268;1950100;Olea;Olea europaea;;65;2021;152;2021-06-01;0;CC BY-NC 4.0
31759;1401;0.875564;41.1788;434;421;1950100;Olea;Olea europaea;;65;2021;152;2021-06-01;0;CC BY-NC 4.0
26632;1402;-1.86222;39.0056;676;680;1950100;Olea;Olea europaea;;65;2021;153;2021-06-02;0;CC BY-NC 4.0
26638;1402;-1.67861;42.5222;460;417;1950100;Olea;Olea europaea;;63;2021;153;2021-06-02;0;CC BY-NC 4.0
31676;1401;1.67715;41.9107;536;535;1950100;Olea;Olea europaea;;60;2021;155;2021-06-04;0;CC BY-NC 4.0
31802;1401;1.49939;41.9787;756;750;1950100;Olea;Olea europaea;;60;2021;157;2021-06-06;0;CC BY-NC 4.0
26637;1402;-3.81694;40.7461;940;909;1950100;Olea;Olea europaea;;61;2021;159;2021-06-08;0;CC BY-NC 4.0
26632;1402;-1.86222;39.0056;676;680;1950100;Olea;Olea europaea;;67;2021;160;2021-06-09;0;CC BY-NC 4.0
26634;1402;-3.56556;38.5211;790;788;1950100;Olea;Olea europaea;;67;2021;160;2021-06-09;0;CC BY-NC 4.0
31744;1401;1.89383;41.5565;193;182;1950100;Olea;Olea europaea;;65;2021;160;2021-06-09;0;CC BY-NC 4.0
26637;1402;-3.81694;40.7461;940;909;1950100;Olea;Olea europaea;;63;2021;161;2021-06-10;0;CC BY-NC 4.0
26637;1402;-3.81694;40.7461;940;909;1950100;Olea;Olea europaea;;65;2021;163;2021-06-12;0;CC BY-NC 4.0
26637;1402;-3.81694;40.7461;940;909;1950100;Olea;Olea europaea;;67;2021;165;2021-06-14;0;CC BY-NC 4.0
31802;1401;1.49939;41.9787;756;750;1950100;Olea;Olea europaea;;65;2021;166;2021-06-15;0;CC BY-NC 4.0
31676;1401;1.67715;41.9107;536;535;1950100;Olea;Olea europaea;;65;2021;169;2021-06-18;0;CC BY-NC 4.0
31673;1401;3.07623;41.861;16;26;1950100;Olea;Olea europaea;;81;2021;250;2021-09-07;0;CC BY-NC 4.0
31721;1401;1.59432;41.2654;135;127;1950100;Olea;Olea europaea;;81;2021;259;2021-09-16;0;CC BY-NC 4.0
31732;1401;1.01252;41.1256;140;138;1950100;Olea;Olea europaea;;81;2021;271;2021-09-28;0;CC BY-NC 4.0
31672;1401;2.16958;41.6138;175;167;1950100;Olea;Olea europaea;;81;2021;272;2021-09-29;0;CC BY-NC 4.0
31642;1401;0.47445;41.7116;305;301;1950100;Olea;Olea europaea;;81;2021;274;2021-10-01;0;CC BY-NC 4.0
31676;1401;1.67715;41.9107;536;535;1950100;Olea;Olea europaea;;81;2021;277;2021-10-04;0;CC BY-NC 4.0
31744;1401;1.89383;41.5565;193;182;1950100;Olea;Olea europaea;;81;2021;279;2021-10-06;0;CC BY-NC 4.0
31759;1401;0.875564;41.1788;434;421;1950100;Olea;Olea europaea;;81;2021;279;2021-10-06;0;CC BY-NC 4.0
31802;1401;1.49939;41.9787;756;750;1950100;Olea;Olea europaea;;81;2021;281;2021-10-08;0;CC BY-NC 4.0
31785;1401;2.04484;41.3839;30;28;1950100;Olea;Olea europaea;;81;2021;282;2021-10-09;0;CC BY-NC 4.0
31743;1401;1.85123;41.3515;275;268;1950100;Olea;Olea europaea;;81;2021;285;2021-10-12;0;CC BY-NC 4.0
31642;1401;0.47445;41.7116;305;301;1950100;Olea;Olea europaea;;85;2021;286;2021-10-13;0;CC BY-NC 4.0
31676;1401;1.67715;41.9107;536;535;1950100;Olea;Olea europaea;;85;2021;288;2021-10-15;0;CC BY-NC 4.0
31721;1401;1.59432;41.2654;135;127;1950100;Olea;Olea europaea;;85;2021;289;2021-10-16;0;CC BY-NC 4.0
31802;1401;1.49939;41.9787;756;750;1950100;Olea;Olea europaea;;85;2021;290;2021-10-17;0;CC BY-NC 4.0
31673;1401;3.07623;41.861;16;26;1950100;Olea;Olea europaea;;85;2021;291;2021-10-18;0;CC BY-NC 4.0
31743;1401;1.85123;41.3515;275;268;1950100;Olea;Olea europaea;;85;2021;292;2021-10-19;0;CC BY-NC 4.0
31785;1401;2.04484;41.3839;30;28;1950100;Olea;Olea europaea;;85;2021;295;2021-10-22;0;CC BY-NC 4.0
31709;1401;0.65333;41.2898;342;337;1950100;Olea;Olea europaea;;81;2021;297;2021-10-24;0;CC BY-NC 4.0
31744;1401;1.89383;41.5565;193;182;1950100;Olea;Olea europaea;;85;2021;300;2021-10-27;0;CC BY-NC 4.0
31731;1401;2.10072;41.8106;698;691;1950100;Olea;Olea europaea;;85;2021;303;2021-10-30;0;CC BY-NC 4.0
31732;1401;1.01252;41.1256;140;138;1950100;Olea;Olea europaea;;85;2021;306;2021-11-02;0;CC BY-NC 4.0
31672;1401;2.16958;41.6138;175;167;1950100;Olea;Olea europaea;;85;2021;308;2021-11-04;0;CC BY-NC 4.0
26638;1402;-1.67861;42.5222;460;417;1950100;Olea;Olea europaea;;89;2021;317;2021-11-13;0;CC BY-NC 4.0
31775;1401;2.16366;41.6825;422;438;1950100;Olea;Olea europaea;;85;2021;317;2021-11-13;0;CC BY-NC 4.0
26634;1402;-3.56556;38.5211;790;788;1950100;Olea;Olea europaea;;89;2021;320;2021-11-16;0;CC BY-NC 4.0
26638;1402;-1.67861;42.5222;460;417;1950100;Olea;Olea europaea;;100;2021;320;2021-11-16;0;CC BY-NC 4.0
20450;2701;19.0833;42.1;6;0;1950100;Olea;Olea europaea;;87;2021;328;2021-11-24;0;CC BY-NC 4.0
20649;1402;-3.92028;38.9892;628;632;1950100;Olea;Olea europaea;;89;2021;328;2021-11-24;0;CC BY-NC 4.0
20649;1402;-3.92028;38.9892;628;632;1950100;Olea;Olea europaea;;100;2021;337;2021-12-03;0;CC BY-NC 4.0
26632;1402;-1.86222;39.0056;676;680;1950100;Olea;Olea europaea;;89;2021;344;2021-12-10;0;CC BY-NC 4.0
31709;1401;0.65333;41.2898;342;337;1950100;Olea;Olea europaea;;85;2021;349;2021-12-15;0;CC BY-NC 4.0
26634;1402;-3.56556;38.5211;790;788;1950100;Olea;Olea europaea;;100;2021;351;2021-12-17;0;CC BY-NC 4.0
19294;2101;16.45;43.167;20;37;1950100;Olea;Olea europaea;;60;2022;125;2022-05-05;0;CC BY-NC 4.0
19298;2101;14.7687;44.7556;26;18;1950100;Olea;Olea europaea;;60;2022;130;2022-05-10;0;CC BY-NC 4.0
19299;2101;17.977;42.7124;60;64;1950100;Olea;Olea europaea;;60;2022;134;2022-05-14;0;CC BY-NC 4.0
19294;2101;16.45;43.167;20;37;1950100;Olea;Olea europaea;;65;2022;140;2022-05-20;0;CC BY-NC 4.0
19298;2101;14.7687;44.7556;26;18;1950100;Olea;Olea europaea;;65;2022;141;2022-05-21;0;CC BY-NC 4.0
19299;2101;17.977;42.7124;60;64;1950100;Olea;Olea europaea;;65;2022;141;2022-05-21;0;CC BY-NC 4.0
19294;2101;16.45;43.167;20;37;1950100;Olea;Olea europaea;;69;2022;145;2022-05-25;0;CC BY-NC 4.0
26632;1402;-1.86222;39.0056;676;680;1950100;Olea;Olea europaea;;61;2022;146;2022-05-26;0;CC BY-NC 4.0
19299;2101;17.977;42.7124;60;64;1950100;Olea;Olea europaea;;69;2022;147;2022-05-27;0;CC BY-NC 4.0
26632;1402;-1.86222;39.0056;676;680;1950100;Olea;Olea europaea;;63;2022;148;2022-05-28;0;CC BY-NC 4.0
26634;1402;-3.56556;38.5211;790;788;1950100;Olea;Olea europaea;;61;2022;149;2022-05-29;0;CC BY-NC 4.0
26632;1402;-1.86222;39.0056;676;680;1950100;Olea;Olea europaea;;65;2022;150;2022-05-30;0;CC BY-NC 4.0
26634;1402;-3.56556;38.5211;790;788;1950100;Olea;Olea europaea;;63;2022;154;2022-06-03;0;CC BY-NC 4.0
19298;2101;14.7687;44.7556;26;18;1950100;Olea;Olea europaea;;69;2022;155;2022-06-04;0;CC BY-NC 4.0
26638;1402;-1.67861;42.5222;460;417;1950100;Olea;Olea europaea;;63;2022;155;2022-06-04;0;CC BY-NC 4.0
26634;1402;-3.56556;38.5211;790;788;1950100;Olea;Olea europaea;;65;2022;157;2022-06-06;0;CC BY-NC 4.0
26637;1402;-3.81694;40.7461;940;909;1950100;Olea;Olea europaea;;61;2022;159;2022-06-08;0;CC BY-NC 4.0
26632;1402;-1.86222;39.0056;676;680;1950100;Olea;Olea europaea;;67;2022;162;2022-06-11;0;CC BY-NC 4.0
26637;1402;-3.81694;40.7461;940;909;1950100;Olea;Olea europaea;;63;2022;162;2022-06-11;0;CC BY-NC 4.0
26637;1402;-3.81694;40.7461;940;909;1950100;Olea;Olea europaea;;65;2022;164;2022-06-13;0;CC BY-NC 4.0
26637;1402;-3.81694;40.7461;940;909;1950100;Olea;Olea europaea;;67;2022;168;2022-06-17;0;CC BY-NC 4.0
26634;1402;-3.56556;38.5211;790;788;1950100;Olea;Olea europaea;;67;2022;169;2022-06-18;0;CC BY-NC 4.0
26637;1402;-3.81694;40.7461;940;909;1950100;Olea;Olea europaea;;89;2022;270;2022-09-27;0;CC BY-NC 4.0
19294;2101;16.45;43.167;20;37;1950100;Olea;Olea europaea;;380;2022;283;2022-10-10;0;CC BY-NC 4.0
19298;2101;14.7687;44.7556;26;18;1950100;Olea;Olea europaea;;380;2022;284;2022-10-11;0;CC BY-NC 4.0
19298;2101;14.7687;44.7556;26;18;1950100;Olea;Olea europaea;;87;2022;293;2022-10-20;0;CC BY-NC 4.0
19299;2101;17.977;42.7124;60;64;1950100;Olea;Olea europaea;;380;2022;293;2022-10-20;0;CC BY-NC 4.0
26632;1402;-1.86222;39.0056;676;680;1950100;Olea;Olea europaea;;89;2022;305;2022-11-01;0;CC BY-NC 4.0
19299;2101;17.977;42.7124;60;64;1950100;Olea;Olea europaea;;87;2022;308;2022-11-04;0;CC BY-NC 4.0
26638;1402;-1.67861;42.5222;460;417;1950100;Olea;Olea europaea;;89;2022;308;2022-11-04;0;CC BY-NC 4.0
26638;1402;-1.67861;42.5222;460;417;1950100;Olea;Olea europaea;;100;2022;313;2022-11-09;0;CC BY-NC 4.0
19294;2101;16.45;43.167;20;37;1950100;Olea;Olea europaea;;87;2022;314;2022-11-10;0;CC BY-NC 4.0
26634;1402;-3.56556;38.5211;790;788;1950100;Olea;Olea europaea;;100;2022;342;2022-12-08;0;CC BY-NC 4.0
26632;1402;-1.86222;39.0056;676;680;1950100;Olea;Olea europaea;;100;2025;8;2025-01-08;0;CC BY-NC 4.0
