mode,cohort,window,predictor,n,r,p,partial_r_lag,partial_p_lag,n_partial,abs_r,abs_partial_r
demeaned_nodana,arbequina,maturation,mean_tmax,80,-0.4716362070711181,1.0051106723183599e-05,-0.6416634367386558,2.1571306256727615e-09,70,0.4716362070711181,0.6416634367386558
demeaned_nodana,arbequina,summer,sum_precip,80,-0.23480938476384952,0.0360331187420938,-0.5872966926766853,9.08246602731453e-08,70,0.23480938476384952,0.5872966926766853
demeaned_nodana,arbequina,summer,ratio_p_et0,80,-0.1961080349985014,0.0812621181899319,-0.571113182928817,2.432562566786447e-07,70,0.1961080349985014,0.571113182928817
demeaned_nodana,min500ha,maturation,mean_tmax,144,-0.42101924494448134,1.4840521564231638e-07,-0.5324721655637366,1.3872131321009787e-10,126,0.42101924494448134,0.5324721655637366
demeaned,arbequina,summer,sum_precip,100,-0.2973383724037832,0.002662289101881954,-0.5278285328181883,8.993406565377584e-08,90,0.2973383724037832,0.5278285328181883
demeaned_nodana,arbequina,fruit_set,sum_precip,80,-0.3593587907200025,0.001061472654791528,-0.5146017774428816,5.179485670408378e-06,70,0.3593587907200025,0.5146017774428816
demeaned,arbequina,summer,ratio_p_et0,100,-0.27769116442407893,0.005154177284561585,-0.5045558291035916,3.9640313711335527e-07,90,0.27769116442407893,0.5045558291035916
demeaned_nodana,min500ha,set_to_dev,mean_tmax,144,-0.44307729800693196,2.6789829316258024e-08,-0.48390292974208277,9.450425327590131e-09,126,0.44307729800693196,0.48390292974208277
demeaned_nodana,arbequina,calendar_year,mean_tmax,80,-0.3234170115300201,0.0034303930576435504,-0.48223188195086486,2.3661660249150006e-05,70,0.3234170115300201,0.48223188195086486
demeaned_nodana,all_olive,calendar_year,mean_tmax,284,-0.3897635930671097,9.713562505478024e-12,-0.47248167833186594,3.397093675676284e-15,248,0.3897635930671097,0.47248167833186594
demeaned_nodana,all_olive,maturation,mean_tmax,284,-0.4017021087698823,1.9441597335579503e-12,-0.4700330869308295,4.917708893500268e-15,248,0.4017021087698823,0.4700330869308295
raw,arbequina,spring,sum_precip,100,-0.36091133419177357,0.00022524208876079064,-0.4664148290407678,3.5978087378414467e-06,90,0.36091133419177357,0.4664148290407678
demeaned,min500ha,agro_year,sum_et0,180,-0.37912521840234686,1.5348688025087164e-07,-0.4660085084425626,4.123731752485381e-10,162,0.37912521840234686,0.4660085084425626
demeaned_nodana,arbequina,set_to_dev,mean_tmax,80,-0.48347186888623617,5.551266763575509e-06,-0.4631549069300183,5.4041242919701335e-05,70,0.48347186888623617,0.4631549069300183
demeaned_nodana,min500ha,calendar_year,mean_tmax,144,-0.3229410418193926,7.886299287694424e-05,-0.4603099431452931,5.85933305067453e-08,126,0.3229410418193926,0.4603099431452931
demeaned,arbequina,set_to_dev,sum_precip,100,-0.23166263965350947,0.020387198852445436,-0.45674484748597766,6.04106585315203e-06,90,0.23166263965350947,0.45674484748597766
demeaned_nodana,arbequina,fruit_set,ratio_p_et0,80,-0.31823831511972306,0.004017229770523208,-0.45484542078658474,7.628365782034196e-05,70,0.31823831511972306,0.45484542078658474
demeaned_nodana,min500ha,summer,mean_tmax,144,-0.3799096356269359,2.6466659261664135e-06,-0.45219168000287685,1.064073908325655e-07,126,0.3799096356269359,0.45219168000287685
demeaned_nodana,all_olive,fruit_dev,mean_tmax,284,-0.3783134530357848,4.280586838561095e-11,-0.4494130583844995,9.884246592411844e-14,248,0.3783134530357848,0.4494130583844995
demeaned_nodana,arbequina,summer,sum_cwb,80,-0.10875980226154673,0.33689434991388684,-0.4356538825436762,0.00016360668199821965,70,0.10875980226154673,0.4356538825436762
demeaned_nodana,all_olive,set_to_dev,mean_tmax,284,-0.3935142124289528,5.900722006552016e-12,-0.43556950702681047,6.635243329483819e-13,248,0.3935142124289528,0.43556950702681047
raw,arbequina,summer,sum_precip,100,-0.2579741192452409,0.00956068128781321,-0.4332877577826094,1.9927533322677112e-05,90,0.2579741192452409,0.4332877577826094
demeaned_nodana,min500ha,fruit_dev,mean_tmax,144,-0.3515689132109154,1.5545514795570814e-05,-0.4299513407581704,5.050339937805717e-07,126,0.3515689132109154,0.4299513407581704
demeaned,arbequina,set_to_dev,ratio_p_et0,100,-0.19649746301996346,0.05006391570374562,-0.4296884382594574,2.374955559619571e-05,90,0.19649746301996346,0.4296884382594574
demeaned_nodana,arbequina,summer,mean_tmax,80,-0.33369140235673483,0.0024874757691982887,-0.4283076722892368,0.00021653059007223173,70,0.33369140235673483,0.4283076722892368
demeaned,min500ha,winter_recharge,sum_et0,180,-0.37212084471004075,2.6941478664490635e-07,-0.42609322776384756,1.5757526183799395e-08,162,0.37212084471004075,0.42609322776384756
demeaned_nodana,arbequina,spring,sum_precip,80,-0.46998086972903386,1.0902244792520059e-05,-0.42475118388870364,0.0002474332155925908,70,0.46998086972903386,0.42475118388870364
demeaned_nodana,all_olive,agro_year,sum_et0,284,-0.2893506707836164,7.004112046575345e-07,-0.42423400369856895,2.961737293352353e-12,248,0.2893506707836164,0.42423400369856895
demeaned,all_olive,agro_year,sum_et0,354,-0.3224754885797027,5.21065045603467e-10,-0.42091051385897155,4.37316304459686e-15,318,0.3224754885797027,0.42091051385897155
demeaned_nodana,arbequina,set_to_dev,sum_precip,80,-0.01871248745438238,0.8691408997478053,-0.4196077648005217,0.00029931419225083175,70,0.01871248745438238,0.4196077648005217
demeaned,min500ha,agro_year,mean_vpd,180,-0.10754915080959682,0.1507059621306016,-0.41479213611203825,4.0693491833684946e-08,162,0.10754915080959682,0.41479213611203825
raw,arbequina,spring,ratio_p_et0,100,-0.29913984466615756,0.002500022859473493,-0.4145950181600012,4.852295752399696e-05,90,0.29913984466615756,0.4145950181600012
demeaned,arbequina,winter_recharge,sum_et0,100,-0.5289467022074397,1.5378514254887016e-08,-0.4135135999035074,5.100543803683724e-05,90,0.5289467022074397,0.4135135999035074
demeaned_nodana,all_olive,agro_year,mean_vpd,284,-0.22221037351855327,0.00015965474415366383,-0.4104589071533566,1.694626649842389e-11,248,0.22221037351855327,0.4104589071533566
demeaned,arbequina,agro_year,sum_et0,100,-0.5083492348011097,6.685594083271689e-08,-0.4074942309855069,6.712521066608075e-05,90,0.5083492348011097,0.4074942309855069
demeaned,arbequina,summer,sum_cwb,100,-0.21001460696243146,0.03597665521776232,-0.4043893363260822,7.71833354893747e-05,90,0.21001460696243146,0.4043893363260822
demeaned_nodana,min500ha,summer,sum_precip,144,-0.2334009048008978,0.0048717484171857065,-0.4001832164086129,3.4370946860578232e-06,126,0.2334009048008978,0.4001832164086129
raw,arbequina,summer,days_vpd_gt2,100,-0.4875851584902166,2.674670366387918e-07,-0.3994343176991682,9.617568828701341e-05,90,0.4875851584902166,0.3994343176991682
demeaned_nodana,arbequina,maturation,sum_et0,80,-0.3036360641420237,0.006180961312142267,-0.3990129698189692,0.0006226263780625702,70,0.3036360641420237,0.3990129698189692
demeaned_nodana,arbequina,spring,ratio_p_et0,80,-0.4573874867436237,1.9960730888475263e-05,-0.3957328765368777,0.0006966829803210641,70,0.4573874867436237,0.3957328765368777
raw,arbequina,summer,mean_vpd,100,-0.4923258550007997,1.9646585725286625e-07,-0.39561278857359594,0.00011369226573347504,90,0.4923258550007997,0.39561278857359594
demeaned_nodana,arbequina,fruit_dev,mean_tmax,80,-0.41668614217715116,0.00012069449239750721,-0.39539041446045275,0.0007048590861963768,70,0.41668614217715116,0.39539041446045275
demeaned_nodana,min500ha,agro_year,sum_et0,144,-0.30084654954377543,0.000248354739441752,-0.39378688123504685,5.0690683639028685e-06,126,0.30084654954377543,0.39378688123504685
raw,arbequina,agro_year,mean_vpd,100,-0.4078423491744918,2.5335025707497438e-05,-0.3934757934942308,0.00012473317346800689,90,0.4078423491744918,0.3934757934942308
demeaned_nodana,all_olive,maturation,sum_et0,284,-0.303491808815825,1.8331536250285634e-07,-0.3922038706985169,1.5171900591979908e-10,248,0.303491808815825,0.3922038706985169
demeaned_nodana,min500ha,agro_year,mean_vpd,144,-0.09825052082843104,0.24137067704271142,-0.3913400804323428,5.8688468763551014e-06,126,0.09825052082843104,0.3913400804323428
demeaned_nodana,arbequina,set_to_dev,ratio_p_et0,80,0.05352045778865068,0.6372796877870262,-0.39130069655857763,0.0008094639035479127,70,0.05352045778865068,0.39130069655857763
demeaned_nodana,arbequina,agro_year,sum_et0,80,-0.49197940779191335,3.5731689259509272e-06,-0.39126216590621243,0.0008105130716295706,70,0.49197940779191335,0.39126216590621243
raw,arbequina,calendar_year,days_vpd_gt2,100,-0.47862451520302995,4.732271855410858e-07,-0.3892479205605831,0.00014955900255152676,90,0.47862451520302995,0.3892479205605831
demeaned_nodana,all_olive,calendar_year,mean_vpd,284,-0.3257746688158789,1.9107804868803446e-08,-0.38888894381384165,2.2271943893799196e-10,248,0.3257746688158789,0.38888894381384165
demeaned_nodana,min500ha,set_to_dev,mean_vpd,144,-0.383981314139587,2.0237332529220785e-06,-0.38636430184960385,7.877416885259277e-06,126,0.383981314139587,0.38636430184960385
raw,arbequina,set_to_dev,days_vpd_gt2,100,-0.48893657115583,2.4506534304957425e-07,-0.3841216220146329,0.00018577142166945285,90,0.48893657115583,0.3841216220146329
raw,arbequina,agro_year,days_vpd_gt2,100,-0.47518151954005106,5.867109168518886e-07,-0.3834414873017263,0.0001911423570034822,90,0.47518151954005106,0.3834414873017263
demeaned,all_olive,agro_year,mean_vpd,354,-0.19801625662456707,0.0001770664111469746,-0.3819631506883803,1.7409410347155498e-12,318,0.19801625662456707,0.3819631506883803
demeaned_nodana,min500ha,summer,mean_vpd,144,-0.36406962896667655,7.2680367820497525e-06,-0.3811428173742337,1.067358913610753e-05,126,0.36406962896667655,0.3811428173742337
raw,arbequina,bloom_to_set,days_vpd_gt2,100,-0.40021414348331796,3.6971789352676256e-05,-0.3811345715969921,0.0002104462711646324,90,0.40021414348331796,0.3811345715969921
demeaned,all_olive,winter_recharge,sum_et0,354,-0.2706032257713787,2.3392256957858782e-07,-0.3810686523968349,1.9795857882709586e-12,318,0.2706032257713787,0.3810686523968349
demeaned,min500ha,summer,sum_precip,180,-0.25892602231658807,0.00044860889294599343,-0.3794931089300648,6.347321085699866e-07,162,0.25892602231658807,0.3794931089300648
raw,min500ha,summer,mean_vpd,180,-0.45010904169761323,2.3069892571327645e-10,-0.3776765396161451,7.249437028394688e-07,162,0.45010904169761323,0.3776765396161451
raw,min500ha,summer,sum_precip,180,-0.3067689945262976,2.8079898099026984e-05,-0.37664420197667287,7.815325934002732e-07,162,0.3067689945262976,0.37664420197667287
demeaned_nodana,all_olive,fruit_dev,mean_vpd,284,-0.33170665617993744,1.0140367844125857e-08,-0.3756509012229058,9.89154164186242e-10,248,0.33170665617993744,0.3756509012229058
raw,arbequina,spring,days_vpd_gt2,100,-0.3937556293219717,5.055362699385259e-05,-0.37563128549702685,0.0002639861811973495,90,0.3937556293219717,0.37563128549702685
demeaned,arbequina,set_to_dev,sum_cwb,100,-0.15438587662110537,0.12511348837257186,-0.3743029422684534,0.00027866500857263304,90,0.15438587662110537,0.3743029422684534
raw,arbequina,bloom_to_set,sum_precip,100,-0.2985818598266821,0.0025493040288642036,-0.37291213261231093,0.00029483666885244677,90,0.2985818598266821,0.37291213261231093
raw,arbequina,summer,mean_tmax,100,-0.4481565529084004,2.9300463958218284e-06,-0.37071268755675396,0.0003221821243398702,90,0.4481565529084004,0.37071268755675396
demeaned,min500ha,set_to_dev,sum_precip,180,-0.24714370613474226,0.0008236577709378179,-0.3703060734029966,1.2328557052033222e-06,162,0.24714370613474226,0.3703060734029966
demeaned_nodana,min500ha,spring,sum_precip,144,-0.3992293009425889,7.17074202860418e-07,-0.36907013709459674,2.1125941143193626e-05,126,0.3992293009425889,0.36907013709459674
raw,arbequina,set_to_dev,mean_vpd,100,-0.48503102816229465,3.1522663553682203e-07,-0.36868584089765316,0.0003494279620886772,90,0.48503102816229465,0.36868584089765316
demeaned,arbequina,maturation,mean_tmax,100,-0.218772105619653,0.028758682871434453,-0.36847138742081115,0.00035243134219374215,90,0.218772105619653,0.36847138742081115
raw,arbequina,calendar_year,sum_precip,100,-0.20515118291981102,0.040603919268306816,-0.3679099537633097,0.0003604068314055372,90,0.20515118291981102,0.3679099537633097
demeaned,all_olive,calendar_year,mean_tmax,354,-0.29582639114976345,1.3971094677184046e-08,-0.3678868546927229,1.256668415781369e-11,318,0.29582639114976345,0.3678868546927229
demeaned,arbequina,fruit_set,sum_precip,100,-0.32744926659912316,0.0008825856479317736,-0.3647469347292769,0.0004085235961901353,90,0.32744926659912316,0.3647469347292769
raw,arbequina,fruit_dev,days_vpd_gt2,100,-0.4903984199895281,2.2284600918885641e-07,-0.3646012630617036,0.0004108755029784356,90,0.4903984199895281,0.3646012630617036
demeaned_nodana,arbequina,maturation,mean_vpd,80,-0.3684258129657302,0.0007722662221932841,-0.36455438220663916,0.001917721603903998,70,0.3684258129657302,0.36455438220663916
raw,arbequina,fruit_set,days_vpd_gt2,100,-0.4001575489674431,3.707433908755299e-05,-0.3624807665183421,0.000446548638056169,90,0.4001575489674431,0.3624807665183421
demeaned_nodana,all_olive,agro_year,mean_tmax,284,-0.15640390359886255,0.008280581242591949,-0.36206463712797915,4.267484188854422e-09,248,0.15640390359886255,0.36206463712797915
raw,arbequina,prev_summer,mean_vpd,90,-0.43908684771604833,1.4957117837301078e-05,-0.36054446743186674,0.0004815818281787147,90,0.43908684771604833,0.36054446743186674
demeaned,min500ha,calendar_year,mean_tmax,180,-0.22175770526878916,0.00277332974935768,-0.3601646647849351,2.506332606699799e-06,162,0.22175770526878916,0.3601646647849351
demeaned,arbequina,spring,sum_precip,100,-0.4221595572183277,1.215199590862606e-05,-0.35956545519140837,0.0005002378185527374,90,0.4221595572183277,0.35956545519140837
demeaned,all_olive,agro_year,mean_tmax,354,-0.14880466373910542,0.005024226947208033,-0.3589100444983335,4.21991800714925e-11,318,0.14880466373910542,0.3589100444983335
demeaned_nodana,arbequina,agro_year,mean_vpd,80,0.0734093931935901,0.5175453844566399,-0.3580490822074786,0.002340020472405419,70,0.0734093931935901,0.3580490822074786
demeaned_nodana,min500ha,fruit_set,mean_tmax,144,-0.32056025765851315,8.962772410218692e-05,-0.3563485417341268,4.2141413631160765e-05,126,0.32056025765851315,0.3563485417341268
raw,arbequina,fruit_dev,mean_vpd,100,-0.49272769938552885,1.9135367271016008e-07,-0.35299075015581033,0.0006436908336269181,90,0.49272769938552885,0.35299075015581033
demeaned,arbequina,calendar_year,sum_precip,100,-0.35225418785317114,0.0003254223242705873,-0.35252708891025575,0.0006551057114171238,90,0.35225418785317114,0.35252708891025575
demeaned,arbequina,fruit_dev,sum_precip,100,-0.11076799826168524,0.2725828719197137,-0.3525073200931217,0.0006555964866872137,90,0.11076799826168524,0.3525073200931217
raw,min500ha,agro_year,mean_vpd,180,-0.37393690566600124,2.3314074357317608e-07,-0.35180402482411627,4.418097939900602e-06,162,0.37393690566600124,0.35180402482411627
demeaned,arbequina,agro_year,mean_vpd,100,0.05658732788890884,0.5760202989512286,-0.35071861689700995,0.0007014185210298973,90,0.05658732788890884,0.35071861689700995
demeaned_nodana,all_olive,summer,mean_tmax,284,-0.31289724532214447,7.219667103557355e-08,-0.3504439941723707,1.4130359221584059e-08,248,0.31289724532214447,0.3504439941723707
raw,arbequina,summer,ratio_p_et0,100,-0.15497858584221497,0.12365317251412378,-0.3501366713212389,0.00071694550780374,90,0.15497858584221497,0.3501366713212389
raw,min500ha,summer,days_vpd_gt2,180,-0.4343127627302485,1.119674939380227e-09,-0.34969828193764585,5.083317238667485e-06,162,0.4343127627302485,0.34969828193764585
demeaned_nodana,all_olive,set_to_dev,mean_vpd,284,-0.3309737556400785,1.0974092245502811e-08,-0.34912494764038693,1.613837992297998e-08,248,0.3309737556400785,0.34912494764038693
raw,arbequina,spring,sum_cwb,100,-0.21704232956296213,0.03007795493180934,-0.347624474445338,0.0007876405368815924,90,0.21704232956296213,0.347624474445338
raw,min500ha,fruit_set,days_vpd_gt2,180,-0.37283248203922315,2.5459928933135043e-07,-0.34712171857551327,6.026769255722377e-06,162,0.37283248203922315,0.34712171857551327
raw,min500ha,bloom_to_set,days_vpd_gt2,180,-0.3641756572622404,5.020036182601733e-07,-0.3466314560800855,6.224142124155626e-06,162,0.3641756572622404,0.3466314560800855
raw,min500ha,maturation,sum_cwb,180,-0.2517609288514261,0.0006513496127316093,-0.34574148068963684,6.59818592487424e-06,162,0.2517609288514261,0.34574148068963684
demeaned,min500ha,fruit_dev,sum_precip,180,-0.21267332386752597,0.0041530312900887895,-0.3453198987299469,6.7827145518186695e-06,162,0.21267332386752597,0.3453198987299469
demeaned,min500ha,agro_year,mean_tmax,180,-0.018958694745155113,0.8005709572884139,-0.3442222283147663,7.286382484999412e-06,162,0.018958694745155113,0.3442222283147663
raw,arbequina,agro_year,sum_et0,100,-0.5507920287548066,2.8961084768086554e-09,-0.34422059911950337,0.000893578690113461,90,0.5507920287548066,0.34422059911950337
raw,arbequina,fruit_set,mean_vpd,100,-0.3695085446635672,0.0001546730747421605,-0.34300074922026835,0.0009345975900422935,90,0.3695085446635672,0.34300074922026835
raw,arbequina,fruit_set,mean_tmax,100,-0.35027560405205926,0.0003534555734780223,-0.3421868287744977,0.0009629124387097348,90,0.35027560405205926,0.3421868287744977
raw,arbequina,prev_summer,days_vpd_gt2,90,-0.4243296156701463,3.0726881964902414e-05,-0.3418599050795666,0.0009745036685936478,90,0.4243296156701463,0.3418599050795666
demeaned,arbequina,calendar_year,mean_tmax,100,-0.20344797520521665,0.042337591470259985,-0.34184091016313845,0.0009751810292191957,90,0.20344797520521665,0.34184091016313845
raw,min500ha,set_to_dev,days_vpd_gt2,180,-0.4298586657293312,1.7228993779687898e-09,-0.34020647135429505,9.447668044417134e-06,162,0.4298586657293312,0.34020647135429505
raw,min500ha,set_to_dev,mean_vpd,180,-0.42925114272875486,1.8263304198853692e-09,-0.3401589037731167,9.476578954637672e-06,162,0.42925114272875486,0.3401589037731167
raw,min500ha,calendar_year,days_vpd_gt2,180,-0.42052165549922293,4.167851634078324e-09,-0.33972784361762254,9.742415453638776e-06,162,0.42052165549922293,0.33972784361762254
demeaned_nodana,min500ha,calendar_year,mean_vpd,144,-0.23593308436633154,0.004415758862341293,-0.33923977202291,0.00010195685020416416,126,0.23593308436633154,0.33923977202291
demeaned,arbequina,fruit_dev,ratio_p_et0,100,-0.06750757608088276,0.504548420637167,-0.33865870457277086,0.0010948994643150951,90,0.06750757608088276,0.33865870457277086
demeaned_nodana,min500ha,summer,ratio_p_et0,144,-0.17705983406182582,0.03375352767024111,-0.3378858940745869,0.00010910494060659998,126,0.17705983406182582,0.3378858940745869
demeaned_nodana,arbequina,spring,sum_cwb,80,-0.4226396086218678,9.407905979129157e-05,-0.33781729853198805,0.004235228197388552,70,0.4226396086218678,0.33781729853198805
raw,min500ha,agro_year,days_vpd_gt2,180,-0.4191625289861557,4.7292225268385734e-09,-0.3369940114440454,1.1599847100959745e-05,162,0.4191625289861557,0.3369940114440454
demeaned_nodana,arbequina,spring,days_vpd_gt2,80,-0.08042989240320172,0.4781911043221825,-0.33631668689303584,0.004419068542229772,70,0.08042989240320172,0.33631668689303584
demeaned_nodana,min500ha,fruit_dev,mean_vpd,144,-0.31159160346801185,0.00014376536715929046,-0.33623003665821916,0.00011848206749000157,126,0.31159160346801185,0.33623003665821916
raw,min500ha,calendar_year,sum_precip,180,-0.2610586297356436,0.00040065826622191064,-0.3353072172957966,1.2907912704282657e-05,162,0.2610586297356436,0.3353072172957966
demeaned_nodana,min500ha,prev_fruit_dev,days_vpd_gt2,126,0.35346263992728494,4.908958654467075e-05,0.33529038034283715,0.00012413185974626467,126,0.35346263992728494,0.33529038034283715
raw,min500ha,maturation,ratio_p_et0,180,-0.26208869224372355,0.00037923981097584346,-0.333732135723987,1.4254174001867501e-05,162,0.26208869224372355,0.333732135723987
raw,min500ha,fruit_set,mean_vpd,180,-0.3486150243845132,1.6195230007783592e-06,-0.3320998842091611,1.5788605208450424e-05,162,0.3486150243845132,0.3320998842091611
raw,arbequina,summer,sum_et0,100,-0.4381302534098715,5.142543536750498e-06,-0.3317011240554522,0.0014044356248355454,90,0.4381302534098715,0.3317011240554522
raw,min500ha,spring,sum_precip,180,-0.2970334926005421,5.140877908962661e-05,-0.3311147797982833,1.6788792294608948e-05,162,0.2970334926005421,0.3311147797982833
raw,arbequina,prev_fruit_dev,mean_vpd,90,-0.41442540012298057,4.8904737646892696e-05,-0.33043582472723904,0.0014685854817033243,90,0.41442540012298057,0.33043582472723904
demeaned_nodana,arbequina,maturation,sum_cwb,80,0.2877344925334613,0.009652081607986448,0.32992237746435,0.005284114558803667,70,0.2877344925334613,0.32992237746435
demeaned,min500ha,summer,mean_tmax,180,-0.2590573870369922,0.00044550817613533993,-0.32873331075320883,1.9459422466306893e-05,162,0.2590573870369922,0.32873331075320883
demeaned,min500ha,summer,ratio_p_et0,180,-0.21777891087310725,0.003316315344331895,-0.3272861752041239,2.127295323505438e-05,162,0.21777891087310725,0.3272861752041239
demeaned,arbequina,fruit_set,ratio_p_et0,100,-0.3009384532017073,0.0023469557695098933,-0.3272640162199061,0.0016412192651221395,90,0.3009384532017073,0.3272640162199061
raw,arbequina,bloom_to_set,mean_vpd,100,-0.36497837692848334,0.00018879879255558976,-0.3269112871012769,0.001661509612064376,90,0.36497837692848334,0.3269112871012769
raw,arbequina,calendar_year,mean_vpd,100,-0.43620013274296504,5.7190523677809895e-06,-0.32672961100739395,0.0016720485780455758,90,0.43620013274296504,0.32672961100739395
demeaned,arbequina,spring,ratio_p_et0,100,-0.40477198158061084,2.9530647422374904e-05,-0.3260299644023429,0.0017132017455908843,90,0.40477198158061084,0.3260299644023429
demeaned_nodana,min500ha,spring,ratio_p_et0,144,-0.36592867689615155,6.4731918563797454e-06,-0.3253481388133184,0.0002013735307919648,126,0.36592867689615155,0.3253481388133184
raw,min500ha,maturation,sum_et0,180,0.24595668672652166,0.000874273715974469,0.32506195332137466,2.437386701789143e-05,162,0.24595668672652166,0.32506195332137466
raw,min500ha,maturation,sum_precip,180,-0.23319477729515384,0.0016305297467306358,-0.3227901006666974,2.7977691482434317e-05,162,0.23319477729515384,0.3227901006666974
demeaned_nodana,all_olive,calendar_year,sum_et0,284,-0.2518293166039762,1.7500915963940887e-05,-0.32258863279131295,2.0583893597819248e-07,248,0.2518293166039762,0.32258863279131295
demeaned_nodana,arbequina,fruit_set,mean_tmax,80,-0.2532280627517359,0.02342878256181745,-0.31905190638447195,0.007101138351233986,70,0.2532280627517359,0.31905190638447195
raw,arbequina,bloom,sum_precip,100,-0.19290471945621762,0.05449306440300602,-0.3175335657347341,0.0022913356557913516,90,0.19290471945621762,0.3175335657347341
demeaned,min500ha,set_to_dev,ratio_p_et0,180,-0.1966970444792613,0.008133242862954892,-0.3173898555972559,3.865933052807288e-05,162,0.1966970444792613,0.3173898555972559
demeaned_nodana,all_olive,fruit_dev,sum_et0,284,-0.288266049594487,7.739664951249146e-07,-0.316439174160817,3.5900870257323493e-07,248,0.288266049594487,0.316439174160817
demeaned_nodana,arbequina,set_to_dev,sum_cwb,80,0.10233859958040986,0.3663598939272053,-0.316284266055062,0.007643422561857492,70,0.10233859958040986,0.316284266055062
demeaned_nodana,min500ha,set_to_dev,sum_et0,144,-0.34360365180917496,2.4821783485912624e-05,-0.3161391000007016,0.00031067719369787337,126,0.34360365180917496,0.3161391000007016
demeaned_nodana,arbequina,summer,mean_vpd,80,-0.3455937689312633,0.0016907393075427963,-0.31574129905530934,0.007753967993999014,70,0.3455937689312633,0.31574129905530934
raw,min500ha,set_to_dev,sum_precip,180,-0.2237390150250893,0.002534170276100156,-0.31536239464294474,4.358049359451941e-05,162,0.2237390150250893,0.31536239464294474
raw,min500ha,fruit_dev,mean_vpd,180,-0.422702564374714,3.3989357238231136e-09,-0.31505831998281336,4.436744212273774e-05,162,0.422702564374714,0.31505831998281336
demeaned_nodana,min500ha,set_to_dev,days_vpd_gt2,144,-0.3258587418554335,6.731925169558925e-05,-0.3131297963492038,0.00035690206684466395,126,0.3258587418554335,0.3131297963492038
demeaned,min500ha,fruit_dev,ratio_p_et0,180,-0.16717721777714276,0.024890259027334823,-0.3130790764694501,4.982523518924361e-05,162,0.16717721777714276,0.3130790764694501
raw,arbequina,set_to_dev,mean_tmax,100,-0.4387596775507856,4.966704837120269e-06,-0.31283630095052317,0.002681451287245665,90,0.4387596775507856,0.31283630095052317
demeaned_nodana,min500ha,calendar_year,days_vpd_gt2,144,-0.27874869901884264,0.0007166111434932975,-0.31263864922566387,0.000365023475716157,126,0.27874869901884264,0.31263864922566387
raw,min500ha,spring,days_vpd_gt2,180,-0.3314883162591221,5.47822250214456e-06,-0.3122683673368843,5.22378005649764e-05,162,0.3314883162591221,0.3122683673368843
raw,arbequina,bloom,days_vpd_gt2,100,-0.319827950130144,0.001179831855119959,-0.31193282020429447,0.002762990665312433,90,0.319827950130144,0.31193282020429447
demeaned,arbequina,calendar_year,ratio_p_et0,100,-0.31823894915754863,0.001252264237427313,-0.3105802640548545,0.0028892227747420274,90,0.31823894915754863,0.3105802640548545
demeaned_nodana,arbequina,calendar_year,mean_vpd,80,-0.22677573853411415,0.043087865506689936,-0.30962122006224335,0.00910021779512187,70,0.22677573853411415,0.30962122006224335
demeaned_nodana,arbequina,set_to_dev,mean_vpd,80,-0.396940276596314,0.00026693348635127096,-0.3094758026256471,0.009134543675202436,70,0.396940276596314,0.3094758026256471
demeaned_nodana,min500ha,spring,sum_cwb,144,-0.35537518736903473,1.2374738896997369e-05,-0.3088888861130673,0.00043288593884165073,126,0.35537518736903473,0.3088888861130673
raw,min500ha,fruit_dev,sum_precip,180,-0.16842276080329446,0.0238177929319924,-0.30831135908676033,6.56699960478027e-05,162,0.16842276080329446,0.30831135908676033
demeaned_nodana,all_olive,set_to_dev,sum_et0,284,-0.3072534974616822,1.2677800952769163e-07,-0.3081446258542294,7.455559499438504e-07,248,0.3072534974616822,0.3081446258542294
demeaned,arbequina,agro_year,mean_tmax,100,0.1276832130168925,0.20552455806057132,-0.3080912978871962,0.0031351034730690308,90,0.1276832130168925,0.3080912978871962
raw,arbequina,maturation,sum_et0,100,0.15168894125223972,0.13192585570091192,0.3080403014899104,0.0031403315966483753,90,0.15168894125223972,0.3080403014899104
demeaned_nodana,arbequina,maturation,ratio_p_et0,80,0.27496076190737617,0.013572021776805044,0.3056473754906235,0.010079816764615637,70,0.27496076190737617,0.3056473754906235
demeaned_nodana,arbequina,bloom_to_set,sum_precip,80,-0.364426642563419,0.0008895937465581602,-0.3044715937816614,0.010386723722867888,70,0.364426642563419,0.3044715937816614
demeaned,min500ha,winter_recharge,mean_vpd,180,-0.10367085794639717,0.16607228196154783,-0.30410822616883665,8.344398748380139e-05,162,0.10367085794639717,0.30410822616883665
demeaned_nodana,all_olive,maturation,mean_vpd,284,-0.2912625977957415,5.867629870444105e-07,-0.30325785851137016,1.134935944444387e-06,248,0.2912625977957415,0.30325785851137016
raw,arbequina,set_to_dev,sum_et0,100,-0.4373593934334538,5.365891042724287e-06,-0.3024912048172434,0.003758109111516398,90,0.4373593934334538,0.3024912048172434
demeaned_nodana,min500ha,maturation,sum_et0,144,-0.19242476322020888,0.020854428394197506,-0.3020117338059077,0.0005884012634456628,126,0.19242476322020888,0.3020117338059077
raw,min500ha,fruit_dev,days_vpd_gt2,180,-0.4095145111993558,1.1413293785644064e-08,-0.3018019660231669,9.501851203084705e-05,162,0.4095145111993558,0.3018019660231669
demeaned_nodana,min500ha,agro_year,days_vpd_gt2,144,-0.27008156372850606,0.0010611501408566214,-0.30120941132454165,0.0006095577545988618,126,0.27008156372850606,0.30120941132454165
raw,arbequina,calendar_year,ratio_p_et0,100,-0.1269164054614019,0.20828226675814807,-0.30086328522630035,0.003958867172196968,90,0.1269164054614019,0.30086328522630035
demeaned,arbequina,fruit_dev,sum_cwb,100,-0.04446575974861815,0.6604553793968967,-0.30032510356175135,0.004027311121832427,90,0.04446575974861815,0.30032510356175135
raw,arbequina,set_to_dev,sum_precip,100,-0.10936150614016216,0.27875600541777695,-0.2987829827161945,0.004229315914955006,90,0.10936150614016216,0.2987829827161945
raw,arbequina,fruit_set,sum_et0,100,-0.2825575638118907,0.004394851369780034,-0.29680311135792387,0.004501879020363887,90,0.2825575638118907,0.29680311135792387
demeaned,all_olive,winter_recharge,mean_vpd,354,-0.1597780749195706,0.00257007838350077,-0.2961064541337656,7.420398267900209e-08,318,0.1597780749195706,0.2961064541337656
raw,min500ha,summer,ratio_p_et0,180,-0.2261397645803207,0.0022695212385151564,-0.2960325947262772,0.00013088206706282589,162,0.2261397645803207,0.2960325947262772
demeaned,all_olive,fruit_dev,mean_tmax,354,-0.27542996402224335,1.3938515187250277e-07,-0.2950465924518554,8.298415404903476e-08,318,0.27542996402224335,0.2950465924518554
demeaned,min500ha,maturation,sum_precip,180,-0.3154532162525328,1.6075147863408964e-05,-0.2947131756354438,0.00014069408223749407,162,0.3154532162525328,0.2947131756354438
demeaned_nodana,min500ha,summer,sum_et0,144,-0.288598884253906,0.0004515753601342491,-0.2946741442680761,0.0008097617288017856,126,0.288598884253906,0.2946741442680761
raw,min500ha,bloom_to_set,mean_vpd,180,-0.32729821417195937,7.300905211703636e-06,-0.29433416607116664,0.0001436370182223075,162,0.32729821417195937,0.29433416607116664
raw,arbequina,prev_fruit_dev,days_vpd_gt2,90,-0.38298489019273196,0.00019482811233285995,-0.2916913603359805,0.005279253074210487,90,0.38298489019273196,0.2916913603359805
demeaned_nodana,min500ha,bloom_to_set,days_vpd_gt2,144,-0.17012338197591434,0.04149261877845134,-0.2915220592856359,0.000926455521574451,126,0.17012338197591434,0.2915220592856359
demeaned,all_olive,maturation,mean_tmax,354,-0.23356583670704487,8.973302941986538e-06,-0.29033744672125555,1.356505395918698e-07,318,0.23356583670704487,0.29033744672125555
demeaned,min500ha,winter_recharge,sum_cwb,180,0.15605455005794322,0.03644395523614211,0.29018789895090663,0.00017980737722276594,162,0.15605455005794322,0.29018789895090663
demeaned,arbequina,summer,mean_tmax,100,-0.20457363346978083,0.04118503661343165,-0.2900614185306849,0.0055510435382910735,90,0.20457363346978083,0.2900614185306849
raw,arbequina,prev_summer,sum_et0,90,-0.37456617288173305,0.00027569779581559456,-0.2889866966407976,0.005736972200457834,90,0.37456617288173305,0.2889866966407976
demeaned,min500ha,fruit_dev,sum_cwb,180,-0.15432555940748643,0.03859505862302023,-0.28828066934796676,0.0001991485046682511,162,0.15432555940748643,0.28828066934796676
demeaned_nodana,arbequina,maturation,sum_precip,80,0.2606743826939337,0.019523604145706138,0.28755676343622916,0.0157882921846513,70,0.2606743826939337,0.28755676343622916
raw,arbequina,bloom_to_set,ratio_p_et0,100,-0.2097298835852557,0.03623478419105285,-0.2874360220480823,0.0060149671468285645,90,0.2097298835852557,0.2874360220480823
demeaned_nodana,min500ha,summer,days_vpd_gt2,144,-0.2899412068357824,0.00042348028630412906,-0.28713782262746945,0.0011144252186242338,126,0.2899412068357824,0.28713782262746945
demeaned,all_olive,winter_recharge,sum_cwb,354,0.21744975898805,3.6864305442978024e-05,0.2862039982106316,2.0729535601776374e-07,318,0.21744975898805,0.2862039982106316
demeaned_nodana,all_olive,calendar_year,days_vpd_gt2,284,-0.2604440825774465,8.719875374532674e-06,-0.2860777867290969,4.684455528731852e-06,248,0.2604440825774465,0.2860777867290969
demeaned_nodana,min500ha,prev_fruit_dev,mean_tmax,126,0.31244454814776995,0.0003682798467912659,0.2844464320369617,0.0012464451764331046,126,0.31244454814776995,0.2844464320369617
demeaned,min500ha,set_to_dev,mean_tmax,180,-0.2767274293462473,0.0001695550231060183,-0.28374960709169766,0.0002531265663842982,162,0.2767274293462473,0.28374960709169766
demeaned,all_olive,set_to_dev,mean_tmax,354,-0.271390433018223,2.1512791351454477e-07,-0.2820921527725856,3.139660438044252e-07,318,0.271390433018223,0.2820921527725856
demeaned,arbequina,spring,sum_cwb,100,-0.3784357427179607,0.00010351763373702606,-0.28203145189677664,0.007079363141788053,90,0.3784357427179607,0.28203145189677664
demeaned_nodana,all_olive,summer,mean_vpd,284,-0.26920726573053433,4.184697698919002e-06,-0.2812686804500443,6.85355498615401e-06,248,0.26920726573053433,0.2812686804500443
raw,min500ha,summer,mean_tmax,180,-0.3372466786459051,3.66605527837548e-06,-0.281265101990485,0.00028821062020540717,162,0.3372466786459051,0.281265101990485
demeaned_nodana,arbequina,fruit_set,sum_cwb,80,-0.20042760720124403,0.0746513431249265,-0.2807830035739934,0.01854870411449362,70,0.20042760720124403,0.2807830035739934
raw,min500ha,prev_summer,mean_vpd,162,-0.3367544473373766,1.1777665573699383e-05,-0.2805794261831206,0.0002986590026428713,162,0.3367544473373766,0.2805794261831206
demeaned,min500ha,maturation,mean_tmax,180,-0.1752766506850432,0.018600160295673653,-0.2799370008909627,0.00030876615056763245,162,0.1752766506850432,0.2799370008909627
raw,min500ha,fruit_set,mean_tmax,180,-0.27400797460957277,0.00019758567374660895,-0.27952629108794613,0.00031539303167907166,162,0.27400797460957277,0.27952629108794613
raw,min500ha,spring,ratio_p_et0,180,-0.24716707782717232,0.0008226888002842679,-0.2781497571333007,0.0003385776676286353,162,0.24716707782717232,0.2781497571333007
demeaned,min500ha,maturation,sum_cwb,180,-0.29752173444915686,4.9898493641711935e-05,-0.277968041014811,0.0003417536231140961,162,0.29752173444915686,0.277968041014811
demeaned,min500ha,set_to_dev,sum_cwb,180,-0.163617791410609,0.028186452826472856,-0.27728734684202305,0.00035389751120729675,162,0.163617791410609,0.27728734684202305
demeaned_nodana,arbequina,winter_recharge,mean_tmax,80,0.05694177935521988,0.6158824703033371,0.27675756791409734,0.020377165607827978,70,0.05694177935521988,0.27675756791409734
demeaned,min500ha,maturation,ratio_p_et0,180,-0.29990275736141536,4.311223302069704e-05,-0.27663431127345434,0.0003659225591594791,162,0.29990275736141536,0.27663431127345434
demeaned,min500ha,calendar_year,sum_precip,180,-0.3133285441710338,1.8455379934882314e-05,-0.2755965372882265,0.0003858131198396835,162,0.3133285441710338,0.2755965372882265
demeaned_nodana,arbequina,bloom_to_set,days_vpd_gt2,80,-0.060382965074117466,0.5946792690252444,-0.27532896269810514,0.021062016194145623,70,0.060382965074117466,0.27532896269810514
demeaned_nodana,all_olive,set_to_dev,days_vpd_gt2,284,-0.2657568763713016,5.60468735728624e-06,-0.27356890451498356,1.2421565012515626e-05,248,0.2657568763713016,0.27356890451498356
demeaned_nodana,min500ha,agro_year,days_tmax_gt35,144,-0.22393666683685173,0.0069720798908976325,-0.27342340065001536,0.001949391563149748,126,0.22393666683685173,0.27342340065001536
demeaned_nodana,min500ha,set_to_dev,days_tmax_gt35,144,-0.22393666683685173,0.0069720798908976325,-0.27342340065001536,0.001949391563149748,126,0.22393666683685173,0.27342340065001536
demeaned_nodana,min500ha,calendar_year,days_tmax_gt35,144,-0.22393666683685173,0.0069720798908976325,-0.27342340065001536,0.001949391563149748,126,0.22393666683685173,0.27342340065001536
demeaned_nodana,all_olive,fruit_dev,days_tmax_gt35,284,-0.23663387399950922,5.635259888845233e-05,-0.27246827601567114,1.350398577132069e-05,248,0.23663387399950922,0.27246827601567114
demeaned_nodana,all_olive,agro_year,days_tmax_gt35,284,-0.2433712812712492,3.3865972443680656e-05,-0.2723939286092782,1.3580238881028982e-05,248,0.2433712812712492,0.2723939286092782
demeaned_nodana,all_olive,set_to_dev,days_tmax_gt35,284,-0.2433712812712492,3.3865972443680656e-05,-0.2723939286092782,1.3580238881028982e-05,248,0.2433712812712492,0.2723939286092782
demeaned_nodana,all_olive,calendar_year,days_tmax_gt35,284,-0.2433712812712492,3.3865972443680656e-05,-0.2723939286092782,1.3580238881028982e-05,248,0.2433712812712492,0.2723939286092782
demeaned,arbequina,calendar_year,sum_cwb,100,-0.27903732340199416,0.004933248287876694,-0.27215659344687937,0.009459286926134326,90,0.27903732340199416,0.27215659344687937
raw,min500ha,calendar_year,mean_vpd,180,-0.3653314626115283,4.59026153409056e-07,-0.2715067170321339,0.0004743469971649948,162,0.3653314626115283,0.2715067170321339
demeaned_nodana,arbequina,calendar_year,days_vpd_gt2,80,-0.25274222981003275,0.023705183734067874,-0.27071258549540334,0.0234106248730012,70,0.25274222981003275,0.27071258549540334
demeaned_nodana,min500ha,fruit_set,days_vpd_gt2,144,-0.24449080180577382,0.003144222937212957,-0.2704091548255275,0.0021960923241412605,126,0.24449080180577382,0.2704091548255275
demeaned,min500ha,prev_fruit_dev,days_vpd_gt2,162,0.2971301590160759,0.00012321053395089712,0.26967752382417975,0.0005197254822351759,162,0.2971301590160759,0.26967752382417975
demeaned_nodana,all_olive,prev_summer,mean_vpd,250,-0.2315887997604487,0.00022098757819217956,-0.26826432026223646,1.851903354835318e-05,248,0.2315887997604487,0.26826432026223646
raw,arbequina,bloom_to_set,sum_et0,100,-0.2793815106475322,0.004878132294740673,-0.2681584378995108,0.010606613360804654,90,0.2793815106475322,0.2681584378995108
demeaned_nodana,min500ha,set_to_dev,sum_precip,144,-0.07254822055158375,0.38751615102190845,-0.2678919566563431,0.002423405157678397,126,0.07254822055158375,0.2678919566563431
raw,min500ha,summer,days_tmax_gt35,180,-0.31927620868478734,1.2505389321632361e-05,-0.26671089144159493,0.0006019181085044211,162,0.31927620868478734,0.26671089144159493
raw,arbequina,maturation,sum_cwb,100,-0.15161222652102627,0.132123692865689,-0.2665280720603366,0.01110830155147328,90,0.15161222652102627,0.2665280720603366
demeaned,arbequina,bloom_to_set,sum_precip,100,-0.33359600598306133,0.000694542612563204,-0.26646134018687945,0.01112926999243206,90,0.33359600598306133,0.26646134018687945
demeaned,min500ha,winter_recharge,ratio_p_et0,180,0.10433719405210944,0.16335217681103464,0.2662510372518194,0.0006156820589873751,162,0.10433719405210944,0.2662510372518194
demeaned,arbequina,spring,days_vpd_gt2,100,-0.050609595719245136,0.6170372546102936,-0.26565664196655137,0.011384855174792433,90,0.050609595719245136,0.26565664196655137
raw,min500ha,agro_year,days_tmax_gt35,180,-0.31933988360068816,1.2452832435281229e-05,-0.2656023734796941,0.0006355909065236154,162,0.31933988360068816,0.2656023734796941
raw,min500ha,calendar_year,days_tmax_gt35,180,-0.31933988360068816,1.2452832435281229e-05,-0.2656023734796941,0.0006355909065236154,162,0.31933988360068816,0.2656023734796941
raw,min500ha,set_to_dev,days_tmax_gt35,180,-0.31933988360068816,1.2452832435281229e-05,-0.2656023734796941,0.0006355909065236154,162,0.31933988360068816,0.2656023734796941
demeaned_nodana,all_olive,agro_year,days_vpd_gt2,284,-0.24218550055127644,3.708070724188266e-05,-0.26521876151336726,2.320401262840545e-05,248,0.24218550055127644,0.26521876151336726
demeaned_nodana,all_olive,bloom_to_set,mean_tmax,284,-0.17702865170229742,0.0027546902264968575,-0.26489415673945044,2.3764704009746002e-05,248,0.17702865170229742,0.26489415673945044
raw,arbequina,fruit_dev,mean_tmax,100,-0.42940687345782474,8.270154043100596e-06,-0.26485029880028305,0.011646084447882806,90,0.42940687345782474,0.26485029880028305
demeaned_nodana,min500ha,winter_recharge,mean_tmax,144,0.16818751993678632,0.04390067352734495,0.2646332230855885,0.0027492123917240386,126,0.16818751993678632,0.2646332230855885
demeaned_nodana,arbequina,agro_year,mean_tmax,80,0.1702738794256604,0.13102879714522925,-0.2640904709417919,0.027165226644726512,70,0.1702738794256604,0.2640904709417919
demeaned_nodana,min500ha,agro_year,mean_tmax,144,0.01959491246335965,0.8156744402523722,-0.2632602067732764,0.0028979449375221293,126,0.01959491246335965,0.2632602067732764
demeaned_nodana,arbequina,agro_year,days_vpd_gt2,80,-0.25254648754149944,0.02381732726533797,-0.26303585808848245,0.027807718366559406,70,0.25254648754149944,0.26303585808848245
raw,arbequina,maturation,ratio_p_et0,100,-0.1759553240635338,0.07992507440402927,-0.26230587631787866,0.012504963155257917,90,0.1759553240635338,0.26230587631787866
demeaned,arbequina,winter_recharge,mean_vpd,100,-0.021535696713354445,0.8315812104904019,-0.26200371384152776,0.012610532501566588,90,0.021535696713354445,0.26200371384152776
demeaned_nodana,all_olive,fruit_dev,days_vpd_gt2,284,-0.2416435243369991,3.864410486588259e-05,-0.26198914016286845,2.938557379231674e-05,248,0.2416435243369991,0.26198914016286845
demeaned,all_olive,winter_recharge,ratio_p_et0,354,0.1827664639819468,0.0005488253860493937,0.2611744182431219,2.343847085890051e-06,318,0.1827664639819468,0.2611744182431219
demeaned_nodana,min500ha,summer,days_tmax_gt35,144,-0.215502018524191,0.009485553146702337,-0.2611483155328036,0.0031409094374416804,126,0.215502018524191,0.2611483155328036
raw,arbequina,fruit_dev,sum_et0,100,-0.4423627421531288,4.064368171785816e-06,-0.26107887833639837,0.012938484270256173,90,0.4423627421531288,0.26107887833639837
demeaned_nodana,all_olive,summer,days_tmax_gt35,284,-0.23327030857348957,7.226836891694897e-05,-0.2602837110242137,3.3247838214873076e-05,248,0.23327030857348957,0.2602837110242137
demeaned_nodana,min500ha,maturation,mean_vpd,144,-0.22905743660859068,0.005752806920523584,-0.25999449892183707,0.0032812624511689755,126,0.22905743660859068,0.25999449892183707
raw,min500ha,spring,sum_cwb,180,-0.2115542360822366,0.004360064937531489,-0.25944867013365686,0.0008562232086429036,162,0.2115542360822366,0.25944867013365686
raw,min500ha,calendar_year,ratio_p_et0,180,-0.1958777830519465,0.008407634298540963,-0.25895618179705726,0.0008766188882793679,162,0.1958777830519465,0.25895618179705726
raw,arbequina,bloom,ratio_p_et0,100,-0.14028834256078704,0.16387978459168648,-0.25829142790401366,0.013972184897262013,90,0.14028834256078704,0.25829142790401366
demeaned_nodana,arbequina,prev_fruit_dev,days_vpd_gt2,70,0.2744260059445525,0.021504914568281054,0.2576313803631412,0.031304709460134104,70,0.2744260059445525,0.2576313803631412
demeaned_nodana,min500ha,prev_fruit_dev,sum_et0,126,0.27241704135836425,0.002028811158763393,0.25738113991213046,0.0036202364529886438,126,0.27241704135836425,0.25738113991213046
demeaned,all_olive,summer,mean_tmax,354,-0.22684694513865883,1.637630366999342e-05,-0.2568515547735076,3.477954953356914e-06,318,0.22684694513865883,0.2568515547735076
demeaned_nodana,arbequina,fruit_dev,mean_vpd,80,-0.3787631950779746,0.0005312653297194427,-0.2568276426190236,0.03185500883597589,70,0.3787631950779746,0.2568276426190236
raw,arbequina,prev_fruit_dev,sum_et0,90,-0.3462750704175352,0.0008281854952059421,-0.2566039584770307,0.014632174725815388,90,0.3462750704175352,0.2566039584770307
raw,arbequina,set_to_dev,days_tmax_gt35,100,-0.3509433482546566,0.00034375535322289793,-0.25604130457315033,0.014858159273690434,90,0.3509433482546566,0.25604130457315033
raw,arbequina,calendar_year,days_tmax_gt35,100,-0.3509433482546566,0.00034375535322289793,-0.25604130457315033,0.014858159273690434,90,0.3509433482546566,0.25604130457315033
raw,arbequina,agro_year,days_tmax_gt35,100,-0.3509433482546566,0.00034375535322289793,-0.25604130457315033,0.014858159273690434,90,0.3509433482546566,0.25604130457315033
raw,min500ha,fruit_dev,days_tmax_gt35,180,-0.3129584427253253,1.890263100885299e-05,-0.2557913974484941,0.0010186925827176958,162,0.3129584427253253,0.2557913974484941
demeaned_nodana,min500ha,spring,days_vpd_gt2,144,-0.09914694584698291,0.23708285544227853,-0.25561707195526334,0.0038665055070579092,126,0.09914694584698291,0.25561707195526334
demeaned_nodana,min500ha,fruit_set,mean_vpd,144,-0.22244365477532216,0.00736838418732784,-0.25556447694115075,0.003874073340648676,126,0.22244365477532216,0.25556447694115075
raw,arbequina,prev_summer,mean_tmax,90,-0.34948676069826284,0.0007346563659935288,-0.2550848065036345,0.015249266944049048,90,0.34948676069826284,0.2550848065036345
demeaned_nodana,arbequina,set_to_dev,sum_et0,80,-0.37480013210068536,0.0006140806392284223,-0.2548353846450313,0.03325410849036367,70,0.37480013210068536,0.2548353846450313
demeaned,min500ha,fruit_dev,mean_tmax,180,-0.23690832210038126,0.0013646571721110054,-0.25447633014529847,0.0010837078766131626,162,0.23690832210038126,0.25447633014529847
raw,arbequina,fruit_set,sum_precip,100,-0.29927717026047945,0.0024880266099732056,-0.2540486164305674,0.015682982515002008,90,0.29927717026047945,0.2540486164305674
raw,arbequina,summer,days_tmax_gt35,100,-0.3480874838123368,0.00038703572541676315,-0.25396159376065547,0.015719888090011118,90,0.3480874838123368,0.25396159376065547
raw,all_olive,bloom_to_set,days_vpd_gt2,354,-0.28959984348761025,2.8752210754553608e-08,-0.25392291587642374,4.525983303535628e-06,318,0.28959984348761025,0.25392291587642374
raw,all_olive,fruit_set,days_vpd_gt2,354,-0.27095521624077573,2.253313295587122e-07,-0.2535227898968196,4.690655847502085e-06,318,0.27095521624077573,0.2535227898968196
raw,all_olive,summer,mean_vpd,354,-0.33558350076586924,9.140975451759649e-11,-0.25337904626809404,4.7511963253676695e-06,318,0.33558350076586924,0.25337904626809404
raw,min500ha,fruit_set,sum_et0,180,-0.22425065195686322,0.002475529657072168,-0.24996322501221602,0.00133681343829141,162,0.22425065195686322,0.24996322501221602
raw,min500ha,fruit_dev,ratio_p_et0,180,-0.0944205690478888,0.2073887758147116,-0.2495944421095398,0.0013597153592654232,162,0.0944205690478888,0.2495944421095398
raw,arbequina,fruit_dev,days_tmax_gt35,100,-0.34706026604695794,0.0004037913660550934,-0.24920281604716152,0.017855728445668496,90,0.34706026604695794,0.24920281604716152
raw,min500ha,bloom_to_set,sum_precip,180,-0.23945929846502212,0.001205669835813205,-0.24679093607591368,0.0015458856418255587,162,0.23945929846502212,0.24679093607591368
raw,all_olive,fruit_set,mean_vpd,354,-0.25406803751172263,1.2785881422266555e-06,-0.2446285189368538,1.0223390246641587e-05,318,0.25406803751172263,0.2446285189368538
demeaned_nodana,min500ha,fruit_dev,days_tmax_gt35,144,-0.1878555074781634,0.02415016628152636,-0.24457385343284002,0.005779784352722905,126,0.1878555074781634,0.24457385343284002
demeaned,all_olive,agro_year,sum_cwb,354,0.1962686064144055,0.00020246901602060066,0.24456375724122592,1.0280453920530434e-05,318,0.1962686064144055,0.24456375724122592
raw,all_olive,set_to_dev,mean_vpd,354,-0.32472327141189905,3.8888316315745383e-10,-0.2436768781418345,1.1093017201755535e-05,318,0.32472327141189905,0.2436768781418345
raw,arbequina,maturation,sum_precip,100,-0.14317354067611573,0.15529713402643042,-0.2435944386199774,0.020689450688404314,90,0.14317354067611573,0.2435944386199774
demeaned,arbequina,set_to_dev,mean_tmax,100,-0.29621180354805093,0.00276851978984266,-0.24354193414731437,0.02071770193934318,90,0.29621180354805093,0.24354193414731437
raw,min500ha,prev_fruit_dev,mean_vpd,162,-0.30328939954771617,8.739331211058443e-05,-0.24345102643762334,0.0017978761265651868,162,0.30328939954771617,0.24345102643762334
demeaned,min500ha,summer,mean_vpd,180,-0.228659395954955,0.0020189921482329436,-0.24268228602826353,0.0018609325367952264,162,0.228659395954955,0.24268228602826353
demeaned_nodana,arbequina,prev_fruit_dev,mean_tmax,70,0.26552513981870535,0.026311342971404868,0.24252507149020233,0.043085096074318395,70,0.26552513981870535,0.24252507149020233
demeaned_nodana,arbequina,summer,days_vpd_gt2,80,-0.28765658343959577,0.009672611192121325,-0.2419514890959712,0.043596230084548486,70,0.28765658343959577,0.2419514890959712
demeaned_nodana,all_olive,agro_year,sum_cwb,284,0.19266889647507865,0.0011015346923035955,0.24169346510411702,0.00012099098977212608,248,0.19266889647507865,0.24169346510411702
raw,arbequina,fruit_dev,sum_precip,100,-0.0014043892364528573,0.9889358256217955,-0.24164094549768395,0.021763074103931072,90,0.0014043892364528573,0.24164094549768395
demeaned,min500ha,summer,sum_cwb,180,-0.15298987715321424,0.040329210580168105,-0.24137812908034265,0.001972525487775273,162,0.15298987715321424,0.24137812908034265
demeaned,all_olive,winter_recharge,sum_precip,354,0.14365184067302356,0.006783515985777563,0.24073271663391801,1.4250489042471028e-05,318,0.14365184067302356,0.24073271663391801
demeaned,all_olive,calendar_year,mean_vpd,354,-0.19645614992790036,0.000199588075767577,-0.2398678081573439,1.5329424304051782e-05,318,0.19645614992790036,0.2398678081573439
demeaned,min500ha,set_to_dev,days_tmax_gt35,180,-0.19104696440062055,0.010198825224898206,-0.2382559156828577,0.0022648188965776273,162,0.19104696440062055,0.2382559156828577
demeaned,min500ha,agro_year,days_tmax_gt35,180,-0.19104696440062055,0.010198825224898206,-0.2382559156828577,0.0022648188965776273,162,0.19104696440062055,0.2382559156828577
demeaned,min500ha,calendar_year,days_tmax_gt35,180,-0.19104696440062055,0.010198825224898206,-0.2382559156828577,0.0022648188965776273,162,0.19104696440062055,0.2382559156828577
raw,min500ha,set_to_dev,ratio_p_et0,180,-0.14135753447086408,0.05838267478070201,-0.2368142455816269,0.002412611695576407,162,0.14135753447086408,0.2368142455816269
demeaned_nodana,arbequina,set_to_dev,days_vpd_gt2,80,-0.31448694624373985,0.0044965122584028445,-0.2360331161226865,0.04916847966655388,70,0.31448694624373985,0.2360331161226865
raw,min500ha,prev_summer,days_vpd_gt2,162,-0.298550748832389,0.00011390391778778247,-0.2357307916181743,0.002529378451517849,162,0.298550748832389,0.2357307916181743
raw,all_olive,calendar_year,days_vpd_gt2,354,-0.31873998167295375,8.428748078253925e-10,-0.23511359834613324,2.2785145324478603e-05,318,0.31873998167295375,0.23511359834613324
demeaned_nodana,arbequina,bloom_to_set,mean_tmax,80,0.014304044105118527,0.8997856715478995,-0.23418960322143556,0.05101902050645797,70,0.014304044105118527,0.23418960322143556
raw,all_olive,agro_year,mean_vpd,354,-0.2863799027480375,4.147810852405573e-08,-0.23397783289926966,2.5017751114946574e-05,318,0.2863799027480375,0.23397783289926966
raw,min500ha,maturation,mean_vpd,180,0.13450155313550227,0.07183779861345754,0.23356875379093978,0.0027778146505670113,162,0.13450155313550227,0.23356875379093978
raw,all_olive,set_to_dev,days_vpd_gt2,354,-0.31480534048252046,1.388917527433157e-09,-0.23279206300306732,2.7568769963127057e-05,318,0.31480534048252046,0.23279206300306732
raw,min500ha,calendar_year,sum_cwb,180,-0.14910542160644155,0.045748759850764445,-0.23256008557542138,0.0029011029478600726,162,0.14910542160644155,0.23256008557542138
raw,all_olive,spring,days_vpd_gt2,354,-0.2821612174183316,6.657662978740365e-08,-0.23230736921527237,2.868080551277826e-05,318,0.2821612174183316,0.23230736921527237
demeaned,min500ha,summer,days_tmax_gt35,180,-0.18788101115306297,0.011548110965286816,-0.23218230282416222,0.002948537888915336,162,0.18788101115306297,0.23218230282416222
raw,all_olive,prev_summer,mean_vpd,320,-0.3167526779476353,6.875524666901751e-09,-0.23145252725026266,3.0746209295991284e-05,318,0.3167526779476353,0.23145252725026266
demeaned_nodana,arbequina,bloom_to_set,ratio_p_et0,80,-0.31666729452068965,0.004212115233028648,-0.23058495384107452,0.054802171495695044,70,0.31666729452068965,0.23058495384107452
raw,all_olive,agro_year,days_vpd_gt2,354,-0.3162692531159564,1.1543598095051492e-09,-0.23056498959427524,3.3038994836322084e-05,318,0.3162692531159564,0.23056498959427524
demeaned,arbequina,fruit_set,sum_cwb,100,-0.22455257317511254,0.024700172514312977,-0.2305012158835308,0.02883887947836952,90,0.22455257317511254,0.2305012158835308
demeaned_nodana,all_olive,fruit_set,mean_tmax,284,-0.20597347478805814,0.00047700179777787247,-0.23049553095984882,0.0002513052681345641,248,0.20597347478805814,0.23049553095984882
demeaned_nodana,min500ha,fruit_set,sum_et0,144,-0.21044379942180097,0.011349996692762281,-0.23037903033442944,0.00945268419624946,126,0.21044379942180097,0.23037903033442944
raw,arbequina,prev_summer,sum_cwb,90,0.25547429828544194,0.015088943264834502,0.23019758640140758,0.029056220301901026,90,0.25547429828544194,0.23019758640140758
raw,all_olive,bloom_to_set,mean_vpd,354,-0.2769647904125808,1.1797793670576718e-07,-0.2301154053127241,3.426119410277493e-05,318,0.2769647904125808,0.2301154053127241
raw,arbequina,spring,mean_vpd,100,-0.2857725733307936,0.003949616955595775,-0.23000629239837156,0.029193860519585578,90,0.2857725733307936,0.23000629239837156
raw,arbequina,bloom_to_set,mean_tmax,100,-0.25919765208606027,0.009212845107058982,-0.22968187281890526,0.029428548022322046,90,0.25919765208606027,0.22968187281890526
demeaned_nodana,all_olive,summer,sum_precip,284,-0.1673170190762101,0.004695735313496347,-0.22944172578231734,0.00026871895320290965,248,0.1673170190762101,0.22944172578231734
raw,min500ha,winter_recharge,mean_tmax,180,0.20920724952250325,0.004824662660217414,0.22822187727146326,0.003489704633063871,162,0.20920724952250325,0.22822187727146326
demeaned,min500ha,winter_recharge,sum_precip,180,0.033608570384059476,0.6542314942226826,0.22778405096096813,0.0035547200696086716,162,0.033608570384059476,0.22778405096096813
raw,arbequina,calendar_year,sum_cwb,100,-0.03358243110591363,0.7401190113911843,-0.22731367183941092,0.031190510161023054,90,0.03358243110591363,0.22731367183941092
demeaned_nodana,all_olive,agro_year,ratio_p_et0,284,0.1704510964793529,0.00396496169542085,0.22722415808527394,0.0003090969172664544,248,0.1704510964793529,0.22722415808527394
raw,all_olive,fruit_dev,mean_vpd,354,-0.3271913505272574,2.812444972855693e-10,-0.2271272042094895,4.353737090768308e-05,318,0.3271913505272574,0.2271272042094895
demeaned,all_olive,fruit_dev,mean_vpd,354,-0.22618598388937622,1.735784986041254e-05,-0.2270484108832287,4.3811427663103814e-05,318,0.22618598388937622,0.2270484108832287
demeaned_nodana,all_olive,pre_bloom,sum_precip,284,0.16119523449670925,0.006481844114138826,0.22642256823234078,0.00032503248358606133,248,0.16119523449670925,0.22642256823234078
raw,arbequina,bloom,sum_cwb,100,-0.08995118564875566,0.3734611862208167,-0.2262828952102354,0.03198475621563193,90,0.08995118564875566,0.2262828952102354
demeaned,arbequina,maturation,sum_precip,100,-0.23338390264495965,0.019446148750133594,-0.22623858099826813,0.03201928023733178,90,0.23338390264495965,0.22623858099826813
demeaned_nodana,min500ha,pre_bloom,mean_vpd,144,-0.11838720976074052,0.15758514911447347,-0.22597092528950338,0.010951696654054642,126,0.11838720976074052,0.22597092528950338
demeaned_nodana,all_olive,bloom_to_set,sum_et0,284,-0.1338870756343398,0.02403790520525805,-0.22552637911218226,0.00034375178372250095,248,0.1338870756343398,0.22552637911218226
demeaned,all_olive,fruit_dev,days_tmax_gt35,354,-0.1979677354705635,0.0001777294555245376,-0.2250889738782689,5.1174140323500244e-05,318,0.1979677354705635,0.2250889738782689
demeaned,all_olive,bloom_to_set,mean_tmax,354,-0.1383945610896813,0.009127904111508194,-0.22416295877234027,5.504625794468173e-05,318,0.1383945610896813,0.22416295877234027
raw,min500ha,bloom,days_vpd_gt2,180,-0.2494902528001753,0.0007314408415691186,-0.2240173717784359,0.0041607598486770765,162,0.2494902528001753,0.2240173717784359
demeaned,arbequina,maturation,ratio_p_et0,100,-0.23334372280429524,0.019467682431056395,-0.22382905101831208,0.03394431580908518,90,0.23334372280429524,0.22382905101831208
demeaned,all_olive,prev_fruit_dev,ratio_p_et0,320,0.21710150558564506,9.031836648839102e-05,0.22372788412024414,5.6959408610822744e-05,318,0.21710150558564506,0.22372788412024414
demeaned_nodana,all_olive,pre_bloom,ratio_p_et0,284,0.16530461487383308,0.005226774293641604,0.22331095409666937,0.0003944138261083713,248,0.16530461487383308,0.22331095409666937
raw,all_olive,summer,days_vpd_gt2,354,-0.30629256495158447,3.9924906217571335e-09,-0.2232900088175159,5.894803965602816e-05,318,0.30629256495158447,0.2232900088175159
demeaned,all_olive,summer,sum_precip,354,-0.1709791806526125,0.0012405534859871155,-0.22293687521303815,6.059928980171968e-05,318,0.1709791806526125,0.22293687521303815
demeaned,min500ha,fruit_dev,days_tmax_gt35,180,-0.16730351930499726,0.024779651243368218,-0.22226991145507544,0.004472240779893063,162,0.16730351930499726,0.22226991145507544
demeaned_nodana,arbequina,summer,sum_et0,80,-0.26508962345149173,0.017482471632740807,-0.22208352445645727,0.06463473580224363,70,0.26508962345149173,0.22208352445645727
demeaned,all_olive,set_to_dev,days_tmax_gt35,354,-0.20081232407888044,0.00014254201790341319,-0.22195236824612946,6.543599213521239e-05,318,0.20081232407888044,0.22195236824612946
demeaned,all_olive,calendar_year,days_tmax_gt35,354,-0.20081232407888044,0.00014254201790341319,-0.22195236824612946,6.543599213521239e-05,318,0.20081232407888044,0.22195236824612946
demeaned,all_olive,agro_year,days_tmax_gt35,354,-0.20081232407888044,0.00014254201790341319,-0.22195236824612946,6.543599213521239e-05,318,0.20081232407888044,0.22195236824612946
raw,min500ha,bloom,sum_precip,180,-0.17584950851329165,0.018212823792426527,-0.22191411953595905,0.0045381671221782814,162,0.17584950851329165,0.22191411953595905
raw,arbequina,prev_fruit_dev,sum_cwb,90,0.278221864141812,0.007926326857662374,0.22132110891104667,0.036050332429083995,90,0.278221864141812,0.22132110891104667
demeaned_nodana,min500ha,fruit_set,sum_precip,144,-0.14067738778648456,0.09260956844441504,-0.2210509363668138,0.012867598460106692,126,0.14067738778648456,0.2210509363668138
demeaned,min500ha,spring,days_vpd_gt2,180,-0.06667846297328078,0.3738185778540264,-0.22102147081562248,0.00470742488721068,162,0.06667846297328078,0.22102147081562248
demeaned_nodana,min500ha,bloom_to_set,sum_precip,144,-0.2728559515739839,0.0009371369076757529,-0.22004533886947802,0.013293401200819475,126,0.2728559515739839,0.22004533886947802
demeaned_nodana,min500ha,summer,sum_cwb,144,-0.09120423681830483,0.2769573196062657,-0.22002919113747155,0.013300337866716899,126,0.09120423681830483,0.22002919113747155
raw,min500ha,summer,sum_et0,180,-0.2871154388474889,9.313167951357742e-05,-0.21933341571459172,0.005043047814889187,162,0.2871154388474889,0.21933341571459172
demeaned_nodana,min500ha,fruit_dev,days_vpd_gt2,144,-0.2310424116647905,0.005333900759088919,-0.21895531317208874,0.013768801544662321,126,0.2310424116647905,0.21895531317208874
demeaned_nodana,all_olive,winter_recharge,sum_et0,284,-0.14154554221188206,0.016992170764594274,-0.21893294059200896,0.0005155121140267693,248,0.14154554221188206,0.21893294059200896
raw,arbequina,prev_summer,days_tmax_gt35,90,-0.2963503863676298,0.004566359369623911,-0.21788791654205822,0.03910990471572981,90,0.2963503863676298,0.21788791654205822
demeaned_nodana,all_olive,summer,days_vpd_gt2,284,-0.2124940746848727,0.0003103624483574948,-0.21746182711160694,0.0005633891393786679,248,0.2124940746848727,0.21746182711160694
demeaned_nodana,min500ha,maturation,sum_cwb,144,0.14976145949515654,0.07319822246191651,0.21731467999107987,0.014512294508540495,126,0.14976145949515654,0.21731467999107987
demeaned_nodana,all_olive,bloom_to_set,mean_vpd,284,-0.14170111844477826,0.01687006753996189,-0.21694426498850125,0.0005811893687855576,248,0.14170111844477826,0.21694426498850125
demeaned,all_olive,agro_year,ratio_p_et0,354,0.1594110846531039,0.0026301533210001085,0.2163692424510659,0.00010049526428806144,318,0.1594110846531039,0.2163692424510659
demeaned,all_olive,summer,days_tmax_gt35,354,-0.19606185362906428,0.0002056900944502006,-0.216336111439673,0.0001007481716305892,318,0.19606185362906428,0.216336111439673
demeaned,arbequina,winter_recharge,sum_cwb,100,0.09036868200782784,0.3712381271037064,0.21615949303179954,0.04073045376051452,90,0.09036868200782784,0.21615949303179954
raw,arbequina,bloom,mean_vpd,100,-0.28622731746226654,0.00389001004966826,-0.2158653882752264,0.041011695165553176,90,0.28622731746226654,0.2158653882752264
demeaned,all_olive,bloom,sum_et0,354,-0.09252389464303443,0.08214029095102597,-0.21561599874286932,0.00010639516740791116,318,0.09252389464303443,0.21561599874286932
raw,arbequina,winter_recharge,mean_tmax,100,0.15727339420521394,0.11812250522652357,0.21554719850897794,0.04131778741998955,90,0.15727339420521394,0.21554719850897794
demeaned_nodana,all_olive,pre_bloom,sum_cwb,284,0.1449993588124135,0.01445574286357444,0.21525934058271978,0.0006428063404425361,248,0.1449993588124135,0.21525934058271978
raw,arbequina,prev_fruit_dev,days_tmax_gt35,90,-0.29353073608645947,0.0049867829710008435,-0.21489942738438972,0.04194680866085226,90,0.29353073608645947,0.21489942738438972
demeaned_nodana,all_olive,summer,sum_et0,284,-0.20988156619528472,0.0003692583522392204,-0.21403782771090954,0.0006911933738121372,248,0.20988156619528472,0.21403782771090954
raw,arbequina,set_to_dev,ratio_p_et0,100,-0.0028942388905779802,0.9772007061692425,-0.21384995721578107,0.04298279646831126,90,0.0028942388905779802,0.21384995721578107
demeaned_nodana,arbequina,calendar_year,sum_precip,80,-0.19814859323676576,0.07808336795658123,-0.21379402996056865,0.07554661730870481,70,0.19814859323676576,0.21379402996056865
demeaned_nodana,all_olive,winter_recharge,ratio_p_et0,284,0.14150325542137326,0.017025492382193398,0.21318086040696102,0.0007271245691922184,248,0.14150325542137326,0.21318086040696102
demeaned,all_olive,bloom_to_set,sum_et0,354,-0.11850698036809014,0.02576922722870246,-0.21271129100487984,0.000132331710346124,318,0.11850698036809014,0.21271129100487984
raw,all_olive,winter_recharge,mean_tmax,354,0.24327540126205474,3.6431832584131803e-06,0.21252318823193128,0.00013420089236164845,318,0.24327540126205474,0.21252318823193128
demeaned,min500ha,bloom_to_set,days_vpd_gt2,180,-0.09416455959864606,0.20862893599404175,-0.21010341009825936,0.0072857522764948335,162,0.09416455959864606,0.21010341009825936
demeaned_nodana,min500ha,calendar_year,sum_et0,144,-0.1053319179739301,0.2089473274641233,-0.2091529240931878,0.018753475414551878,126,0.1053319179739301,0.2091529240931878
raw,all_olive,fruit_set,sum_et0,354,-0.15986948251559058,0.0025553109614428167,-0.20803117559415216,0.00018691625342819843,318,0.15986948251559058,0.20803117559415216
demeaned,all_olive,prev_fruit_dev,sum_precip,320,0.20455689212876593,0.00022966182764546343,0.20736525128921326,0.00019621022973396557,318,0.20455689212876593,0.20736525128921326
demeaned,all_olive,prev_fruit_dev,sum_cwb,320,0.20067595466442137,0.00030317807555675603,0.20726993037468147,0.00019757539906212088,318,0.20067595466442137,0.20726993037468147
demeaned,arbequina,maturation,sum_cwb,100,-0.20433155155229676,0.04143066871934399,-0.2072393626555568,0.05000793131464098,90,0.20433155155229676,0.2072393626555568
demeaned_nodana,min500ha,pre_bloom,sum_precip,144,0.0575043347825476,0.4935933843641594,0.2072288321660611,0.019896770354362738,126,0.0575043347825476,0.2072288321660611
demeaned_nodana,all_olive,pre_bloom,mean_vpd,284,-0.13895202211472926,0.019144291762678428,-0.20661994144033402,0.0010648664432619933,248,0.13895202211472926,0.20661994144033402
demeaned,min500ha,bloom_to_set,sum_et0,180,-0.02653731470410734,0.7236256891011026,-0.20655963177499903,0.00835885996102464,162,0.02653731470410734,0.20655963177499903
demeaned_nodana,min500ha,pre_bloom,ratio_p_et0,144,0.05876215819733182,0.4841739443330309,0.20524189290394124,0.021139999928321877,126,0.05876215819733182,0.20524189290394124
demeaned_nodana,arbequina,calendar_year,sum_et0,80,-0.13222625566681223,0.24232460603985717,-0.20506279094423377,0.08858018274340015,70,0.13222625566681223,0.20506279094423377
demeaned,all_olive,calendar_year,sum_et0,354,-0.15535901326062188,0.003383761048252299,-0.2049371502991562,0.0002338862310203349,318,0.15535901326062188,0.2049371502991562
demeaned,arbequina,prev_fruit_dev,days_vpd_gt2,90,0.21773092682975578,0.03925483898693994,0.2042483154972468,0.05348395729330509,90,0.21773092682975578,0.2042483154972468
raw,all_olive,fruit_dev,days_vpd_gt2,354,-0.3037744428766755,5.421327520561451e-09,-0.204206874662421,0.0002464768661594988,318,0.3037744428766755,0.204206874662421
demeaned_nodana,min500ha,prev_fruit_dev,mean_vpd,126,0.23122967940343028,0.009185191605479674,0.20407316746742188,0.021902053231384402,126,0.23122967940343028,0.20407316746742188
raw,all_olive,summer,days_tmax_gt35,354,-0.26852133959622504,2.915524260119046e-07,-0.20401337154388977,0.000249917538817673,318,0.26852133959622504,0.20401337154388977
raw,min500ha,pre_bloom,sum_et0,180,0.26042968740918093,0.00041428145978115386,0.20393693737452095,0.00924096674503878,162,0.26042968740918093,0.20393693737452095
demeaned_nodana,all_olive,prev_summer,mean_tmax,250,-0.16601408699273207,0.00853764053528819,-0.20391294788170886,0.0012422618351739995,248,0.16601408699273207,0.20391294788170886
demeaned,min500ha,spring,sum_precip,180,-0.29109764344504974,7.355694999787629e-05,-0.2038029076084345,0.009288178170756384,162,0.29109764344504974,0.2038029076084345
demeaned,arbequina,bloom_to_set,ratio_p_et0,100,-0.29312011367277757,0.0030799129035032594,-0.20357176338811644,0.05429709991593433,90,0.29312011367277757,0.20357176338811644
demeaned_nodana,all_olive,winter_recharge,sum_cwb,284,0.14051092610918375,0.017823979931948605,0.2035095954697501,0.0012709030396062305,248,0.14051092610918375,0.2035095954697501
demeaned_nodana,min500ha,set_to_dev,ratio_p_et0,144,-0.002470295499257799,0.9765573497031185,-0.2033756216632394,0.022368037872686247,126,0.002470295499257799,0.2033756216632394
demeaned_nodana,all_olive,spring,days_vpd_gt2,284,-0.11421088743103947,0.05454002005588534,-0.2033222358945585,0.0012844120501876854,248,0.11421088743103947,0.2033222358945585
raw,arbequina,pre_bloom,sum_et0,100,0.33163431305171664,0.0007501392844685191,0.2031433379875065,0.0548172435449896,90,0.33163431305171664,0.2031433379875065
raw,all_olive,set_to_dev,days_tmax_gt35,354,-0.26823018929654274,3.0062725539582083e-07,-0.20294789057045037,0.00026967971186938467,318,0.26823018929654274,0.20294789057045037
raw,all_olive,calendar_year,days_tmax_gt35,354,-0.26823018929654274,3.0062725539582083e-07,-0.20294789057045037,0.00026967971186938467,318,0.26823018929654274,0.20294789057045037
raw,all_olive,agro_year,days_tmax_gt35,354,-0.26823018929654274,3.0062725539582083e-07,-0.20294789057045037,0.00026967971186938467,318,0.26823018929654274,0.20294789057045037
demeaned_nodana,all_olive,maturation,sum_cwb,284,0.16600720612129438,0.005035534228948674,0.20267061787602472,0.0013324273492465995,248,0.16600720612129438,0.20267061787602472
demeaned_nodana,min500ha,bloom_to_set,mean_tmax,144,-0.04760411178891022,0.5709913886907193,-0.20244745681186527,0.02300126814431675,126,0.04760411178891022,0.20244745681186527
raw,min500ha,set_to_dev,mean_tmax,180,-0.27602573654812135,0.0001764092204605303,-0.20221846869853885,0.009862660068201523,162,0.27602573654812135,0.20221846869853885
demeaned_nodana,min500ha,fruit_dev,sum_et0,144,-0.2159649662719048,0.009329238966036794,-0.20142545764418393,0.02371624751860761,126,0.2159649662719048,0.20142545764418393
raw,all_olive,calendar_year,mean_vpd,354,-0.2845052220015645,5.1234118866036745e-08,-0.2006812150603687,0.0003166670033216565,318,0.2845052220015645,0.2006812150603687
demeaned,min500ha,calendar_year,ratio_p_et0,180,-0.25225040450681524,0.000635180544381112,-0.2003662107868738,0.010573821326852839,162,0.25225040450681524,0.2003662107868738
raw,all_olive,prev_summer,days_vpd_gt2,320,-0.28132376430043354,3.1128878175113866e-07,-0.19999784978880872,0.00033226449583338046,318,0.28132376430043354,0.19999784978880872
demeaned,all_olive,set_to_dev,mean_vpd,354,-0.20300585357605475,0.00011999019547053748,-0.19992244822191738,0.000334028649558659,318,0.20300585357605475,0.19992244822191738
demeaned,arbequina,fruit_dev,mean_tmax,100,-0.292661002052566,0.0031287432553233027,-0.1998013812825305,0.05901633596092774,90,0.292661002052566,0.1998013812825305
raw,all_olive,pre_bloom,mean_tmax,354,0.26222227496955397,5.61334914737426e-07,0.19940470724860238,0.0003463797082242663,318,0.26222227496955397,0.19940470724860238
raw,min500ha,prev_summer,days_tmax_gt35,162,-0.2510465927919988,0.0012715586326960734,-0.19926799860578373,0.011016479143725805,162,0.2510465927919988,0.19926799860578373
demeaned,min500ha,pre_bloom,mean_vpd,180,-0.07582270582965502,0.3117109718741335,-0.19892429224526814,0.011158328648197161,162,0.07582270582965502,0.19892429224526814
demeaned,arbequina,winter_recharge,ratio_p_et0,100,0.010381589286872658,0.918349162043533,0.19740982560631917,0.06217950823999594,90,0.010381589286872658,0.19740982560631917
demeaned,min500ha,fruit_set,mean_tmax,180,-0.17770532664707864,0.017005708827792083,-0.19725674509942437,0.011869587089843347,162,0.17770532664707864,0.19725674509942437
raw,all_olive,fruit_dev,days_tmax_gt35,354,-0.266789778847103,3.496668459808869e-07,-0.197238523319366,0.0004028099736924582,318,0.266789778847103,0.197238523319366
demeaned,all_olive,bloom,mean_vpd,354,-0.08740511973740332,0.10062219582793823,-0.19637607052915304,0.0004275688830285371,318,0.08740511973740332,0.19637607052915304
demeaned_nodana,min500ha,maturation,ratio_p_et0,144,0.14419837665193097,0.08464950206972224,0.19580676562981653,0.02799640016239066,126,0.14419837665193097,0.19580676562981653
demeaned_nodana,all_olive,bloom_to_set,days_vpd_gt2,284,-0.13638065255859083,0.021508185750253216,-0.19541513795562532,0.0019900373511356237,248,0.13638065255859083,0.19541513795562532
raw,arbequina,bloom_to_set,sum_cwb,100,-0.10795440450132604,0.2850248239860764,-0.19514393545481662,0.06530233207873701,90,0.10795440450132604,0.19514393545481662
demeaned,min500ha,calendar_year,sum_cwb,180,-0.2467656475470176,0.0008394783072503423,-0.19358403985087316,0.013578030400967434,162,0.2467656475470176,0.19358403985087316
raw,arbequina,prev_fruit_dev,ratio_p_et0,90,0.23033989892553777,0.028954179765980054,0.19357311781786116,0.06754091576858696,90,0.23033989892553777,0.19357311781786116
raw,min500ha,prev_fruit_dev,days_tmax_gt35,162,-0.24457629395286326,0.0017090787534064708,-0.19327735115098987,0.013729977805133797,162,0.24457629395286326,0.19327735115098987
demeaned_nodana,arbequina,fruit_set,days_vpd_gt2,80,-0.12491646394675301,0.26957865907753625,-0.19275174545441345,0.10989382581621157,70,0.12491646394675301,0.19275174545441345
demeaned,arbequina,prev_fruit_dev,ratio_p_et0,90,0.18713314819696583,0.07737533394620437,0.19211667077545883,0.06967156481433098,90,0.18713314819696583,0.19211667077545883
demeaned_nodana,arbequina,bloom,days_vpd_gt2,80,0.05631084691910174,0.6198050765460051,-0.19200752297490625,0.1112992954857991,70,0.05631084691910174,0.19200752297490625
demeaned_nodana,all_olive,prev_summer,days_vpd_gt2,250,-0.1654248787325188,0.008778333590157643,-0.19198763516936923,0.0023938454294997005,248,0.1654248787325188,0.19198763516936923
demeaned,min500ha,bloom_to_set,mean_tmax,180,-0.024429288321866558,0.7447886709145424,-0.191711932550591,0.01452895510101607,162,0.024429288321866558,0.191711932550591
raw,min500ha,fruit_set,days_tmax_gt35,180,-0.19953204090297894,0.007244052161895551,-0.19147190962957208,0.014654984668864418,162,0.19953204090297894,0.19147190962957208
raw,min500ha,bloom_to_set,days_tmax_gt35,180,-0.19953204090297894,0.007244052161895551,-0.19147190962957208,0.014654984668864418,162,0.19953204090297894,0.19147190962957208
demeaned,all_olive,bloom,mean_tmax,354,-0.0819018163824736,0.12402211878348803,-0.1908165538954926,0.0006243004668241016,318,0.0819018163824736,0.1908165538954926
raw,all_olive,prev_fruit_dev,mean_vpd,320,-0.2773931125628335,4.6061918842210523e-07,-0.18995970092080022,0.0006611956116400789,318,0.2773931125628335,0.18995970092080022
demeaned,arbequina,bloom_to_set,days_vpd_gt2,100,-0.004901392805085122,0.9613990649947437,-0.18912152927361042,0.07422360027745561,90,0.004901392805085122,0.18912152927361042
raw,all_olive,prev_fruit_dev,sum_precip,320,0.1770172252853286,0.001476144351809881,0.188805755672234,0.0007140757875342716,318,0.1770172252853286,0.188805755672234
demeaned,arbequina,prev_fruit_dev,sum_precip,90,0.1874337717566903,0.07689206138550621,0.18880059854083878,0.07472520402445587,90,0.1874337717566903,0.18880059854083878
demeaned_nodana,all_olive,winter_recharge,sum_precip,284,0.10271157718091281,0.08401246183802963,0.1883066004378069,0.002909388203238108,248,0.10271157718091281,0.1883066004378069
raw,all_olive,prev_fruit_dev,ratio_p_et0,320,0.18688548219207454,0.0007803448118801721,0.18822614740829804,0.0007420875669182422,318,0.18688548219207454,0.18822614740829804
demeaned_nodana,arbequina,fruit_dev,sum_et0,80,-0.3358352286109388,0.0023229243732044197,-0.18586843202457426,0.12342769929706798,70,0.3358352286109388,0.18586843202457426
demeaned_nodana,arbequina,bloom_to_set,sum_cwb,80,-0.2990311707653394,0.007050007367201485,-0.18561545764326245,0.12394829273135662,70,0.2990311707653394,0.18561545764326245
demeaned_nodana,all_olive,bloom,sum_et0,284,-0.06691899108358408,0.2610021798140867,-0.18515154326202457,0.003429287461303424,248,0.06691899108358408,0.18515154326202457
demeaned,min500ha,set_to_dev,mean_vpd,180,-0.20091923434357295,0.0068413440596906665,-0.1843059663134782,0.01888381973791834,162,0.20091923434357295,0.1843059663134782
demeaned,all_olive,summer,mean_vpd,354,-0.17854981543746506,0.0007390420861348088,-0.18382766523419852,0.0009901278668706084,318,0.17854981543746506,0.18382766523419852
demeaned,arbequina,bloom,days_vpd_gt2,100,0.044407423202398634,0.660873385130003,-0.18372135237261553,0.0830321716437007,90,0.044407423202398634,0.18372135237261553
raw,all_olive,prev_fruit_dev,sum_cwb,320,0.1918597866578163,0.0005589823420360736,0.18355051465551595,0.0010080669335131955,318,0.1918597866578163,0.18355051465551595
raw,all_olive,maturation,sum_cwb,354,-0.10913351079797558,0.04014966729403421,-0.1830257829357515,0.0010428537554997305,318,0.10913351079797558,0.1830257829357515
demeaned_nodana,arbequina,pre_bloom,mean_vpd,80,-0.04184619215939278,0.7124597748649883,-0.1823560262134652,0.13080657437141863,70,0.04184619215939278,0.1823560262134652
demeaned,all_olive,set_to_dev,sum_precip,354,-0.12797527029316227,0.015985845491744432,-0.1821860567726102,0.0011008299130360155,318,0.12797527029316227,0.1821860567726102
demeaned_nodana,all_olive,spring,sum_precip,284,-0.19423068910581576,0.0010012101099850152,-0.18217280240744557,0.003995812420692093,248,0.19423068910581576,0.18217280240744557
demeaned,min500ha,calendar_year,mean_vpd,180,-0.08398261188252745,0.2623403774167964,-0.1815151647895701,0.020796536774870224,162,0.08398261188252745,0.1815151647895701
demeaned_nodana,min500ha,bloom_to_set,sum_et0,144,-0.023083320395731112,0.7836064541048972,-0.18113273152695364,0.042380072828903326,126,0.023083320395731112,0.18113273152695364
demeaned_nodana,all_olive,prev_summer,sum_et0,250,-0.15610868004484313,0.013470055825146994,-0.1809930509334055,0.004242613570133274,248,0.15610868004484313,0.1809930509334055
raw,all_olive,summer,sum_et0,354,-0.21344923342917058,5.153097819017895e-05,-0.18086456427166409,0.0011981010551204293,318,0.21344923342917058,0.18086456427166409
raw,all_olive,maturation,sum_precip,354,-0.1001447902248127,0.05979757473902313,-0.18082071171742062,0.0012014604057221624,318,0.1001447902248127,0.18082071171742062
raw,arbequina,fruit_set,ratio_p_et0,100,-0.236529315752524,0.017822779120479477,-0.18071482777488151,0.08828567619832148,90,0.236529315752524,0.18071482777488151
raw,all_olive,bloom,days_vpd_gt2,354,-0.24462479890278435,3.204502038025576e-06,-0.18059098366598975,0.0012192008044714857,318,0.24462479890278435,0.18059098366598975
demeaned_nodana,all_olive,maturation,ratio_p_et0,284,0.14883417991199685,0.012034276073483424,0.17967342309508658,0.004534889968515681,248,0.14883417991199685,0.17967342309508658
raw,arbequina,fruit_dev,ratio_p_et0,100,0.09440517531525809,0.350163913548139,-0.17944758144283796,0.09057744596818865,90,0.09440517531525809,0.17944758144283796
demeaned_nodana,all_olive,calendar_year,ratio_p_et0,284,0.14384299034592668,0.015265281618833957,0.17886441696066913,0.004722914475749152,248,0.14384299034592668,0.17886441696066913
demeaned_nodana,min500ha,pre_bloom,sum_cwb,144,0.03147260360929932,0.7080528317777153,0.17865802822374052,0.0453300514159692,126,0.03147260360929932,0.17865802822374052
demeaned_nodana,min500ha,maturation,sum_precip,144,0.1253009492844377,0.1345466245401777,0.1782712710949922,0.04580618233245439,126,0.1253009492844377,0.1782712710949922
demeaned,all_olive,pre_bloom,mean_vpd,354,-0.10473168005570618,0.048957300203908614,-0.1782640745536671,0.0014129613857446323,318,0.10473168005570618,0.1782640745536671
demeaned,arbequina,fruit_set,mean_tmax,100,-0.11182039046478891,0.26802457921887535,-0.1776776047883398,0.09385681735256111,90,0.11182039046478891,0.1776776047883398
demeaned,all_olive,fruit_dev,sum_et0,354,-0.18795860948003035,0.0003770404036068219,-0.17741356886885315,0.0014905647657323955,318,0.18795860948003035,0.17741356886885315
demeaned_nodana,min500ha,bloom_to_set,mean_vpd,144,-0.045683728580641306,0.5866404279536285,-0.1771045120681805,0.047267841544057616,126,0.045683728580641306,0.1771045120681805
demeaned,all_olive,bloom_to_set,mean_vpd,354,-0.10283303309571039,0.05322678568102208,-0.176846349512883,0.0015444720516720918,318,0.10283303309571039,0.176846349512883
demeaned_nodana,all_olive,calendar_year,sum_cwb,284,0.13333832246837038,0.024627851108119873,0.17675208762628564,0.005247345574576339,248,0.13333832246837038,0.17675208762628564
demeaned,min500ha,fruit_set,sum_precip,180,-0.140311667947392,0.060289795022235096,-0.17615311984386417,0.024944244204860955,162,0.140311667947392,0.17615311984386417
raw,min500ha,bloom_to_set,ratio_p_et0,180,-0.16807375789392612,0.024114215007425926,-0.17440126779463241,0.02644486631418408,162,0.16807375789392612,0.17440126779463241
raw,arbequina,bloom_to_set,days_tmax_gt35,100,-0.20801414776892255,0.03782337716088047,-0.17423883928848338,0.10049501953361949,90,0.20801414776892255,0.17423883928848338
raw,arbequina,fruit_set,days_tmax_gt35,100,-0.20801414776892255,0.03782337716088047,-0.17423883928848338,0.10049501953361949,90,0.20801414776892255,0.17423883928848338
demeaned_nodana,min500ha,fruit_set,ratio_p_et0,144,-0.10503344819267085,0.210247532187495,-0.17376666500252266,0.05166469332060284,126,0.10503344819267085,0.17376666500252266
demeaned,all_olive,prev_summer,mean_vpd,320,-0.15335519226474753,0.005980584507744045,-0.17291391564551942,0.00197013641602619,318,0.15335519226474753,0.17291391564551942
demeaned,min500ha,calendar_year,days_vpd_gt2,180,-0.14087425242326412,0.05925766439432277,-0.17267696319376008,0.027996678476778628,162,0.14087425242326412,0.17267696319376008
demeaned,all_olive,agro_year,sum_precip,354,0.10495812987714541,0.04846773924549369,0.17266734704462255,0.00200010196537917,318,0.10495812987714541,0.17266734704462255
raw,min500ha,bloom,ratio_p_et0,180,-0.13245333070543383,0.07631399308338781,-0.17206456240991783,0.028566219310777363,162,0.13245333070543383,0.17206456240991783
demeaned_nodana,all_olive,agro_year,sum_precip,284,0.10745296773993097,0.07059381255470276,0.17135845660050256,0.006831283896447061,248,0.10745296773993097,0.17135845660050256
demeaned_nodana,arbequina,fruit_set,mean_vpd,80,-0.10463807694542164,0.35563178019774166,-0.17134765773147312,0.15610383765378857,70,0.10463807694542164,0.17134765773147312
demeaned_nodana,arbequina,prev_fruit_dev,sum_et0,70,0.18937154007396564,0.11638914052916599,0.17130052415437363,0.1562194401855511,70,0.18937154007396564,0.17130052415437363
demeaned,min500ha,agro_year,sum_cwb,180,0.06680149293464233,0.37293562086543464,0.17113578278231178,0.029448848631249427,162,0.06680149293464233,0.17113578278231178
demeaned,min500ha,summer,sum_et0,180,-0.1592615849658401,0.032721694232696,-0.17095900108561943,0.02961945247604318,162,0.1592615849658401,0.17095900108561943
demeaned,all_olive,set_to_dev,sum_et0,354,-0.18235655415588575,0.0005650957534599103,-0.1705559464303201,0.002274262504917255,318,0.18235655415588575,0.1705559464303201
demeaned,all_olive,spring,days_vpd_gt2,354,-0.08413063145618913,0.11408113583962931,-0.17036477080345397,0.002300705425074977,318,0.08413063145618913,0.17036477080345397
raw,arbequina,pre_bloom,sum_cwb,100,-0.21685866462533074,0.030220993770170946,-0.17000956554317814,0.10915720671342521,90,0.21685866462533074,0.17000956554317814
demeaned_nodana,arbequina,bloom_to_set,sum_et0,80,0.07364193586187533,0.5162160343343779,-0.16985478176711497,0.15979626689636103,70,0.07364193586187533,0.16985478176711497
demeaned,all_olive,calendar_year,days_vpd_gt2,354,-0.15142918055623322,0.004296495115797158,-0.1695929464623296,0.002410336284482718,318,0.15142918055623322,0.1695929464623296
raw,all_olive,set_to_dev,sum_et0,354,-0.19385032567313856,0.0002432756599711611,-0.16936723703170187,0.0024432839314724513,318,0.19385032567313856,0.16936723703170187
demeaned,arbequina,bloom_to_set,mean_tmax,100,0.058544515292238794,0.5628717546789609,-0.16901938247220935,0.11126673437101021,90,0.058544515292238794,0.16901938247220935
raw,min500ha,bloom,sum_cwb,180,-0.11253317920319565,0.13256736924733262,-0.16881787760054154,0.03175350091569281,162,0.11253317920319565,0.16881787760054154
raw,all_olive,bloom_to_set,sum_et0,354,-0.16837074745289618,0.0014758026761677251,-0.1684583035138207,0.002580157448017468,318,0.16837074745289618,0.1684583035138207
demeaned_nodana,all_olive,bloom,mean_vpd,284,-0.06660046696577901,0.26328374951174766,-0.16843283131230757,0.0078582675885204,248,0.06660046696577901,0.16843283131230757
raw,all_olive,prev_summer,sum_et0,320,-0.21593013222125798,9.87713362314907e-05,-0.1682931588392727,0.002605762518237911,318,0.21593013222125798,0.1682931588392727
raw,all_olive,fruit_set,mean_tmax,354,-0.12477874059245816,0.018845133815313057,-0.16767604326578428,0.0027035033498793355,318,0.12477874059245816,0.16767604326578428
raw,min500ha,fruit_dev,sum_cwb,180,-0.016743716408458863,0.8234645603433175,-0.16740556965855632,0.03323149662617723,162,0.016743716408458863,0.16740556965855632
demeaned,arbequina,bloom_to_set,sum_cwb,100,-0.27896757847360765,0.004944484135629869,-0.16716001377399514,0.1153133044521677,90,0.27896757847360765,0.16716001377399514
demeaned,all_olive,fruit_dev,sum_precip,354,-0.10591730722098863,0.0464392636454213,-0.16684714074820264,0.0028400345104781584,318,0.10591730722098863,0.16684714074820264
demeaned,min500ha,fruit_dev,mean_vpd,180,-0.1882010769028267,0.011404909654896617,-0.16666038736553038,0.03403456703533607,162,0.1882010769028267,0.16666038736553038
raw,min500ha,set_to_dev,sum_et0,180,-0.24633708272158275,0.000857750049813832,-0.1666431916054558,0.0340532909127778,162,0.24633708272158275,0.1666431916054558
demeaned_nodana,all_olive,bloom,mean_tmax,284,-0.06733095391075881,0.2580715365931165,-0.16631327591224734,0.008685958799187368,248,0.06733095391075881,0.16631327591224734
raw,arbequina,prev_fruit_dev,sum_precip,90,0.1822236368905211,0.0856172326375951,0.16629452216683738,0.11723525610904334,90,0.1822236368905211,0.16629452216683738
demeaned,min500ha,agro_year,days_vpd_gt2,180,-0.13291281835113172,0.07529069099828137,-0.16593945005503205,0.03482708893803714,162,0.13291281835113172,0.16593945005503205
raw,min500ha,prev_fruit_dev,days_vpd_gt2,162,-0.23537702037917788,0.0025685999008693635,-0.16592025431968113,0.034848402262815756,162,0.23537702037917788,0.16592025431968113
raw,all_olive,maturation,ratio_p_et0,354,-0.11779581187515306,0.02667799009453307,-0.16583380151906177,0.0030154428431458024,318,0.11779581187515306,0.16583380151906177
demeaned,arbequina,summer,mean_vpd,100,-0.18834451213030065,0.06057326550446876,-0.16580902636006337,0.11832413939796513,90,0.18834451213030065,0.16580902636006337
demeaned_nodana,arbequina,fruit_dev,sum_precip,80,0.14086275687643554,0.21265040555874545,-0.16518197938912932,0.1717709657682964,70,0.14086275687643554,0.16518197938912932
demeaned,arbequina,prev_fruit_dev,sum_cwb,90,0.1576421100273561,0.13783154725822908,0.16395244924460137,0.12256014516608915,90,0.1576421100273561,0.16395244924460137
raw,min500ha,spring,mean_vpd,180,-0.22391415623497482,0.0025139563732683354,-0.16390332423764312,0.037150154397155084,162,0.22391415623497482,0.16390332423764312
raw,arbequina,calendar_year,mean_tmax,100,-0.23499959486049252,0.018597058472659564,-0.16362455841541462,0.12332021866086199,90,0.23499959486049252,0.16362455841541462
raw,arbequina,prev_summer,ratio_p_et0,90,0.10950357366806092,0.3042254574509316,0.16215417025936896,0.1267732314922905,90,0.10950357366806092,0.16215417025936896
demeaned,all_olive,agro_year,days_vpd_gt2,354,-0.1429931768294751,0.007044223561131278,-0.16203540052968482,0.003763936789034838,318,0.1429931768294751,0.16203540052968482
demeaned,all_olive,spring,sum_et0,354,-0.04403027467955421,0.40886349499510577,-0.16167076254149423,0.00384397774236536,318,0.04403027467955421,0.16167076254149423
demeaned,min500ha,fruit_set,days_vpd_gt2,180,-0.1415291619399298,0.05807451269259926,-0.16159026475332455,0.03994639712042596,162,0.1415291619399298,0.16159026475332455
demeaned,all_olive,prev_summer,mean_tmax,320,-0.13707354708650077,0.014125938336935203,-0.16149919969529722,0.003882166929559253,318,0.13707354708650077,0.16149919969529722
raw,arbequina,prev_fruit_dev,mean_tmax,90,-0.2703024504716214,0.009977081476981925,-0.1612671082266693,0.12889186486196183,90,0.2703024504716214,0.1612671082266693
demeaned_nodana,min500ha,fruit_dev,sum_precip,144,-0.006235770685988698,0.9408689119260777,-0.16097524720650713,0.0717506695470451,126,0.006235770685988698,0.16097524720650713
raw,min500ha,fruit_set,sum_precip,180,-0.21485280911222293,0.003775026016491654,-0.1606082255329517,0.0411859742197364,162,0.21485280911222293,0.1606082255329517
demeaned,all_olive,summer,ratio_p_et0,354,-0.11781758160564848,0.02664976813374044,-0.1597090292680836,0.004301605125318595,318,0.11781758160564848,0.1597090292680836
demeaned,min500ha,spring,ratio_p_et0,180,-0.2567897496236429,0.0005019197544712335,-0.15887201318693425,0.04345647691237642,162,0.2567897496236429,0.15887201318693425
raw,all_olive,bloom,mean_vpd,354,-0.24379118600286506,3.4691327780874532e-06,-0.15855099000491799,0.004594287340599033,318,0.24379118600286506,0.15855099000491799
demeaned_nodana,arbequina,agro_year,sum_precip,80,-0.3023898938672897,0.006406270290299687,-0.15826446485102103,0.19068410676250955,70,0.3023898938672897,0.15826446485102103
demeaned,all_olive,maturation,sum_precip,354,-0.16319425457078932,0.0020679410647281623,-0.158216747434747,0.004682038937780096,318,0.16319425457078932,0.158216747434747
demeaned_nodana,arbequina,calendar_year,ratio_p_et0,80,-0.15672157432274184,0.16504748007324557,-0.15786041709580262,0.19183337690909036,70,0.15672157432274184,0.15786041709580262
raw,all_olive,winter_recharge,sum_precip,354,0.1543707570411377,0.003595037893904224,0.1572647168061766,0.004940320983374275,318,0.1543707570411377,0.1572647168061766
demeaned_nodana,all_olive,fruit_set,mean_vpd,284,-0.13620958129852337,0.02167405636146071,-0.1572017409282397,0.013192195633706716,248,0.13620958129852337,0.1572017409282397
demeaned,min500ha,bloom_to_set,mean_vpd,180,-0.014390497268678342,0.8479508466789926,-0.1568644621877507,0.04621146194039445,162,0.014390497268678342,0.1568644621877507
raw,arbequina,agro_year,sum_precip,100,-0.1295471085841073,0.19893050282232633,-0.1566848099028398,0.14026898917945463,90,0.1295471085841073,0.1566848099028398
demeaned,min500ha,bloom,sum_et0,180,0.05232466940352141,0.48542959086108883,-0.15648089136966895,0.046754079059173746,162,0.05232466940352141,0.15648089136966895
raw,all_olive,spring,mean_vpd,354,-0.22651834754564998,1.6857504378955924e-05,-0.1557649877386721,0.005373274316894367,318,0.22651834754564998,0.1557649877386721
raw,arbequina,winter_recharge,days_vpd_gt2,100,-0.18839033282690956,0.06050952772695148,-0.1554174352927179,0.14354588147892197,90,0.18839033282690956,0.1554174352927179
demeaned_nodana,arbequina,winter_recharge,sum_et0,80,-0.4024216495920793,0.00021520239350057677,-0.15501327556959846,0.20007318714631195,70,0.4024216495920793,0.15501327556959846
demeaned_nodana,arbequina,calendar_year,days_tmax_gt35,80,-0.137799644461219,0.22286531190036923,-0.1546556350409578,0.20112581478061675,70,0.137799644461219,0.1546556350409578
demeaned_nodana,arbequina,set_to_dev,days_tmax_gt35,80,-0.137799644461219,0.22286531190036923,-0.1546556350409578,0.20112581478061675,70,0.137799644461219,0.1546556350409578
demeaned_nodana,arbequina,agro_year,days_tmax_gt35,80,-0.137799644461219,0.22286531190036923,-0.1546556350409578,0.20112581478061675,70,0.137799644461219,0.1546556350409578
demeaned_nodana,all_olive,summer,ratio_p_et0,284,-0.10241995117301858,0.08490065164858673,-0.15233137042254294,0.016358145878551646,248,0.10241995117301858,0.15233137042254294
raw,min500ha,bloom_to_set,sum_et0,180,-0.16594673597318582,0.025990212011552674,-0.15188656100894557,0.05367628242896478,162,0.16594673597318582,0.15188656100894557
raw,arbequina,calendar_year,sum_et0,100,-0.313268997339896,0.0015056723322875987,-0.15182248584931338,0.15315476971869568,90,0.313268997339896,0.15182248584931338
demeaned,arbequina,prev_summer,ratio_p_et0,90,0.16928139399876477,0.1107054815070741,0.1515597493980412,0.15387544468381165,90,0.16928139399876477,0.1515597493980412
demeaned_nodana,min500ha,bloom,sum_precip,144,-0.22258821533163373,0.007329156602846512,-0.15113892668942744,0.09115406954301926,126,0.22258821533163373,0.15113892668942744
demeaned_nodana,arbequina,bloom_to_set,mean_vpd,80,0.05256553555203261,0.6433061757272108,-0.1507527994907348,0.21287031598936926,70,0.05256553555203261,0.1507527994907348
demeaned_nodana,all_olive,fruit_set,days_vpd_gt2,284,-0.13881689256364008,0.019262645925610892,-0.15053352211891602,0.017684390513845863,248,0.13881689256364008,0.15053352211891602
raw,min500ha,pre_bloom,mean_tmax,180,0.1754059367840663,0.018512124849873697,0.14977604159991478,0.05712923732061756,162,0.1754059367840663,0.14977604159991478
demeaned,min500ha,spring,sum_cwb,180,-0.259219369949044,0.00044171205948850974,-0.1493458880473425,0.05785498679083604,162,0.259219369949044,0.1493458880473425
demeaned_nodana,all_olive,maturation,sum_precip,284,0.12145499658664481,0.04082068626171336,0.14917308993547,0.018749295613675828,248,0.12145499658664481,0.14917308993547
raw,min500ha,bloom,mean_vpd,180,-0.21943380359776848,0.0030797711362155803,-0.1490300022507468,0.05839276514978429,162,0.21943380359776848,0.1490300022507468
raw,all_olive,prev_summer,days_tmax_gt35,320,-0.2278291103894013,3.891802785104234e-05,-0.1489268712835373,0.0078108458544720516,318,0.2278291103894013,0.1489268712835373
raw,min500ha,fruit_dev,mean_tmax,180,-0.2485827992165541,0.0007659124645848326,-0.1488338214780143,0.05872881792917817,162,0.2485827992165541,0.1488338214780143
demeaned_nodana,arbequina,fruit_dev,days_vpd_gt2,80,-0.28282524605372783,0.011022622680712869,-0.14850574078038326,0.21984777056274943,70,0.28282524605372783,0.14850574078038326
demeaned_nodana,all_olive,spring,mean_vpd,284,-0.0471322200940814,0.4288138494351747,-0.14818020041956476,0.019561288881730945,248,0.0471322200940814,0.14818020041956476
demeaned,all_olive,bloom_to_set,days_vpd_gt2,354,-0.09001255582063195,0.09083289445081383,-0.14761992969323381,0.008375785093738163,318,0.09001255582063195,0.14761992969323381
demeaned_nodana,min500ha,bloom_to_set,days_tmax_gt35,144,-0.1371368616717954,0.10120216392616806,-0.1468347899896451,0.10086061049244278,126,0.1371368616717954,0.1468347899896451
demeaned_nodana,min500ha,fruit_set,days_tmax_gt35,144,-0.1371368616717954,0.10120216392616806,-0.1468347899896451,0.10086061049244278,126,0.1371368616717954,0.1468347899896451
demeaned,all_olive,set_to_dev,days_vpd_gt2,354,-0.1514511777000344,0.004290820427883133,-0.14675936904270465,0.008767358412940312,318,0.1514511777000344,0.14675936904270465
demeaned,min500ha,pre_bloom,days_vpd_gt2,180,0.11980301155536574,0.10917703707254374,0.14668943182203922,0.06250687591425626,162,0.11980301155536574,0.14668943182203922
demeaned,min500ha,set_to_dev,days_vpd_gt2,180,-0.170924882533729,0.021782991943453133,-0.14599670245838328,0.06376907806509839,162,0.170924882533729,0.14599670245838328
demeaned_nodana,all_olive,spring,sum_et0,284,-0.03389476728829589,0.5694585900029299,-0.145592656369901,0.021822344681503274,248,0.03389476728829589,0.145592656369901
raw,all_olive,bloom_to_set,days_tmax_gt35,354,-0.15441563356770707,0.0035851907101070303,-0.14550049018277042,0.00936950692370414,318,0.15441563356770707,0.14550049018277042
raw,all_olive,fruit_set,days_tmax_gt35,354,-0.15441563356770707,0.0035851907101070303,-0.14550049018277042,0.00936950692370414,318,0.15441563356770707,0.14550049018277042
raw,all_olive,summer,mean_tmax,354,-0.1699707018311726,0.0013270836426876682,-0.14486728000408056,0.009686045064143875,318,0.1699707018311726,0.14486728000408056
demeaned_nodana,arbequina,summer,days_tmax_gt35,80,-0.1276264961399116,0.2592435115153199,-0.14420229992284161,0.23365508474163027,70,0.1276264961399116,0.14420229992284161
demeaned,arbequina,pre_bloom,mean_vpd,100,-0.003126576259874195,0.9753710255902003,-0.14389772728540598,0.17602209073613323,90,0.003126576259874195,0.14389772728540598
raw,all_olive,prev_fruit_dev,days_vpd_gt2,320,-0.23036057991918538,3.171588988609933e-05,-0.14345450842161783,0.010426699612288821,318,0.23036057991918538,0.14345450842161783
demeaned,all_olive,pre_bloom,ratio_p_et0,354,0.09186276698848221,0.08436078404750835,0.14340849434060277,0.010451644084016358,318,0.09186276698848221,0.14340849434060277
demeaned_nodana,min500ha,calendar_year,sum_precip,144,-0.17476874420525135,0.03616216889990662,-0.14332950988098028,0.10935172382168977,126,0.17476874420525135,0.14332950988098028
demeaned,all_olive,bloom,days_vpd_gt2,354,-0.04414711413044842,0.40762008060857113,-0.14170182128311315,0.011414966064444892,318,0.04414711413044842,0.14170182128311315
demeaned,min500ha,set_to_dev,sum_et0,180,-0.17122752964611973,0.021547347573517867,-0.14163507908826814,0.07220314162392495,162,0.17122752964611973,0.14163507908826814
raw,all_olive,agro_year,sum_et0,354,-0.16448592527863898,0.0019027020410039657,-0.14130927982156685,0.011647329005258266,318,0.16448592527863898,0.14130927982156685
demeaned,min500ha,fruit_set,ratio_p_et0,180,-0.11043757943533729,0.13997839952030777,-0.14130720419608192,0.07287209711721604,162,0.11043757943533729,0.14130720419608192
raw,arbequina,agro_year,mean_tmax,100,-0.11588921546629524,0.25088786249710004,-0.14097760653119557,0.18504988231173713,90,0.11588921546629524,0.14097760653119557
demeaned,all_olive,fruit_set,mean_tmax,354,-0.12339457990752628,0.020215408806340446,-0.14070503017812855,0.01201317661678664,318,0.12339457990752628,0.14070503017812855
demeaned,min500ha,bloom,days_vpd_gt2,180,0.030081108903730377,0.688523548716625,-0.14024995800370904,0.07506346060302987,162,0.030081108903730377,0.14024995800370904
demeaned,min500ha,prev_summer,days_vpd_gt2,162,0.1776483167092371,0.023721829680697668,0.14017744202614565,0.07521569769561987,162,0.1776483167092371,0.14017744202614565
demeaned,all_olive,spring,mean_vpd,354,-0.03887007396789221,0.4659863555573233,-0.14014403613120502,0.012361872095315127,318,0.03887007396789221,0.14014403613120502
demeaned,arbequina,bloom,sum_et0,100,0.09817699718723433,0.3311615795886879,-0.13987631539014955,0.1885405807763998,90,0.09817699718723433,0.13987631539014955
demeaned_nodana,all_olive,winter_recharge,mean_vpd,284,-0.017093459878287334,0.7742542826265273,-0.13982837924932573,0.027684917141405457,248,0.017093459878287334,0.13982837924932573
raw,all_olive,fruit_dev,sum_et0,354,-0.19049578186907962,0.00031270384962559054,-0.13964945332317058,0.012676657722199154,318,0.19049578186907962,0.13964945332317058
demeaned,all_olive,maturation,sum_cwb,354,-0.14298985724975433,0.0070455598748831215,-0.13919917696541872,0.012969362797218022,318,0.14298985724975433,0.13919917696541872
raw,arbequina,maturation,mean_vpd,100,0.023992794459005956,0.8126990283708179,0.13844389648643632,0.19315192335673345,90,0.023992794459005956,0.13844389648643632
demeaned,all_olive,summer,sum_cwb,354,-0.09880073695965269,0.06332599615263353,-0.13837995370483694,0.013517192920928778,318,0.09880073695965269,0.13837995370483694
raw,all_olive,prev_fruit_dev,days_tmax_gt35,320,-0.21752977265362833,8.740133973206498e-05,-0.1381516347019285,0.013673455626148195,318,0.21752977265362833,0.1381516347019285
demeaned,arbequina,bloom_to_set,sum_et0,100,0.08758663906632098,0.3862042578328624,-0.13808874350899272,0.19430774866508937,90,0.08758663906632098,0.13808874350899272
demeaned,min500ha,prev_fruit_dev,sum_precip,162,0.1518252064896166,0.05377416923466309,0.13725568493811927,0.08156014469231569,162,0.1518252064896166,0.13725568493811927
demeaned_nodana,all_olive,fruit_set,sum_et0,284,-0.1225551992111739,0.03901630782954086,-0.13718428468571733,0.030796924480348077,248,0.1225551992111739,0.13718428468571733
demeaned,all_olive,pre_bloom,sum_cwb,354,0.07176059411257367,0.17793852014914008,0.1370253818058183,0.014467730100790761,318,0.07176059411257367,0.1370253818058183
demeaned_nodana,arbequina,prev_summer,mean_vpd,70,-0.08477938031642242,0.4853014677851354,-0.13692303202877965,0.2583555674174921,70,0.08477938031642242,0.13692303202877965
demeaned_nodana,all_olive,fruit_set,sum_precip,284,-0.11065104549757092,0.06257169799764621,-0.13573840216052885,0.03262157685573448,248,0.11065104549757092,0.13573840216052885
demeaned_nodana,min500ha,pre_bloom,days_vpd_gt2,144,0.10815291187128959,0.1969423179706766,0.13538189438335377,0.1306660880463775,126,0.10815291187128959,0.13538189438335377
raw,min500ha,bloom_to_set,sum_cwb,180,-0.11628849563031561,0.12004528236969929,-0.13464213516294546,0.08759338046368034,162,0.11628849563031561,0.13464213516294546
demeaned_nodana,all_olive,prev_fruit_dev,ratio_p_et0,250,0.13076132717416122,0.03882511530396621,0.13428345330861413,0.03454975972295163,248,0.13076132717416122,0.13428345330861413
demeaned_nodana,arbequina,fruit_dev,days_tmax_gt35,80,-0.11230102681151555,0.3213028935329215,-0.13426575011274583,0.26779800538245224,70,0.11230102681151555,0.13426575011274583
raw,all_olive,prev_fruit_dev,sum_et0,320,-0.17601063596161845,0.001572470713337847,-0.13400743468091575,0.01679894910114624,318,0.17601063596161845,0.13400743468091575
demeaned_nodana,all_olive,bloom,days_vpd_gt2,284,-0.04569646779105484,0.44302502785951464,-0.1338503315582095,0.03514212167896954,248,0.04569646779105484,0.1338503315582095
demeaned_nodana,arbequina,fruit_dev,ratio_p_et0,80,0.19943155900174042,0.07613614913514981,-0.1337247853218577,0.26974832913442737,70,0.19943155900174042,0.1337247853218577
demeaned,min500ha,prev_fruit_dev,ratio_p_et0,162,0.14117125013877846,0.07315095055700944,0.13332805992401686,0.09075882942962867,162,0.14117125013877846,0.13332805992401686
raw,min500ha,set_to_dev,sum_cwb,180,-0.03314073082570702,0.6587401083637306,-0.13331743548822883,0.0907847889483957,162,0.03314073082570702,0.13331743548822883
demeaned_nodana,min500ha,bloom_to_set,ratio_p_et0,144,-0.20244677653564913,0.0149560571174497,-0.13239681280049698,0.13944706228341236,126,0.20244677653564913,0.13239681280049698
demeaned,all_olive,pre_bloom,sum_precip,354,0.07411944724780947,0.16406431823003303,0.13238601094441707,0.01818208924383359,318,0.07411944724780947,0.13238601094441707
demeaned_nodana,arbequina,fruit_set,sum_et0,80,-0.08436176803431995,0.45687238040646105,-0.13194870379674076,0.27621844100826115,70,0.08436176803431995,0.13194870379674076
demeaned,arbequina,winter_recharge,sum_precip,100,-0.11732613716846718,0.24501996584383268,0.13172597361099234,0.2158663147960883,90,0.11732613716846718,0.13172597361099234
demeaned,min500ha,calendar_year,sum_et0,180,-0.023075959817103867,0.7584776142887626,-0.13142380398283893,0.0955069425721827,162,0.023075959817103867,0.13142380398283893
demeaned,all_olive,fruit_dev,days_vpd_gt2,354,-0.13561170684932985,0.01064000284266789,-0.1310308535825754,0.019413204877121913,318,0.13561170684932985,0.1310308535825754
raw,arbequina,pre_bloom,ratio_p_et0,100,-0.1638820870535574,0.10325962063396125,-0.13090858506403916,0.21875391872722802,90,0.1638820870535574,0.13090858506403916
raw,arbequina,pre_bloom,sum_precip,100,-0.14002848428476658,0.16466972934778967,-0.1308113441674987,0.21909924985804233,90,0.14002848428476658,0.1308113441674987
demeaned_nodana,min500ha,prev_fruit_dev,sum_cwb,126,-0.12677152809614248,0.15720377002639668,-0.1298683511543749,0.14722986368003219,126,0.12677152809614248,0.1298683511543749
demeaned,all_olive,summer,sum_et0,354,-0.12625482511427347,0.017473675081386284,-0.12920923459129857,0.0211819040601689,318,0.12625482511427347,0.12920923459129857
demeaned_nodana,min500ha,set_to_dev,sum_cwb,144,0.04660123600451931,0.5791392081084329,-0.12901860948938848,0.1499177686556492,126,0.04660123600451931,0.12901860948938848
demeaned,arbequina,prev_summer,sum_precip,90,0.14866963724763835,0.16197084095382952,0.12876984864319346,0.2264381884336673,90,0.14866963724763835,0.12876984864319346
demeaned_nodana,min500ha,winter_recharge,sum_et0,144,-0.17756706619931098,0.033239029388961304,-0.128201465015946,0.1525372773450439,126,0.17756706619931098,0.128201465015946
demeaned,min500ha,maturation,mean_vpd,180,0.13853595628876345,0.06364488261955117,0.12805389601973566,0.10439035493357683,162,0.13853595628876345,0.12805389601973566
demeaned,min500ha,pre_bloom,ratio_p_et0,180,-0.021088632218078038,0.7787151387537238,0.12799439258014964,0.10455286083021846,162,0.021088632218078038,0.12799439258014964
demeaned_nodana,arbequina,prev_summer,ratio_p_et0,70,0.1503939671138185,0.21397392649026045,0.12775394952854796,0.2919073834760096,70,0.1503939671138185,0.12775394952854796
raw,all_olive,summer,sum_precip,354,-0.1382024293345089,0.00922580367709649,-0.12674704149691565,0.023793546509992672,318,0.1382024293345089,0.12674704149691565
demeaned_nodana,arbequina,bloom,sum_precip,80,-0.22168398820570806,0.048125435120603584,-0.1262056323900302,0.2978433576863087,70,0.22168398820570806,0.1262056323900302
raw,min500ha,prev_summer,sum_et0,162,-0.17637795512502327,0.024757045583629938,-0.12547097105774083,0.11162937989895233,162,0.17637795512502327,0.12547097105774083
demeaned,arbequina,calendar_year,days_vpd_gt2,100,-0.1057732501954899,0.2949263532074013,-0.1244119494193737,0.2426766837292368,90,0.1057732501954899,0.1244119494193737
raw,all_olive,winter_recharge,sum_cwb,354,0.12232270746229026,0.021335223367838448,0.12436315412643827,0.026582445377122347,318,0.12232270746229026,0.12436315412643827
demeaned,min500ha,fruit_set,mean_vpd,180,-0.09852439363564891,0.18822831835857898,-0.12422446911927648,0.11526043281443564,162,0.09852439363564891,0.12422446911927648
demeaned_nodana,min500ha,fruit_dev,ratio_p_et0,144,0.04617854301729053,0.5825894621979136,-0.12346973649115553,0.16838604740216012,126,0.04617854301729053,0.12346973649115553
demeaned,arbequina,bloom,sum_precip,100,-0.2124458942940314,0.03383469305212732,-0.12309973358587434,0.24772014809559853,90,0.2124458942940314,0.12309973358587434
demeaned,min500ha,agro_year,ratio_p_et0,180,-0.005941819006668642,0.9369028217113317,0.12307589091690468,0.11868707739882188,162,0.005941819006668642,0.12307589091690468
demeaned_nodana,min500ha,bloom_to_set,sum_cwb,144,-0.20367716219528403,0.014343341179902895,-0.12295563595175699,0.17017894540228695,126,0.20367716219528403,0.12295563595175699
demeaned,all_olive,maturation,ratio_p_et0,354,-0.13095027465713457,0.013673547965726965,-0.12288813902744893,0.028445215635977367,318,0.13095027465713457,0.12288813902744893
raw,min500ha,bloom_to_set,mean_tmax,180,-0.1471539995751034,0.04869316045832127,-0.12288157513696395,0.11927454044340052,162,0.1471539995751034,0.12288157513696395
demeaned,all_olive,pre_bloom,days_vpd_gt2,354,0.10435456893176884,0.04978174482080105,0.12287555533620402,0.028461576914103587,318,0.10435456893176884,0.12287555533620402
demeaned,min500ha,fruit_set,sum_et0,180,-0.10992197906309914,0.14184936445884982,-0.12276481934173063,0.11962860513804055,162,0.10992197906309914,0.12276481934173063
demeaned,arbequina,calendar_year,days_tmax_gt35,100,-0.11188445664014911,0.26774876060915304,-0.1226412533355962,0.24949918171486293,90,0.11188445664014911,0.1226412533355962
demeaned,arbequina,agro_year,days_tmax_gt35,100,-0.11188445664014911,0.26774876060915304,-0.1226412533355962,0.24949918171486293,90,0.11188445664014911,0.1226412533355962
demeaned,arbequina,set_to_dev,days_tmax_gt35,100,-0.11188445664014911,0.26774876060915304,-0.1226412533355962,0.24949918171486293,90,0.11188445664014911,0.1226412533355962
raw,min500ha,agro_year,sum_et0,180,-0.22227933443203943,0.0027084589323887916,-0.12146944354835575,0.1236117900193101,162,0.22227933443203943,0.12146944354835575
demeaned_nodana,all_olive,pre_bloom,mean_tmax,284,0.09183568320262726,0.12256860931473465,0.12069034532084166,0.057699395220195585,248,0.09183568320262726,0.12069034532084166
raw,arbequina,spring,sum_et0,100,-0.1704586808036984,0.08996371465285556,-0.12063775037689073,0.25737618894131065,90,0.1704586808036984,0.12063775037689073
demeaned,all_olive,prev_summer,sum_et0,320,-0.10892090221587304,0.05158190737184711,-0.11986243056338433,0.03261871785267776,318,0.10892090221587304,0.11986243056338433
demeaned_nodana,all_olive,summer,sum_cwb,284,-0.07198037031892818,0.2265652666438229,-0.1193825298720576,0.0604826101667782,248,0.07198037031892818,0.1193825298720576
demeaned_nodana,all_olive,pre_bloom,days_vpd_gt2,284,0.09987227905458933,0.09298513888399676,0.11900057773235892,0.06131601489911214,248,0.09987227905458933,0.11900057773235892
demeaned,all_olive,set_to_dev,ratio_p_et0,354,-0.0719501945430136,0.17679217617016865,-0.11860617780591404,0.03449902720687739,318,0.0719501945430136,0.11860617780591404
raw,all_olive,prev_summer,sum_cwb,320,0.09491989884618537,0.0900444210331012,0.11710653296879726,0.0368635639686984,318,0.09491989884618537,0.11710653296879726
demeaned_nodana,all_olive,spring,sum_cwb,284,-0.14558035646317413,0.014063404456964792,-0.11692480489523838,0.06601206930194582,248,0.14558035646317413,0.11692480489523838
demeaned,arbequina,summer,days_tmax_gt35,100,-0.10534239198130875,0.2969087873345675,-0.11614287695252656,0.2756601608391778,90,0.10534239198130875,0.11614287695252656
raw,min500ha,summer,sum_cwb,180,-0.03364445836557338,0.6538861516967082,-0.11590286517199076,0.14190499536375836,162,0.03364445836557338,0.11590286517199076
raw,min500ha,prev_summer,mean_tmax,162,-0.1788940317160459,0.022743044736071336,-0.1151946385345705,0.14437290465276856,162,0.1788940317160459,0.1151946385345705
raw,all_olive,set_to_dev,mean_tmax,354,-0.12348844885342293,0.020119818403956442,-0.11487153853323356,0.04064163435421508,318,0.12348844885342293,0.11487153853323356
raw,all_olive,agro_year,sum_cwb,354,0.11412657796363268,0.03181695463054348,0.11391019754628763,0.0423644395915788,318,0.11412657796363268,0.11391019754628763
raw,all_olive,maturation,sum_et0,354,0.10461434346447689,0.049212590975660234,0.11369645396350798,0.042755729121358985,318,0.10461434346447689,0.11369645396350798
demeaned,all_olive,fruit_dev,ratio_p_et0,354,-0.054171109098020566,0.30945562074172833,-0.1125474645490543,0.044911604136161076,318,0.054171109098020566,0.1125474645490543
demeaned_nodana,all_olive,spring,ratio_p_et0,284,-0.13264722050586517,0.025388547987644578,-0.11244851544639148,0.07714375453908226,248,0.13264722050586517,0.11244851544639148
demeaned_nodana,min500ha,bloom,sum_cwb,144,-0.20183441741952837,0.015269418056713755,-0.11172729566851704,0.2129330982202815,126,0.20183441741952837,0.11172729566851704
demeaned_nodana,min500ha,bloom,ratio_p_et0,144,-0.19588370675727168,0.018624625713153452,-0.11154496352926249,0.2136854216506449,126,0.19588370675727168,0.11154496352926249
demeaned_nodana,arbequina,agro_year,ratio_p_et0,80,-0.21742752561474865,0.05270022102163683,-0.11116760751984515,0.3595661865094819,70,0.21742752561474865,0.11116760751984515
demeaned,min500ha,summer,days_vpd_gt2,180,-0.12260693954832379,0.10107234027636407,-0.11108627649287242,0.15933595834626743,162,0.12260693954832379,0.11108627649287242
demeaned,arbequina,fruit_set,days_vpd_gt2,100,-0.0424875934473144,0.6746872283763022,-0.1102744971356015,0.30081291130418447,90,0.0424875934473144,0.1102744971356015
demeaned,all_olive,set_to_dev,sum_cwb,354,-0.06066406341295311,0.25495374780064717,-0.10948580427477866,0.05110575492382222,318,0.06066406341295311,0.10948580427477866
demeaned,all_olive,fruit_dev,sum_cwb,354,-0.04793838026064981,0.36850230721141275,-0.10935588022345745,0.051383623170461176,318,0.04793838026064981,0.10935588022345745
demeaned,min500ha,prev_fruit_dev,sum_cwb,162,0.11585192070058346,0.1420814396284004,0.10907651263303739,0.16706598342402,162,0.11585192070058346,0.10907651263303739
demeaned,all_olive,prev_fruit_dev,mean_vpd,320,-0.08389796093605284,0.13424223052806378,-0.10902783041656615,0.05209082786270942,318,0.08389796093605284,0.10902783041656615
demeaned_nodana,all_olive,prev_summer,sum_cwb,250,0.10607910500303958,0.09421366435395052,0.10848870300843087,0.08821568147720102,248,0.10607910500303958,0.10848870300843087
raw,all_olive,winter_recharge,ratio_p_et0,354,0.09615262148349918,0.07077928581431141,0.1084366069627034,0.05338583624446407,318,0.09615262148349918,0.1084366069627034
raw,min500ha,fruit_set,ratio_p_et0,180,-0.16661365145454274,0.025388979653320622,-0.10824750809713465,0.17033460890578325,162,0.16661365145454274,0.10824750809713465
demeaned_nodana,arbequina,prev_fruit_dev,mean_vpd,70,0.13469316738952786,0.26626376803193297,0.1081668335165426,0.3727614406658759,70,0.13469316738952786,0.1081668335165426
demeaned_nodana,all_olive,calendar_year,sum_precip,284,0.08004779774413309,0.17856081157534676,0.10789976610439282,0.08996613141885239,248,0.08004779774413309,0.10789976610439282
demeaned_nodana,all_olive,prev_fruit_dev,sum_precip,250,0.1067865586433641,0.09202661874682926,0.10787890012676875,0.0900286557145219,248,0.1067865586433641,0.10787890012676875
demeaned,min500ha,pre_bloom,sum_cwb,180,-0.04887756130809097,0.5146706153051754,0.10745740175890486,0.17349382004523956,162,0.04887756130809097,0.10745740175890486
raw,min500ha,fruit_dev,sum_et0,180,-0.22200916366989995,0.0027418842491380045,-0.10711723380775896,0.174867246910215,162,0.22200916366989995,0.10711723380775896
demeaned_nodana,min500ha,winter_recharge,ratio_p_et0,144,-0.03684327316122726,0.6610855276060248,0.1063508741968444,0.23591749258444258,126,0.03684327316122726,0.1063508741968444
demeaned_nodana,arbequina,bloom,sum_et0,80,0.1425898060378625,0.2070394198572551,-0.10630867516104422,0.3810773686639503,70,0.1425898060378625,0.10630867516104422
demeaned_nodana,arbequina,bloom,ratio_p_et0,80,-0.22199934623609083,0.047799935808581585,-0.10622025365411616,0.381475842148637,70,0.22199934623609083,0.10622025365411616
demeaned,arbequina,prev_summer,sum_cwb,90,0.1207577336738908,0.25689974051310877,0.10579382367603188,0.32099888324524234,90,0.1207577336738908,0.10579382367603188
demeaned,all_olive,prev_fruit_dev,sum_et0,320,-0.08800380474189187,0.11614802296010414,-0.10559438261806416,0.05999043656011672,318,0.08800380474189187,0.10559438261806416
raw,arbequina,prev_summer,sum_precip,90,0.023573713409699097,0.8254472194015743,0.1051160372162043,0.3241264096099084,90,0.023573713409699097,0.1051160372162043
demeaned_nodana,all_olive,prev_summer,ratio_p_et0,250,0.10532091893119387,0.09660331701617067,0.10511447726972785,0.09862429347884855,248,0.10532091893119387,0.10511447726972785
demeaned,arbequina,fruit_dev,days_tmax_gt35,100,-0.09162824714909719,0.36458040664168073,-0.10494756744015628,0.3249068001096753,90,0.09162824714909719,0.10494756744015628
demeaned,min500ha,bloom_to_set,sum_precip,180,-0.19211455172189243,0.009776297129477945,-0.10486833514823557,0.18414995613308563,162,0.19211455172189243,0.10486833514823557
demeaned,all_olive,summer,days_vpd_gt2,354,-0.10595030813660401,0.04637075896382083,-0.10453558652392833,0.06261720243122175,318,0.10595030813660401,0.10453558652392833
demeaned,arbequina,agro_year,sum_precip,100,-0.2527818011651971,0.011168301493891733,-0.10434154817214829,0.32772394724120485,90,0.2527818011651971,0.10434154817214829
demeaned,arbequina,calendar_year,mean_vpd,100,-0.04351402600086485,0.6672878967712919,-0.10433770327129376,0.32774187027325646,90,0.04351402600086485,0.10433770327129376
raw,all_olive,agro_year,ratio_p_et0,354,0.08853526733231275,0.0962810215395668,0.10284856431100213,0.0669975654011145,318,0.08853526733231275,0.10284856431100213
demeaned_nodana,min500ha,bloom,days_vpd_gt2,144,0.047981074979318,0.5679427925493343,-0.1026433966473316,0.2527438373324283,126,0.047981074979318,0.1026433966473316
demeaned,min500ha,bloom,mean_vpd,180,0.07799435447241974,0.29801467966773587,-0.10261258764482173,0.1938189611971259,162,0.07799435447241974,0.10261258764482173
raw,arbequina,maturation,days_vpd_gt2,100,-0.12328206419425772,0.22171191035761773,-0.10257810626466671,0.3360098234205038,90,0.12328206419425772,0.10257810626466671
demeaned,min500ha,pre_bloom,sum_precip,180,-0.049054124997326046,0.5131511244786067,0.10233682874638671,0.1950258361689635,162,0.049054124997326046,0.10233682874638671
demeaned_nodana,arbequina,pre_bloom,ratio_p_et0,80,-0.11292188052483151,0.31861777284529424,0.10195712728940275,0.4009830852617355,70,0.11292188052483151,0.10195712728940275
raw,min500ha,prev_fruit_dev,sum_cwb,162,0.10654650591628394,0.17718958989405542,0.1018967226881408,0.19696328099407623,162,0.10654650591628394,0.1018967226881408
raw,arbequina,bloom,sum_et0,100,-0.17276235857083164,0.08564115737631338,-0.10172998080497479,0.3400416808722741,90,0.17276235857083164,0.10172998080497479
demeaned,all_olive,prev_summer,days_tmax_gt35,320,-0.08647831538076947,0.12263417133595803,-0.10121742001178077,0.07146850342818992,318,0.08647831538076947,0.10121742001178077
raw,all_olive,maturation,mean_vpd,354,0.057588572922150666,0.27988072953725085,0.10073784822018211,0.07282834539345968,318,0.057588572922150666,0.10073784822018211
raw,min500ha,agro_year,sum_precip,180,-0.11367288178286326,0.12866536205465007,-0.10045132778538432,0.20342437351041218,162,0.11367288178286326,0.10045132778538432
demeaned,all_olive,fruit_set,sum_precip,354,-0.0837513127556471,0.11572740026871003,-0.10021462973597663,0.07433591071542033,318,0.0837513127556471,0.10021462973597663
demeaned_nodana,arbequina,pre_bloom,sum_precip,80,-0.11890963565150958,0.29346347874085443,0.10004650287786297,0.4099123926131286,70,0.11890963565150958,0.10004650287786297
demeaned_nodana,all_olive,fruit_set,days_tmax_gt35,284,-0.09058898846528271,0.12775048441863757,-0.09999736808388421,0.11624215896347713,248,0.09058898846528271,0.09999736808388421
demeaned_nodana,all_olive,bloom_to_set,days_tmax_gt35,284,-0.09058898846528271,0.12775048441863757,-0.09999736808388421,0.11624215896347713,248,0.09058898846528271,0.09999736808388421
demeaned,arbequina,agro_year,days_vpd_gt2,100,-0.0848266458477375,0.40140451525783744,-0.0999551557016226,0.3485770733889118,90,0.0848266458477375,0.0999551557016226
demeaned_nodana,all_olive,fruit_set,ratio_p_et0,284,-0.07839348921587447,0.18773401828121053,-0.09886082142988316,0.12047029062164075,248,0.07839348921587447,0.09886082142988316
demeaned_nodana,arbequina,prev_summer,sum_precip,70,0.12481248826066865,0.30325135204296183,0.09810883922480947,0.41908502351046995,70,0.12481248826066865,0.09810883922480947
raw,arbequina,pre_bloom,mean_tmax,100,0.12851543840276347,0.20256125663002336,0.09774500635381689,0.3593912664768041,90,0.12851543840276347,0.09774500635381689
demeaned,min500ha,bloom_to_set,days_tmax_gt35,180,-0.09709701160734713,0.19474004756915267,-0.09732204829289542,0.21793326442005065,162,0.09709701160734713,0.09732204829289542
demeaned,min500ha,fruit_set,days_tmax_gt35,180,-0.09709701160734713,0.19474004756915267,-0.09732204829289542,0.21793326442005065,162,0.09709701160734713,0.09732204829289542
demeaned,all_olive,prev_summer,days_vpd_gt2,320,-0.08351425111105967,0.13603834321035088,-0.09698610034203609,0.08420859978873259,318,0.08351425111105967,0.09698610034203609
demeaned_nodana,arbequina,fruit_dev,sum_cwb,80,0.21006254024336626,0.061454471803328234,-0.09650905790072824,0.42674633724091166,70,0.21006254024336626,0.09650905790072824
demeaned,all_olive,fruit_set,days_vpd_gt2,354,-0.08514892860935323,0.1097524004040418,-0.09632191284046608,0.08636517567169733,318,0.08514892860935323,0.09632191284046608
raw,min500ha,prev_fruit_dev,sum_et0,162,-0.13656296114680877,0.08312575024514274,-0.09632060997667824,0.22272841566209067,162,0.13656296114680877,0.09632060997667824
raw,all_olive,bloom,sum_et0,354,-0.13894088574005012,0.008854554735331848,-0.09525740278991272,0.08991395361938322,318,0.13894088574005012,0.09525740278991272
demeaned_nodana,arbequina,calendar_year,sum_cwb,80,-0.1054395804811595,0.35193854869310165,-0.09523881255624851,0.43288595173190825,70,0.1054395804811595,0.09523881255624851
demeaned_nodana,all_olive,prev_fruit_dev,sum_cwb,250,0.09191316424769469,0.14732065734532335,0.09521567870669277,0.13484089108952424,248,0.09191316424769469,0.09521567870669277
demeaned,arbequina,set_to_dev,mean_vpd,100,-0.1833810899668481,0.06780877851969619,-0.09504800301441627,0.37286491170719605,90,0.1833810899668481,0.09504800301441627
demeaned_nodana,min500ha,prev_summer,mean_tmax,126,0.14708377619918367,0.1002777906569881,0.09476966164799015,0.29116803409123476,126,0.14708377619918367,0.09476966164799015
demeaned,all_olive,spring,sum_precip,354,-0.11931430242996954,0.02477002239044007,-0.09433200960728193,0.09309302140936271,318,0.11931430242996954,0.09433200960728193
demeaned,arbequina,prev_summer,days_vpd_gt2,90,0.10857106400454668,0.30838691017417014,0.09220559247645864,0.3873929770211905,90,0.10857106400454668,0.09220559247645864
raw,all_olive,prev_summer,ratio_p_et0,320,0.04505890946677371,0.42180592626482216,0.09153181379308499,0.10326219897296704,318,0.04505890946677371,0.09153181379308499
raw,min500ha,pre_bloom,sum_cwb,180,-0.12644222889760204,0.09076475147941027,-0.09142784458698877,0.24723126293931647,162,0.12644222889760204,0.09142784458698877
demeaned_nodana,min500ha,fruit_dev,sum_cwb,144,0.052811475601729926,0.5295760324938755,-0.09128502529363314,0.3093513266620671,126,0.052811475601729926,0.09128502529363314
demeaned_nodana,arbequina,prev_summer,sum_cwb,70,0.10570730096413872,0.3837924030761175,0.09115285337322758,0.45297048574715704,70,0.10570730096413872,0.09115285337322758
demeaned_nodana,arbequina,pre_bloom,sum_et0,80,0.20484065736756643,0.06834962182959856,0.09064350191917737,0.4555097498940626,70,0.20484065736756643,0.09064350191917737
demeaned,all_olive,prev_summer,ratio_p_et0,320,0.0956473693518284,0.0875964716883725,0.09014373273391378,0.1086191305193282,318,0.0956473693518284,0.09014373273391378
raw,all_olive,agro_year,sum_precip,354,0.0725895642002628,0.17296687385920292,0.08995533999655717,0.10936274896628077,318,0.0725895642002628,0.08995533999655717
demeaned,min500ha,prev_summer,days_tmax_gt35,162,-0.049404717169992673,0.5324099023439967,-0.08984002125826149,0.2555705331408899,162,0.049404717169992673,0.08984002125826149
demeaned,all_olive,spring,mean_tmax,354,-0.008002791546328816,0.8807318879620285,-0.08970199882241704,0.11036903864999612,318,0.008002791546328816,0.08970199882241704
raw,min500ha,prev_fruit_dev,sum_precip,162,0.06766794420420345,0.39222781032974957,0.08949721361801871,0.25739608739903225,162,0.06766794420420345,0.08949721361801871
raw,all_olive,calendar_year,sum_et0,354,-0.10407744068501941,0.050394968602009114,-0.08872035881073893,0.11433708062754785,318,0.10407744068501941,0.08872035881073893
demeaned_nodana,min500ha,winter_recharge,sum_cwb,144,-0.03089143963692126,0.7132056416846195,0.088146103817004,0.3263518278859565,126,0.03089143963692126,0.088146103817004
raw,min500ha,prev_fruit_dev,ratio_p_et0,162,0.07873408651054806,0.31929469821566936,0.08786573229520174,0.26620691901699844,162,0.07873408651054806,0.08786573229520174
demeaned,min500ha,fruit_dev,sum_et0,180,-0.12259288725789412,0.10111173906086872,-0.0878356139584187,0.2663714832210821,162,0.12259288725789412,0.0878356139584187
demeaned_nodana,all_olive,spring,mean_tmax,284,-0.012731313796379427,0.8308478289437344,-0.08745907339078059,0.16975827853120523,248,0.012731313796379427,0.08745907339078059
demeaned,min500ha,spring,sum_et0,180,0.10905749804211563,0.14502897140888715,-0.08743682692194003,0.26855696261041906,162,0.10905749804211563,0.08743682692194003
raw,all_olive,spring,sum_et0,354,-0.11038833481875877,0.037898888221136434,-0.08725422148933029,0.12047063487825088,318,0.11038833481875877,0.08725422148933029
demeaned_nodana,all_olive,winter_recharge,mean_tmax,284,0.07090511237586171,0.23359706893520266,0.08725090863483796,0.1707804137201018,248,0.07090511237586171,0.08725090863483796
raw,all_olive,fruit_dev,mean_tmax,354,-0.11446804436858204,0.03130546525234534,-0.08717350838833306,0.1208155996510667,318,0.11446804436858204,0.08717350838833306
demeaned,all_olive,fruit_set,sum_et0,354,-0.07115468680544584,0.18163883072814008,-0.08699434434616816,0.12158408895000726,318,0.07115468680544584,0.08699434434616816
demeaned,arbequina,bloom_to_set,mean_vpd,100,0.09861230738353256,0.329011578404541,-0.08683966839103248,0.41572713519293,90,0.09861230738353256,0.08683966839103248
demeaned,all_olive,prev_summer,sum_cwb,320,0.09085130177274447,0.10476182107977482,0.08655184341786966,0.12349841185722858,318,0.09085130177274447,0.08655184341786966
demeaned_nodana,min500ha,prev_fruit_dev,ratio_p_et0,126,-0.08279275552836723,0.3567018238407075,-0.08628753819062603,0.336695240936454,126,0.08279275552836723,0.08628753819062603
raw,min500ha,winter_recharge,sum_precip,180,0.028094790048907956,0.7081222882867838,0.08592360142652286,0.2769606861294668,162,0.028094790048907956,0.08592360142652286
raw,all_olive,spring,sum_precip,354,-0.08982717410674312,0.09150271082394938,-0.08504278704054956,0.13020327273701704,318,0.08982717410674312,0.08504278704054956
demeaned,min500ha,maturation,sum_et0,180,0.10968199207573767,0.1427266772347759,0.08473447568240025,0.28368779852095555,162,0.10968199207573767,0.08473447568240025
demeaned,arbequina,summer,sum_et0,100,-0.10514087410133555,0.2978390016301131,-0.08441555355990234,0.4289117856751969,90,0.10514087410133555,0.08441555355990234
demeaned,all_olive,fruit_set,mean_vpd,354,-0.06562631341805854,0.21805639017842388,-0.08439466809841963,0.1331678102178938,318,0.06562631341805854,0.08439466809841963
demeaned,min500ha,bloom,mean_tmax,180,0.10103292420971322,0.17717280792860457,-0.08400853471242074,0.2878480279289719,162,0.10103292420971322,0.08400853471242074
demeaned,all_olive,pre_bloom,sum_et0,354,-0.020416595689826098,0.7018552770006328,-0.08369669132610913,0.13641826354925138,318,0.020416595689826098,0.08369669132610913
raw,arbequina,maturation,mean_tmax,100,0.025295934886368908,0.8027273325268648,-0.08368785787222296,0.43291582358275843,90,0.025295934886368908,0.08368785787222296
demeaned_nodana,all_olive,fruit_dev,sum_cwb,284,0.12336133220780228,0.037737398146789745,0.08335466528351054,0.19076586710093396,248,0.12336133220780228,0.08335466528351054
demeaned,min500ha,prev_fruit_dev,mean_vpd,162,0.12736839702213884,0.1062745590441285,0.08241101658064849,0.2971460148551308,162,0.12736839702213884,0.08241101658064849
raw,all_olive,pre_bloom,sum_precip,354,0.0997707812931666,0.06076272344670115,0.08200412169780234,0.14455335194988544,318,0.0997707812931666,0.08200412169780234
raw,all_olive,prev_summer,mean_tmax,320,-0.13145019780138809,0.01864933256341203,-0.08182589376197277,0.14543106633674388,318,0.13145019780138809,0.08182589376197277
demeaned,arbequina,bloom,ratio_p_et0,100,-0.19472505851912242,0.052210315436135975,-0.08168065172087134,0.4440696971098511,90,0.19472505851912242,0.08168065172087134
demeaned,all_olive,prev_fruit_dev,mean_tmax,320,-0.050813105397456766,0.36493542911529,-0.08081191175821749,0.1505020585895079,318,0.050813105397456766,0.08081191175821749
demeaned,all_olive,bloom,ratio_p_et0,354,0.03237962320437081,0.5437025857643839,0.07970780444900047,0.1561751406530892,318,0.03237962320437081,0.07970780444900047
demeaned,min500ha,fruit_set,sum_cwb,180,-0.05689280588137363,0.448095399998009,-0.079143074494629,0.3167795022271582,162,0.05689280588137363,0.079143074494629
demeaned,min500ha,pre_bloom,sum_et0,180,0.027490851753003653,0.7141201876868487,-0.07897777280080469,0.317794520724651,162,0.027490851753003653,0.07897777280080469
demeaned_nodana,all_olive,prev_summer,days_tmax_gt35,250,-0.06844426021149656,0.2810159100236955,-0.07830518286996306,0.21914342839996556,248,0.06844426021149656,0.07830518286996306
raw,arbequina,agro_year,ratio_p_et0,100,0.006468328727453308,0.9490731689622279,-0.07784461327363244,0.4658282862543113,90,0.006468328727453308,0.07784461327363244
demeaned_nodana,min500ha,spring,mean_tmax,144,0.1935041376168833,0.02013511724580921,0.07714210627569817,0.390578670490335,126,0.1935041376168833,0.07714210627569817
demeaned,min500ha,fruit_dev,days_vpd_gt2,180,-0.1143248625096431,0.12647330977794619,-0.07707421852444946,0.3296350504688821,162,0.1143248625096431,0.07707421852444946
demeaned_nodana,all_olive,set_to_dev,sum_precip,284,-0.013835375078156444,0.8164287422151887,-0.07689852315391839,0.22755976452558027,248,0.013835375078156444,0.07689852315391839
demeaned,arbequina,fruit_dev,mean_vpd,100,-0.24263315636023552,0.015003695598784665,-0.07656962197843702,0.4731870008309463,90,0.24263315636023552,0.07656962197843702
raw,all_olive,pre_bloom,sum_et0,354,0.15779001937246195,0.002911104972384515,0.07578489657736104,0.1776404497099893,318,0.15779001937246195,0.07578489657736104
demeaned_nodana,min500ha,winter_recharge,sum_precip,144,-0.08525304004690717,0.3096430550814712,0.07543111790362994,0.4012053160753291,126,0.08525304004690717,0.07543111790362994
raw,min500ha,winter_recharge,sum_et0,180,0.012500424370869552,0.8677250028596745,0.07536074552072423,0.34053214559339656,162,0.012500424370869552,0.07536074552072423
raw,arbequina,summer,sum_cwb,100,0.12279520178387388,0.2235563279071279,-0.07483852595306344,0.48327795001312174,90,0.12279520178387388,0.07483852595306344
demeaned,min500ha,pre_bloom,mean_tmax,180,-0.12594070391833478,0.09206295676109096,-0.07393100417916007,0.34979771618845207,162,0.12594070391833478,0.07393100417916007
demeaned_nodana,arbequina,fruit_set,days_tmax_gt35,80,-0.07308952182532558,0.5193767908400483,-0.0732348694038021,0.5468385499031214,70,0.07308952182532558,0.0732348694038021
demeaned_nodana,arbequina,bloom_to_set,days_tmax_gt35,80,-0.07308952182532558,0.5193767908400483,-0.0732348694038021,0.5468385499031214,70,0.07308952182532558,0.0732348694038021
demeaned,all_olive,bloom,sum_cwb,354,0.015251653857992379,0.7749088588914339,0.07267274019586444,0.19616780412541612,318,0.015251653857992379,0.07267274019586444
raw,all_olive,summer,ratio_p_et0,354,-0.08083572186086915,0.12900910591397938,-0.07221117589883944,0.1990313955849009,318,0.08083572186086915,0.07221117589883944
demeaned_nodana,min500ha,prev_fruit_dev,sum_precip,126,-0.062365044829969414,0.4878422514661212,-0.07172031434699852,0.42483358370104074,126,0.062365044829969414,0.07172031434699852
demeaned,all_olive,fruit_set,ratio_p_et0,354,-0.05629348662550637,0.29085522074976433,-0.07085114934408449,0.20764568419789958,318,0.05629348662550637,0.07085114934408449
demeaned_nodana,arbequina,bloom,sum_cwb,80,-0.20472099840199215,0.06851464561146287,-0.07062220879926992,0.5612708230196101,70,0.20472099840199215,0.07062220879926992
demeaned_nodana,all_olive,bloom_to_set,sum_precip,284,-0.09006626890385043,0.1299729404619951,-0.07019140969758775,0.27083150261248756,248,0.09006626890385043,0.07019140969758775
raw,all_olive,prev_summer,sum_precip,320,0.005027143150212944,0.9286234249771271,0.0700878514327305,0.21259668375191412,318,0.005027143150212944,0.0700878514327305
raw,all_olive,bloom_to_set,mean_tmax,354,-0.0667873074286419,0.21000511789967888,-0.06984690678573725,0.21417700852056024,318,0.0667873074286419,0.06984690678573725
demeaned,arbequina,bloom,mean_tmax,100,0.15523054412502543,0.12303638059376476,-0.0698088323020021,0.513237057674437,90,0.15523054412502543,0.0698088323020021
demeaned,arbequina,maturation,mean_vpd,100,0.045084255878273014,0.6560300320676824,0.06959646821387852,0.5145225735849135,90,0.045084255878273014,0.06959646821387852
demeaned_nodana,all_olive,prev_fruit_dev,mean_vpd,250,-0.05294139046965643,0.40458167558751923,-0.06945535470473738,0.27590062119581665,248,0.05294139046965643,0.06945535470473738
demeaned,all_olive,winter_recharge,mean_tmax,354,-0.04966402965595845,0.35149504524438996,-0.06849899807736863,0.22317339443752182,318,0.04966402965595845,0.06849899807736863
demeaned,arbequina,set_to_dev,days_vpd_gt2,100,-0.14343482865738313,0.15453679054234984,-0.06828344987971997,0.522507112074382,90,0.14343482865738313,0.06828344987971997
demeaned_nodana,all_olive,prev_summer,sum_precip,250,0.06973288906632123,0.27203605700521805,0.06648192698165376,0.29703013845294196,248,0.06973288906632123,0.06648192698165376
demeaned,arbequina,set_to_dev,sum_et0,100,-0.16040948164488814,0.11087565902615726,-0.06645571254433112,0.5337249022554368,90,0.16040948164488814,0.06645571254433112
demeaned,all_olive,bloom_to_set,days_tmax_gt35,354,-0.06329283050681656,0.23490159113287773,-0.0663528500612863,0.23804716758744465,318,0.06329283050681656,0.0663528500612863
demeaned,all_olive,fruit_set,days_tmax_gt35,354,-0.06329283050681656,0.23490159113287773,-0.0663528500612863,0.23804716758744465,318,0.06329283050681656,0.0663528500612863
demeaned_nodana,min500ha,prev_summer,days_vpd_gt2,126,0.11051743719712448,0.21796054507593526,0.06615081138915378,0.4617627517022717,126,0.11051743719712448,0.06615081138915378
demeaned_nodana,arbequina,prev_fruit_dev,sum_cwb,70,-0.07347658976806981,0.5455124294297237,-0.06606889385064635,0.5868452701574677,70,0.07347658976806981,0.06606889385064635
demeaned,arbequina,bloom,mean_vpd,100,0.1359531099658977,0.17743024702853974,-0.06559892322500409,0.539024327647422,90,0.1359531099658977,0.06559892322500409
raw,min500ha,pre_bloom,ratio_p_et0,180,-0.09832019915348178,0.1891499649914482,-0.06555850894375417,0.40718685140305116,162,0.09832019915348178,0.06555850894375417
raw,arbequina,fruit_dev,sum_cwb,100,0.19591975404554854,0.05075537904889367,-0.06474678970294712,0.5443205348377073,90,0.19591975404554854,0.06474678970294712
demeaned_nodana,min500ha,prev_summer,sum_et0,126,0.10380968503557908,0.2473639092269687,0.06464081087997338,0.4720716239586299,126,0.10380968503557908,0.06464081087997338
demeaned,arbequina,fruit_set,mean_vpd,100,0.007978175052833568,0.9372076606810867,-0.06442957953791131,0.5462985418646552,90,0.007978175052833568,0.06442957953791131
demeaned_nodana,all_olive,fruit_dev,ratio_p_et0,284,0.10821373002799879,0.0686132247317176,0.06391274909098923,0.31613144057313936,248,0.10821373002799879,0.06391274909098923
demeaned_nodana,min500ha,calendar_year,ratio_p_et0,144,-0.11353514958218061,0.17543886903993694,-0.063877958773846,0.4773269069980573,126,0.11353514958218061,0.063877958773846
raw,min500ha,pre_bloom,days_vpd_gt2,180,-0.0014155014177056032,0.9849538673647459,0.06372023172952777,0.420493729716157,162,0.0014155014177056032,0.06372023172952777
demeaned,min500ha,prev_fruit_dev,mean_tmax,162,0.12367027262803487,0.11690406333196357,0.06355379108544316,0.421710917444943,162,0.12367027262803487,0.06355379108544316
raw,min500ha,prev_summer,sum_precip,162,-0.12544335793295858,0.11170883677571586,-0.06323595851818477,0.42404091835610663,162,0.12544335793295858,0.06323595851818477
demeaned,all_olive,prev_summer,sum_precip,320,0.07086626466092058,0.20611392432695605,0.06243673863734874,0.2669536020932724,318,0.07086626466092058,0.06243673863734874
demeaned_nodana,arbequina,pre_bloom,sum_cwb,80,-0.15097145126600542,0.18130307159467546,0.06208596413429,0.6096392711251527,70,0.15097145126600542,0.06208596413429
demeaned_nodana,arbequina,agro_year,sum_cwb,80,-0.10245546333052136,0.3658099439006031,-0.06200440022986774,0.6101100511098599,70,0.10245546333052136,0.06200440022986774
raw,arbequina,set_to_dev,sum_cwb,100,0.1435967590617616,0.15406697549143994,-0.061796456514633204,0.5628515580207917,90,0.1435967590617616,0.061796456514633204
demeaned,arbequina,pre_bloom,mean_tmax,100,-0.14740205928513758,0.14333182677458467,-0.061037530535938425,0.5676662836299391,90,0.14740205928513758,0.061037530535938425
demeaned,min500ha,agro_year,sum_precip,180,-0.08215022632791312,0.27293146265511,0.06098772889526308,0.440734109169739,162,0.08215022632791312,0.06098772889526308
raw,min500ha,agro_year,ratio_p_et0,180,-0.05426427705479402,0.46937707515015453,-0.060975630686132806,0.4408249365179713,162,0.05426427705479402,0.060975630686132806
demeaned,arbequina,bloom,sum_cwb,100,-0.18658942233541806,0.0630561758620509,-0.060727045828337524,0.5696416090067211,90,0.18658942233541806,0.060727045828337524
demeaned,all_olive,prev_fruit_dev,days_tmax_gt35,320,-0.046841715080923496,0.40365605271499133,-0.06048922402245246,0.28218912961649417,318,0.046841715080923496,0.06048922402245246
raw,arbequina,bloom,mean_tmax,100,-0.1303003498392274,0.19630936584439246,-0.06017944703950553,0.5731333051566342,90,0.1303003498392274,0.06017944703950553
demeaned_nodana,min500ha,winter_recharge,days_vpd_gt2,144,0.12897023269351784,0.12341518705579317,0.05986294608322066,0.505500251763889,126,0.12897023269351784,0.05986294608322066
demeaned,arbequina,calendar_year,sum_et0,100,-0.010931741617036415,0.9140383395009316,-0.059737525864089175,0.5759584159044213,90,0.010931741617036415,0.059737525864089175
demeaned,all_olive,calendar_year,sum_precip,354,-0.06747312022103086,0.20535099450273006,-0.059375044918546616,0.2911643834803105,318,0.06747312022103086,0.059375044918546616
raw,all_olive,pre_bloom,mean_vpd,354,0.07507933876196819,0.15865683011009882,0.05881501239465439,0.2957470914028374,318,0.07507933876196819,0.05881501239465439
demeaned_nodana,all_olive,prev_fruit_dev,days_vpd_gt2,250,0.06807154833112997,0.2836500374586857,0.05795833151287267,0.3634125008968442,248,0.06807154833112997,0.05795833151287267
demeaned,arbequina,bloom_to_set,days_tmax_gt35,100,-0.05728025120300473,0.5713488863650484,-0.0579176393404406,0.5876601190792218,90,0.05728025120300473,0.0579176393404406
demeaned,arbequina,fruit_set,days_tmax_gt35,100,-0.05728025120300473,0.5713488863650484,-0.0579176393404406,0.5876601190792218,90,0.05728025120300473,0.0579176393404406
raw,all_olive,spring,days_tmax_gt35,354,-0.05563549735011282,0.29653995031159514,-0.057425011262315355,0.3073280352612893,318,0.05563549735011282,0.057425011262315355
demeaned,arbequina,prev_summer,mean_vpd,90,-0.031571482400943256,0.7676881128003025,-0.05710346752405318,0.5929299273068384,90,0.031571482400943256,0.05710346752405318
demeaned_nodana,min500ha,fruit_set,sum_cwb,144,-0.01087766572980163,0.8970425944594995,-0.057071359812799115,0.5255865884256089,126,0.01087766572980163,0.057071359812799115
demeaned_nodana,all_olive,fruit_set,sum_cwb,284,-0.04066696036191984,0.4948648924853503,-0.05563344032246761,0.38300876745156376,248,0.04066696036191984,0.05563344032246761
demeaned_nodana,arbequina,winter_recharge,ratio_p_et0,80,-0.1374508599310498,0.2240499137149885,0.0553530927741524,0.6490173946624487,70,0.1374508599310498,0.0553530927741524
demeaned,min500ha,prev_summer,sum_et0,162,0.08688833105648121,0.27158277161344196,0.05464769756760555,0.4897654469981936,162,0.08688833105648121,0.05464769756760555
raw,all_olive,fruit_dev,sum_precip,354,-0.01403594577431631,0.7924244179507758,-0.05450181709974371,0.33264520501389916,318,0.01403594577431631,0.05450181709974371
demeaned_nodana,all_olive,bloom,ratio_p_et0,284,0.0038258717015830263,0.9488184504425541,0.05377822554270657,0.3990986194055809,248,0.0038258717015830263,0.05377822554270657
demeaned,min500ha,prev_fruit_dev,days_tmax_gt35,162,-0.017914306400521756,0.8209957661029396,-0.05263793012153658,0.5058938705335333,162,0.017914306400521756,0.05263793012153658
demeaned,arbequina,fruit_set,sum_et0,100,0.006484378065074697,0.9489469780830213,-0.05249045894186602,0.6231815157105611,90,0.006484378065074697,0.05249045894186602
raw,all_olive,pre_bloom,ratio_p_et0,354,0.04992515057778296,0.3489653707096892,0.052370147982021706,0.35192866697952857,318,0.04992515057778296,0.052370147982021706
demeaned_nodana,arbequina,prev_fruit_dev,days_tmax_gt35,70,0.05821414236381619,0.6321584665854014,0.052124403443219405,0.6682556737132576,70,0.05821414236381619,0.052124403443219405
demeaned,arbequina,pre_bloom,sum_precip,100,-0.21741361329548142,0.029790547019595232,-0.051865714213428823,0.6273285504472913,90,0.21741361329548142,0.051865714213428823
demeaned_nodana,arbequina,prev_summer,mean_tmax,70,0.09235333131386421,0.4470167832483745,0.051012123180769996,0.6749336982018369,70,0.09235333131386421,0.051012123180769996
raw,all_olive,set_to_dev,sum_precip,354,-0.05274456010295672,0.3223882265439838,-0.050934674820530115,0.3653031329385593,318,0.05274456010295672,0.050934674820530115
raw,all_olive,maturation,days_vpd_gt2,354,-0.04719693756666419,0.37596366104530354,-0.050744466474140625,0.3670987271958146,318,0.04719693756666419,0.050744466474140625
raw,all_olive,fruit_set,sum_cwb,354,-0.027327374659678032,0.6083440116570139,0.050354437323314793,0.37079774454170217,318,0.027327374659678032,0.050354437323314793
demeaned,arbequina,summer,days_vpd_gt2,100,-0.09005395614026145,0.37291320880419015,-0.049855327081502816,0.6407516351053019,90,0.09005395614026145,0.049855327081502816
demeaned,min500ha,maturation,days_vpd_gt2,180,0.03641298758757984,0.6274713480703578,0.049611988634228166,0.5306893692390331,162,0.03641298758757984,0.049611988634228166
demeaned,all_olive,fruit_set,sum_cwb,354,-0.04086826515165415,0.4433594960184249,-0.04903701688499106,0.38346147471489855,318,0.04086826515165415,0.04903701688499106
raw,all_olive,maturation,mean_tmax,354,0.11918396078513492,0.024929045286624738,0.04863097599910139,0.3874170747452521,318,0.11918396078513492,0.04863097599910139
demeaned,all_olive,spring,sum_cwb,354,-0.08912449947584031,0.09407755871338047,-0.048015506861597654,0.3934599007469996,318,0.08912449947584031,0.048015506861597654
demeaned,min500ha,spring,mean_vpd,180,0.1250649931254014,0.09436516724265943,-0.047945792380223985,0.5445988389507254,162,0.1250649931254014,0.047945792380223985
demeaned_nodana,arbequina,pre_bloom,mean_tmax,80,-0.10189628424704344,0.3684459643902001,0.04784922625914109,0.6940591627721793,70,0.10189628424704344,0.04784922625914109
demeaned_nodana,arbequina,maturation,days_vpd_gt2,80,-0.04453596445891781,0.6948607982853049,-0.04749739152970082,0.6961987356421138,70,0.04453596445891781,0.04749739152970082
demeaned,arbequina,maturation,sum_et0,100,0.0025056949684201498,0.9802607885412844,0.04726642995253255,0.658208418346145,90,0.0025056949684201498,0.04726642995253255
demeaned,arbequina,spring,sum_et0,100,0.18421485812422544,0.06654664324047292,-0.04703391759550935,0.6597854158917356,90,0.18421485812422544,0.04703391759550935
demeaned_nodana,min500ha,agro_year,sum_precip,144,-0.15034815395886578,0.07206739656674557,-0.046799185717134054,0.6028061530216307,126,0.15034815395886578,0.046799185717134054
demeaned,all_olive,maturation,sum_et0,354,-0.04262040305816491,0.42404387893009227,-0.04662509247311263,0.4073188691056304,318,0.04262040305816491,0.04662509247311263
demeaned_nodana,min500ha,agro_year,sum_cwb,144,-0.030313845713406902,0.7183396591341906,0.046595325539266826,0.6043884037510804,126,0.030313845713406902,0.046595325539266826
raw,all_olive,pre_bloom,days_vpd_gt2,354,-0.010516127519131824,0.8436980937007822,0.04659291839573785,0.40764295610033136,318,0.010516127519131824,0.04659291839573785
raw,all_olive,pre_bloom,sum_cwb,354,0.03863938925291748,0.4686390478240618,0.046560497999040364,0.40796967893075053,318,0.03863938925291748,0.046560497999040364
raw,arbequina,spring,mean_tmax,100,-0.11224565849940969,0.26619730393375435,-0.04646333403273824,0.6636616461789613,90,0.11224565849940969,0.04646333403273824
demeaned,min500ha,winter_recharge,days_vpd_gt2,180,0.12019261261871847,0.10802134403466485,0.046329124100092794,0.5582641511591915,162,0.12019261261871847,0.046329124100092794
demeaned,arbequina,agro_year,ratio_p_et0,100,-0.15582152910441394,0.12159893811160517,-0.04583364048071968,0.6679497259120727,90,0.15582152910441394,0.04583364048071968
raw,arbequina,winter_recharge,mean_vpd,100,-0.024344339619832383,0.8100059688566751,-0.04555021346868738,0.669883296114122,90,0.024344339619832383,0.04555021346868738
demeaned_nodana,min500ha,calendar_year,sum_cwb,144,-0.09974597077288329,0.23424742825224715,-0.045234527545993906,0.6149969806333473,126,0.09974597077288329,0.045234527545993906
demeaned_nodana,min500ha,prev_fruit_dev,days_tmax_gt35,126,0.06527214601037026,0.46774628994409745,0.045089027128891165,0.6161360540183838,126,0.06527214601037026,0.045089027128891165
raw,min500ha,winter_recharge,days_vpd_gt2,180,-0.09304261519055705,0.2141267087317967,-0.04468812205769211,0.5723018530763913,162,0.09304261519055705,0.04468812205769211
demeaned_nodana,all_olive,bloom,sum_cwb,284,-0.014494535925666177,0.8078491196451411,0.044468702644461136,0.4857396860824353,248,0.014494535925666177,0.044468702644461136
demeaned,all_olive,spring,ratio_p_et0,354,-0.07291287161970819,0.17105616483357935,-0.04422899772112707,0.4318705323276888,318,0.07291287161970819,0.04422899772112707
demeaned_nodana,arbequina,winter_recharge,days_vpd_gt2,80,0.05613385632192474,0.6209073698417901,-0.04420327107916886,0.7163436550752131,70,0.05613385632192474,0.04420327107916886
demeaned_nodana,arbequina,winter_recharge,sum_cwb,80,-0.09110970084706385,0.42153669128362575,0.04387168116431932,0.7183824738636272,70,0.09110970084706385,0.04387168116431932
demeaned_nodana,all_olive,winter_recharge,days_vpd_gt2,284,0.07644442833857927,0.19898000513291286,0.04283575343718672,0.5019158113624302,248,0.07644442833857927,0.04283575343718672
demeaned_nodana,min500ha,bloom,mean_tmax,144,0.17462498582920424,0.03631801799816998,0.042687838024919385,0.6350644581918597,126,0.17462498582920424,0.042687838024919385
demeaned,arbequina,fruit_dev,sum_et0,100,-0.2066089139070689,0.039167552935663444,-0.04260894899398232,0.6900739360378392,90,0.2066089139070689,0.04260894899398232
raw,min500ha,maturation,mean_tmax,180,0.09388786302335476,0.20997529140281948,0.04236761013916991,0.5924311149411412,162,0.09388786302335476,0.04236761013916991
raw,min500ha,spring,mean_tmax,180,-0.0033436195892732755,0.964468416876243,0.042170267588402574,0.5941577008973262,162,0.0033436195892732755,0.042170267588402574
raw,arbequina,pre_bloom,days_vpd_gt2,100,-0.10784564789355482,0.28551322622259434,-0.04207763026251332,0.6937449794416644,90,0.10784564789355482,0.04207763026251332
demeaned,arbequina,pre_bloom,sum_cwb,100,-0.21473746794897067,0.03191511602436314,-0.04192401156521344,0.6948077002771476,90,0.21473746794897067,0.04192401156521344
demeaned_nodana,all_olive,spring,days_tmax_gt35,284,-0.03837723703661019,0.5194913552504077,-0.041815386582323186,0.5121656402222707,248,0.03837723703661019,0.041815386582323186
raw,all_olive,spring,sum_cwb,354,-0.033860399003773904,0.5254228820443368,-0.039778169103003615,0.47967038375299836,318,0.033860399003773904,0.039778169103003615
demeaned,arbequina,maturation,days_vpd_gt2,100,-0.036433215460245486,0.7189435205637554,-0.039521107859766494,0.7115063691918334,90,0.036433215460245486,0.039521107859766494
raw,min500ha,winter_recharge,sum_cwb,180,0.018395168234419935,0.8063802024876598,0.03927170915572005,0.6197757999668505,162,0.018395168234419935,0.03927170915572005
demeaned,min500ha,bloom_to_set,ratio_p_et0,180,-0.13917612162679283,0.06241812335604776,-0.03926073096641887,0.6198737291437662,162,0.13917612162679283,0.03926073096641887
demeaned,all_olive,winter_recharge,days_vpd_gt2,354,0.07289530280268847,0.171159588409056,0.03887657183232742,0.48969140479216366,318,0.07289530280268847,0.03887657183232742
demeaned,arbequina,prev_fruit_dev,mean_tmax,90,0.07144122130551198,0.5034107907961612,0.03878020130632751,0.7166832042926561,90,0.07144122130551198,0.03878020130632751
raw,all_olive,winter_recharge,mean_vpd,354,0.032771729646457595,0.5388316479920482,0.03821346653586509,0.49713260974377993,318,0.032771729646457595,0.03821346653586509
raw,all_olive,spring,ratio_p_et0,354,-0.04798975865307575,0.36798869357483166,-0.038017727739047165,0.4993405474530355,318,0.04798975865307575,0.038017727739047165
demeaned_nodana,all_olive,maturation,days_vpd_gt2,284,-0.030398681655618785,0.6099490118706833,-0.03768185948609129,0.55477079130485,248,0.030398681655618785,0.03768185948609129
demeaned_nodana,arbequina,spring,sum_et0,80,0.2093435005899431,0.06236895424571338,-0.03731311453468748,0.7590948412923579,70,0.2093435005899431,0.03731311453468748
raw,min500ha,calendar_year,mean_tmax,180,-0.0673514457881927,0.3690044193500616,-0.036964448195499704,0.6405019772969777,162,0.0673514457881927,0.036964448195499704
demeaned_nodana,arbequina,bloom,mean_vpd,80,0.1736919034364991,0.12335706465812003,-0.03679245148720135,0.7623566966957737,70,0.1736919034364991,0.03679245148720135
demeaned_nodana,arbequina,pre_bloom,days_vpd_gt2,80,0.031938616833861795,0.7785236921599668,0.03667282911468859,0.763106693899361,70,0.031938616833861795,0.03667282911468859
raw,all_olive,winter_recharge,days_vpd_gt2,354,-0.10351612484443666,0.05165635985318877,-0.03599873883107196,0.5224139109509002,318,0.10351612484443666,0.03599873883107196
demeaned,arbequina,winter_recharge,days_vpd_gt2,100,0.06162567110331621,0.5424659985981825,-0.034687504794218615,0.7455047904148724,90,0.06162567110331621,0.034687504794218615
demeaned_nodana,min500ha,prev_summer,mean_vpd,126,0.0244017918595044,0.7862218436681928,-0.03353534587252301,0.7093072775015224,126,0.0244017918595044,0.03353534587252301
demeaned,min500ha,prev_summer,mean_tmax,162,0.09472133718257418,0.23054044409054977,0.03348347128223278,0.6722999753776588,162,0.09472133718257418,0.03348347128223278
demeaned,all_olive,spring,days_tmax_gt35,354,-0.031483884471795065,0.5549110862749034,-0.03331987760227575,0.5538485137987252,318,0.031483884471795065,0.03331987760227575
raw,min500ha,prev_summer,ratio_p_et0,162,-0.08207410908899727,0.299132024916603,-0.03305887845160275,0.6762200406861936,162,0.08207410908899727,0.03305887845160275
raw,min500ha,pre_bloom,sum_precip,180,-0.050893353449039995,0.49746174185047987,-0.03242042424907133,0.6821309588874594,162,0.050893353449039995,0.03242042424907133
demeaned,min500ha,bloom,sum_precip,180,-0.1490264139732991,0.04586501309161787,-0.031963846576023996,0.6863699388459392,162,0.1490264139732991,0.031963846576023996
demeaned,min500ha,winter_recharge,mean_tmax,180,-0.046992102440593,0.5310400687753728,-0.03188182566921628,0.6871324825512631,162,0.046992102440593,0.03188182566921628
demeaned_nodana,all_olive,set_to_dev,sum_cwb,284,0.0819519283951408,0.16841791701950706,0.03141526176717596,0.6224718006866831,248,0.0819519283951408,0.03141526176717596
raw,arbequina,winter_recharge,sum_precip,100,-0.03100493690041245,0.7594334059603949,0.03135170626252913,0.7692600463046471,90,0.03100493690041245,0.03135170626252913
demeaned,arbequina,spring,mean_tmax,100,0.23038230667521511,0.02111230784694864,0.03131348361195424,0.7695335265249951,90,0.23038230667521511,0.03131348361195424
raw,all_olive,set_to_dev,sum_cwb,354,0.04042535460229803,0.44832024971963275,0.031201969321585442,0.579336121710713,318,0.04042535460229803,0.031201969321585442
raw,all_olive,spring,mean_tmax,354,0.019859300958452186,0.7096205818600531,0.030972712737712852,0.5821276045749212,318,0.019859300958452186,0.030972712737712852
demeaned,all_olive,prev_fruit_dev,days_vpd_gt2,320,0.04427592656063963,0.42992525671093024,0.030909604134461272,0.5828971260877328,318,0.04427592656063963,0.030909604134461272
raw,all_olive,bloom_to_set,sum_precip,354,-0.05919076247241749,0.26669630584088555,-0.030468862910918187,0.5882844706963746,318,0.05919076247241749,0.030468862910918187
demeaned_nodana,arbequina,bloom,mean_tmax,80,0.20010284235939996,0.0751328988246171,-0.03027059730948381,0.8035473496696955,70,0.20010284235939996,0.03027059730948381
demeaned,all_olive,bloom,sum_precip,354,-0.009236948900619981,0.8625090171953005,0.030166380542192554,0.5919950250119121,318,0.009236948900619981,0.030166380542192554
demeaned,arbequina,pre_bloom,days_vpd_gt2,100,0.026694378353797298,0.7920614829060821,0.029997524117924394,0.7789660896293197,90,0.026694378353797298,0.029997524117924394
demeaned,all_olive,bloom_to_set,ratio_p_et0,354,0.005578410129984933,0.9167037219217701,0.029887505595411777,0.5954254299010506,318,0.005578410129984933,0.029887505595411777
demeaned,min500ha,prev_summer,ratio_p_et0,162,0.06871184235006418,0.38494878276646416,0.02965598864284992,0.7079441034785419,162,0.06871184235006418,0.02965598864284992
demeaned,min500ha,bloom_to_set,sum_cwb,180,-0.1420053907669598,0.05722644232459691,-0.029399066349795482,0.7103606583726482,162,0.1420053907669598,0.029399066349795482
demeaned_nodana,arbequina,prev_fruit_dev,ratio_p_et0,70,-0.03591021664209545,0.7678931357603053,-0.02906623320403853,0.8112162576289546,70,0.03591021664209545,0.02906623320403853
demeaned_nodana,min500ha,bloom,sum_et0,144,0.12510599031343483,0.13515887764205348,-0.028987174696137034,0.7472972878934995,126,0.12510599031343483,0.028987174696137034
demeaned,arbequina,prev_summer,days_tmax_gt35,90,-0.018250280915504707,0.864434994568609,-0.028952299700319418,0.7864810129927043,90,0.018250280915504707,0.028952299700319418
raw,all_olive,agro_year,mean_tmax,354,0.05251329587945457,0.3245173946621415,0.028346343804226487,0.6145436530796488,318,0.05251329587945457,0.028346343804226487
raw,all_olive,bloom_to_set,sum_cwb,354,0.009610832418305243,0.8570023550263574,0.028326672138663696,0.6147894124580968,318,0.009610832418305243,0.028326672138663696
raw,arbequina,pre_bloom,mean_vpd,100,0.012140394941059581,0.9045766201409573,-0.027904308097457284,0.7940355084809642,90,0.012140394941059581,0.027904308097457284
demeaned_nodana,arbequina,prev_summer,sum_et0,70,0.004338735013524973,0.9715638295825252,-0.027817661065111677,0.8191853988544021,70,0.004338735013524973,0.027817661065111677
demeaned,all_olive,bloom_to_set,sum_cwb,354,-0.00905450189064679,0.8651985827307085,0.027678445145828935,0.6229116958867069,318,0.00905450189064679,0.027678445145828935
raw,all_olive,calendar_year,sum_precip,354,-0.008386772586037863,0.8750550329661404,-0.027444103989575253,0.6258593348840715,318,0.008386772586037863,0.027444103989575253
demeaned_nodana,min500ha,prev_summer,days_tmax_gt35,126,0.002120832574301219,0.9811963574526202,-0.02732431815894778,0.7613452991341394,126,0.002120832574301219,0.02732431815894778
raw,min500ha,prev_summer,sum_cwb,162,0.015634096731352732,0.8434670015774384,0.0271985922637959,0.731173861712142,162,0.015634096731352732,0.0271985922637959
raw,all_olive,fruit_set,sum_precip,354,-0.1107003564919808,0.03735610583998996,-0.027039636262095747,0.6309609012696186,318,0.1107003564919808,0.027039636262095747
demeaned_nodana,min500ha,pre_bloom,sum_et0,144,0.09897136888549463,0.23791846098444364,0.026989178355259845,0.7641862018748167,126,0.09897136888549463,0.026989178355259845
demeaned,all_olive,bloom_to_set,sum_precip,354,-0.047298130870717436,0.374939885880511,-0.02692770876001543,0.6323757580553082,318,0.047298130870717436,0.02692770876001543
demeaned_nodana,min500ha,prev_summer,ratio_p_et0,126,0.0506115470800754,0.573562800239221,0.026891016167836845,0.7650188960099452,126,0.0506115470800754,0.026891016167836845
raw,all_olive,bloom,sum_precip,354,-0.01087551479693592,0.8384285896620357,-0.026717595282716607,0.6350353843117021,318,0.01087551479693592,0.026717595282716607
demeaned_nodana,arbequina,spring,mean_tmax,80,0.23797141694782017,0.0335348619116861,0.026391702905190665,0.8283090675746363,70,0.23797141694782017,0.026391702905190665
demeaned,min500ha,prev_fruit_dev,sum_et0,162,0.0493106378677133,0.5331917641746957,0.02627883566408376,0.7399328460646236,162,0.0493106378677133,0.02627883566408376
raw,arbequina,winter_recharge,ratio_p_et0,100,0.00681806167772107,0.9463236193426905,0.026231936834324485,0.8061300278481017,90,0.00681806167772107,0.026231936834324485
raw,min500ha,prev_fruit_dev,mean_tmax,162,-0.08294986545937512,0.29398778922839297,-0.026214320760688546,0.7405485023305295,162,0.08294986545937512,0.026214320760688546
raw,min500ha,bloom,mean_tmax,180,-0.026755592407555095,0.721445954054025,0.02512109425822627,0.7510057427449653,162,0.026755592407555095,0.02512109425822627
raw,arbequina,winter_recharge,sum_et0,100,-0.16330586784126055,0.10449422403394266,0.024867286851337912,0.8160331398195422,90,0.16330586784126055,0.024867286851337912
raw,arbequina,fruit_set,sum_cwb,100,-0.06452626795987551,0.52359390714194,-0.024399182897513246,0.8194368648127236,90,0.06452626795987551,0.024399182897513246
demeaned_nodana,arbequina,prev_fruit_dev,sum_precip,70,-0.025263891314091413,0.835541251805048,-0.023345935181144476,0.847871269064143,70,0.025263891314091413,0.023345935181144476
demeaned,arbequina,prev_fruit_dev,sum_et0,90,-0.0025301605506153654,0.9811176577775155,-0.02183015938079916,0.8381749661319511,90,0.0025301605506153654,0.02183015938079916
raw,min500ha,agro_year,mean_tmax,180,-0.015799755783980365,0.8332678311286207,-0.02180519133821449,0.7829947987207584,162,0.015799755783980365,0.02180519133821449
demeaned,arbequina,winter_recharge,mean_tmax,100,-0.09965257924384817,0.3239098339696486,0.021615714220309744,0.839743339367734,90,0.09965257924384817,0.021615714220309744
raw,min500ha,winter_recharge,ratio_p_et0,180,-0.019521029495149667,0.7947848797545602,0.02161387778849463,0.7848521463835298,162,0.019521029495149667,0.02161387778849463
demeaned_nodana,min500ha,bloom,mean_vpd,144,0.15038865668946838,0.07198985476359532,0.01966872840043696,0.8269603109832477,126,0.15038865668946838,0.01966872840043696
demeaned_nodana,arbequina,winter_recharge,sum_precip,80,-0.2257627065227103,0.04405369326922442,0.019330890861219304,0.8737976818594224,70,0.2257627065227103,0.019330890861219304
demeaned_nodana,min500ha,agro_year,ratio_p_et0,144,-0.07983486127479325,0.3415088968580448,0.018697130273320848,0.8353841403797693,126,0.07983486127479325,0.018697130273320848
demeaned_nodana,min500ha,spring,mean_vpd,144,0.1556988245716504,0.062394295060613246,0.018586441426834827,0.8363450248392479,126,0.1556988245716504,0.018586441426834827
demeaned,all_olive,pre_bloom,mean_tmax,354,0.013385116981466175,0.8018450314400918,0.01825871055134653,0.7456773847117182,318,0.013385116981466175,0.01825871055134653
raw,all_olive,fruit_dev,sum_cwb,354,0.06648064627555889,0.21211062756541788,0.01787187080741906,0.750885906201211,318,0.06648064627555889,0.01787187080741906
raw,arbequina,winter_recharge,sum_cwb,100,0.0430821437365825,0.6703974134820918,0.01705796121334362,0.8732154490631941,90,0.0430821437365825,0.01705796121334362
demeaned_nodana,min500ha,prev_summer,sum_cwb,126,-0.005552404711728056,0.9507978299468393,-0.017047277008934093,0.8497308252754034,126,0.005552404711728056,0.017047277008934093
raw,all_olive,bloom_to_set,ratio_p_et0,354,-0.01188316731052256,0.8236930662698687,0.017029937461628203,0.7622607776442532,318,0.01188316731052256,0.017029937461628203
demeaned,arbequina,pre_bloom,sum_et0,100,0.11278365404708589,0.26389778660087615,-0.016255144395699955,0.879136261226611,90,0.11278365404708589,0.016255144395699955
demeaned,min500ha,prev_summer,mean_vpd,162,0.0704782195293401,0.3728198332799503,0.016127443858365623,0.838593741852457,162,0.0704782195293401,0.016127443858365623
raw,min500ha,agro_year,sum_cwb,180,0.023501215988596134,0.7541678176536311,-0.015897026507892723,0.8408690423783717,162,0.023501215988596134,0.015897026507892723
raw,all_olive,calendar_year,ratio_p_et0,354,0.021026868043526083,0.6933872289301811,0.015561711370636324,0.7822185802852909,318,0.021026868043526083,0.015561711370636324
demeaned_nodana,min500ha,spring,sum_et0,144,0.15867553788152727,0.057490341541131376,0.01517464218623719,0.8660742732873246,126,0.15867553788152727,0.01517464218623719
demeaned,arbequina,agro_year,sum_cwb,100,-0.03339886632834409,0.741489387838748,0.014002116329055628,0.8957869354704856,90,0.03339886632834409,0.014002116329055628
raw,all_olive,bloom,ratio_p_et0,354,0.024577510923567355,0.6449010438455219,0.013827626875137384,0.8059743713386632,318,0.024577510923567355,0.013827626875137384
raw,min500ha,pre_bloom,mean_vpd,180,0.024597423746514836,0.7430934471891858,0.013408292252619034,0.8655246593283445,162,0.024597423746514836,0.013408292252619034
demeaned_nodana,all_olive,pre_bloom,sum_et0,284,0.030265122321854514,0.6115207834320128,-0.012822327419267792,0.8407655604128286,248,0.030265122321854514,0.012822327419267792
raw,all_olive,calendar_year,sum_cwb,354,0.031674524889096334,0.5525161844238039,0.012463032270547762,0.8247957062004327,318,0.031674524889096334,0.012463032270547762
raw,arbequina,agro_year,sum_cwb,100,0.15515470342394913,0.12322178864218976,0.012351922341609636,0.908011562612305,90,0.15515470342394913,0.012351922341609636
demeaned,min500ha,prev_summer,sum_precip,162,0.060287161364323764,0.4460111039132802,0.012245206752768105,0.877093347929898,162,0.060287161364323764,0.012245206752768105
demeaned_nodana,arbequina,spring,mean_vpd,80,0.2162668845997815,0.05400770218719265,-0.01220249334292132,0.9201388457050914,70,0.2162668845997815,0.01220249334292132
demeaned,min500ha,bloom,sum_cwb,180,-0.12786953532273376,0.08714991496883463,0.012099818195396142,0.8785413449160964,162,0.12786953532273376,0.012099818195396142
raw,all_olive,winter_recharge,sum_et0,354,0.013634572954300829,0.7982307353469454,-0.012082029207871822,0.8300691868164877,318,0.013634572954300829,0.012082029207871822
demeaned_nodana,all_olive,bloom_to_set,ratio_p_et0,284,-0.014855579202161644,0.8031594435814953,0.0118874834434889,0.8522368804902728,248,0.014855579202161644,0.0118874834434889
demeaned,min500ha,bloom,ratio_p_et0,180,-0.11763513142140333,0.11578571136207773,0.011283081086148727,0.8866829838864917,162,0.11763513142140333,0.011283081086148727
demeaned,arbequina,pre_bloom,ratio_p_et0,100,-0.18206208758301665,0.06984497784846834,-0.01107306058675274,0.9175002623654831,90,0.18206208758301665,0.01107306058675274
demeaned,min500ha,prev_summer,sum_cwb,162,0.017661021059053785,0.8234850484053794,-0.009848317881668053,0.9010136251453184,162,0.017661021059053785,0.009848317881668053
raw,all_olive,summer,sum_cwb,354,-0.001549787940984694,0.9768199494561596,-0.009807577600558526,0.8617007189050567,318,0.001549787940984694,0.009807577600558526
demeaned,arbequina,spring,mean_vpd,100,0.21325890283512383,0.0331428260288675,0.009065132381676487,0.9324212006212252,90,0.21325890283512383,0.009065132381676487
raw,min500ha,winter_recharge,mean_vpd,180,-0.006394417696588901,0.9321077104150879,-0.008743851433823165,0.9120672703332289,162,0.006394417696588901,0.008743851433823165
raw,min500ha,maturation,days_vpd_gt2,180,-0.018013961237582747,0.8103160002690294,-0.008706464312685881,0.9124417527967938,162,0.018013961237582747,0.008706464312685881
raw,all_olive,bloom,mean_tmax,354,-0.018815724132546893,0.7242422218964057,0.00826528052060148,0.8832795009914717,318,0.018815724132546893,0.00826528052060148
demeaned,all_olive,calendar_year,ratio_p_et0,354,-0.006308599147090228,0.9058482155560644,0.007806493014310948,0.8897159636668465,318,0.006308599147090228,0.007806493014310948
demeaned,all_olive,maturation,mean_vpd,354,-0.007812242318197835,0.8835512930530809,0.007412720500985866,0.8952461039730758,318,0.007812242318197835,0.007412720500985866
raw,all_olive,calendar_year,mean_tmax,354,0.03032805337720474,0.5695383102854606,0.007284999214599354,0.8970409234318246,318,0.03032805337720474,0.007284999214599354
demeaned_nodana,min500ha,prev_summer,sum_precip,126,0.0391946952904872,0.6630238264825439,0.006682294491445576,0.9408020383160252,126,0.0391946952904872,0.006682294491445576
raw,min500ha,bloom,sum_et0,180,-0.06390493200573473,0.39406253430514665,-0.006668813337425794,0.9328785001648173,162,0.06390493200573473,0.006668813337425794
demeaned_nodana,all_olive,prev_fruit_dev,sum_et0,250,0.015929924909354427,0.8021018436327083,0.00663273088280641,0.9172282368899557,248,0.015929924909354427,0.00663273088280641
raw,all_olive,bloom,sum_cwb,354,0.033406316347395576,0.5309949353225425,0.006470743202447818,0.908495307445068,318,0.033406316347395576,0.006470743202447818
demeaned_nodana,arbequina,prev_summer,days_vpd_gt2,70,0.03328646512123654,0.7844259588046562,-0.006369992046342427,0.9582609094786544,70,0.03328646512123654,0.006369992046342427
demeaned,all_olive,calendar_year,sum_cwb,354,-0.022070117547800167,0.6789996807835946,-0.005706839534012372,0.9192586575542719,318,0.022070117547800167,0.005706839534012372
demeaned_nodana,all_olive,prev_fruit_dev,days_tmax_gt35,250,-6.297219246793558e-05,0.9992095455481119,-0.0056736099371731685,0.9291634319603199,248,6.297219246793558e-05,0.0056736099371731685
demeaned_nodana,arbequina,prev_summer,days_tmax_gt35,70,0.006047359703610976,0.9603731978949014,-0.005555076718689034,0.9635967159811619,70,0.006047359703610976,0.005555076718689034
demeaned,min500ha,spring,mean_tmax,180,0.1591483896482319,0.03284735539909526,0.00500153459170443,0.9496338521412394,162,0.1591483896482319,0.00500153459170443
demeaned,arbequina,prev_summer,sum_et0,90,0.008462798018181322,0.93690194646947,-0.004398530853737006,0.9671802812544518,90,0.008462798018181322,0.004398530853737006
demeaned_nodana,min500ha,maturation,days_vpd_gt2,144,-0.0057209214798732075,0.9457432142226944,-0.004341076256561317,0.9615225443680123,126,0.0057209214798732075,0.004341076256561317
raw,min500ha,spring,sum_et0,180,-0.04298536274242705,0.5666742813036854,0.004265870162007174,0.9570343854704452,162,0.04298536274242705,0.004265870162007174
demeaned_nodana,all_olive,bloom_to_set,sum_cwb,284,-0.03370775605734682,0.5715918339266198,0.003946212011474509,0.9506971857073635,248,0.03370775605734682,0.003946212011474509
demeaned_nodana,arbequina,winter_recharge,mean_vpd,80,0.23969321671700042,0.03223672032353885,-0.0036445334126660755,0.976112187044675,70,0.23969321671700042,0.0036445334126660755
demeaned_nodana,min500ha,pre_bloom,mean_tmax,144,-0.07013554663937349,0.4035371608395137,0.0034801184367347546,0.9691494859983582,126,0.07013554663937349,0.0034801184367347546
demeaned,arbequina,prev_summer,mean_tmax,90,0.029788856296631763,0.7804647660002277,0.003442636999584358,0.9743099414589929,90,0.029788856296631763,0.003442636999584358
demeaned_nodana,all_olive,fruit_dev,sum_precip,284,0.05019211191990106,0.39942239575885663,-0.003330931838916925,0.958376740516282,248,0.05019211191990106,0.003330931838916925
raw,all_olive,fruit_dev,ratio_p_et0,354,0.03443895753428221,0.5183667900275821,-0.0032232672224639424,0.9543437491014016,318,0.03443895753428221,0.0032232672224639424
demeaned,arbequina,prev_fruit_dev,mean_vpd,90,0.023670459726892724,0.8247422688816183,-0.00319269016955012,0.976174558366421,90,0.023670459726892724,0.00319269016955012
raw,all_olive,fruit_set,ratio_p_et0,354,-0.07914293725379792,0.13724450954603737,0.002786933686439095,0.9605188176288195,318,0.07914293725379792,0.002786933686439095
raw,min500ha,calendar_year,sum_et0,180,-0.07364002412590218,0.32588500371426304,0.002735250023612839,0.9724429358981782,162,0.07364002412590218,0.002735250023612839
demeaned,arbequina,fruit_dev,days_vpd_gt2,100,-0.14521893022420815,0.14941933693644913,-0.0026532517058325002,0.9801992215205632,90,0.14521893022420815,0.0026532517058325002
demeaned_nodana,min500ha,winter_recharge,mean_vpd,144,0.17016408661439575,0.04144319797809063,0.002461042012312495,0.9781806974116977,126,0.17016408661439575,0.002461042012312495
demeaned,arbequina,prev_fruit_dev,days_tmax_gt35,90,0.011544350804477632,0.9140020407382867,0.0023900520066154544,0.9821630979890484,90,0.011544350804477632,0.0023900520066154544
raw,min500ha,fruit_set,sum_cwb,180,-0.05206844556610348,0.48757195581876733,-0.0019178994755724842,0.9806756343244858,162,0.05206844556610348,0.0019178994755724842
raw,all_olive,prev_fruit_dev,mean_tmax,320,-0.040904192459510415,0.46590486842375084,-0.0008442668512123165,0.9880352520641675,318,0.040904192459510415,0.0008442668512123165
demeaned_nodana,all_olive,set_to_dev,ratio_p_et0,284,0.05130237560206063,0.3890633046724275,0.0005307005513261556,0.9933654598794187,248,0.05130237560206063,0.0005307005513261556
demeaned_nodana,all_olive,bloom,sum_precip,284,-0.04170576190262375,0.48390052440506676,-0.0002214060619193991,0.9972320712818402,248,0.04170576190262375,0.0002214060619193991
demeaned_nodana,all_olive,prev_fruit_dev,mean_tmax,250,0.01949573397428053,0.75904208245489,0.00017535494210734506,0.9978077820608547,248,0.01949573397428053,0.00017535494210734506
raw,all_olive,set_to_dev,ratio_p_et0,354,-0.0032900614700142735,0.950814985915622,0.00013833928190764305,0.9980394176076011,318,0.0032900614700142735,0.00013833928190764305
demeaned,all_olive,maturation,days_vpd_gt2,354,-0.0003209245387863473,0.9951993144251862,-1.688808254884443e-05,0.9997606572081521,318,0.0003209245387863473,1.688808254884443e-05
