year,comarca,crop_catalan,crop_en,crop_group,pheno_key,seca_ha,seca_kg_ha,yield_tha,regadiu_ha,regadiu_kg_ha,yield_irrig_tha
2015,Alt Camp,Vinya de raïm per a vi,Wine grape,vine,vine,5827.0,9165.0,9.165,28.0,13748.0,13.748
2015,Alt Camp,Olivera per a oliva d'oli,Oil olive,olive,olive,1592.0,2442.0,2.442,361.0,4883.0,4.883
2015,Alt Camp,Ametller,Almond,nut,almond,1587.0,292.0,0.292,108.0,876.0,0.876
2015,Alt Camp,Avellaner,Hazelnut,nut,hazelnut,222.0,568.0,0.568,1711.0,1135.0,1.135
2015,Alt Camp,Cirerer i guinder,Cherry and sour cherry,stone_fruit,cherry,3.0,2997.0,2.997,75.0,5995.0,5.995
2015,Alt Camp,Magraner,Pomegranate,other,other,3.0,5000.0,5.0,0.0,0.0,
2015,Alt Camp,Noguera,Walnut,nut,walnut,22.0,1000.0,1.0,31.0,2500.0,2.5
2015,Alt Camp,Pomera,Apple,pome_fruit,pome_fruit,2.0,10584.0,10.584,6.0,21168.0,21.168
2015,Alt Camp,Pruner,Plum,stone_fruit,stone_fruit,0.0,0.0,,1.0,9000.0,9.0
2015,Alt Empordà,Vinya de raïm per a vi,Wine grape,vine,vine,1729.0,3690.0,3.69,52.0,5490.0,5.49
2015,Alt Empordà,Olivera per a oliva d'oli,Oil olive,olive,olive,2685.0,1024.0,1.024,210.0,1400.0,1.4
2015,Alt Empordà,Albercoquer,Apricot,stone_fruit,apricot,2.0,6240.0,6.24,22.0,12500.0,12.5
2015,Alt Empordà,Ametller,Almond,nut,almond,6.0,560.0,0.56,0.0,0.0,
2015,Alt Empordà,Avellaner,Hazelnut,nut,hazelnut,4.0,800.0,0.8,0.0,1300.0,
2015,Alt Empordà,Cirerer i guinder,Cherry and sour cherry,stone_fruit,cherry,4.0,1660.0,1.66,97.0,3400.0,3.4
2015,Alt Empordà,Nectariner,Nectarine,stone_fruit,stone_fruit,0.0,0.0,,10.0,21000.0,21.0
2015,Alt Empordà,Noguera,Walnut,nut,walnut,8.0,700.0,0.7,15.0,1200.0,1.2
2015,Alt Empordà,Perera,Pear,pome_fruit,pome_fruit,0.0,0.0,,31.0,23200.0,23.2
2015,Alt Empordà,Pomera,Apple,pome_fruit,pome_fruit,0.0,9900.0,,1100.0,38600.0,38.6
2015,Alt Empordà,Presseguer,Peach,stone_fruit,stone_fruit,0.0,8500.0,,52.0,19100.0,19.1
2015,Alt Empordà,Pruner,Plum,stone_fruit,stone_fruit,0.0,5500.0,,2.0,9500.0,9.5
2015,Alt Penedès,Vinya de raïm per a vi,Wine grape,vine,vine,16666.0,10174.0,10.174,15.0,17000.0,17.0
2015,Alt Penedès,Olivera per a oliva d'oli,Oil olive,olive,olive,795.0,1300.0,1.3,79.0,2500.0,2.5
2015,Alt Penedès,Albercoquer,Apricot,stone_fruit,apricot,1.0,8800.0,8.8,2.0,15100.0,15.1
2015,Alt Penedès,Ametller,Almond,nut,almond,71.0,700.0,0.7,0.0,0.0,
2015,Alt Penedès,Avellaner,Hazelnut,nut,hazelnut,0.0,0.0,,1.0,1600.0,1.6
2015,Alt Penedès,Cirerer i guinder,Cherry and sour cherry,stone_fruit,cherry,27.0,1900.0,1.9,49.0,3900.0,3.9
2015,Alt Penedès,Nectariner,Nectarine,stone_fruit,stone_fruit,0.0,0.0,,12.0,17200.0,17.2
2015,Alt Penedès,Noguera,Walnut,nut,walnut,1.0,400.0,0.4,0.0,0.0,
2015,Alt Penedès,Perera,Pear,pome_fruit,pome_fruit,1.0,7300.0,7.3,4.0,16100.0,16.1
2015,Alt Penedès,Pomera,Apple,pome_fruit,pome_fruit,1.0,11100.0,11.1,16.0,23600.0,23.6
2015,Alt Penedès,Presseguer,Peach,stone_fruit,stone_fruit,75.0,7100.0,7.1,178.0,13000.0,13.0
2015,Alt Penedès,Pruner,Plum,stone_fruit,stone_fruit,2.0,5200.0,5.2,11.0,9300.0,9.3
2015,Alt Urgell,Vinya de raïm per a vi,Wine grape,vine,vine,15.0,4200.0,4.2,0.0,0.0,
2015,Alt Urgell,Olivera per a oliva d'oli,Oil olive,olive,olive,124.0,740.0,0.74,0.0,0.0,
2015,Alt Urgell,Ametller,Almond,nut,almond,8.0,300.0,0.3,1.0,690.0,0.69
2015,Alt Urgell,Perera,Pear,pome_fruit,pome_fruit,3.0,6720.0,6.72,11.0,12880.0,12.88
2015,Alt Urgell,Pomera,Apple,pome_fruit,pome_fruit,20.0,14000.0,14.0,39.0,30800.0,30.8
2015,Alt Urgell,Presseguer,Peach,stone_fruit,stone_fruit,1.0,8550.0,8.55,11.0,19710.0,19.71
2015,Alta Ribagorça,Pomera,Apple,pome_fruit,pome_fruit,0.0,0.0,,12.0,30810.0,30.81
2015,Anoia,Vinya de raïm per a vi,Wine grape,vine,vine,2206.0,7630.0,7.63,2.0,13000.0,13.0
2015,Anoia,Olivera per a oliva d'oli,Oil olive,olive,olive,591.0,700.0,0.7,26.0,1900.0,1.9
2015,Anoia,Albercoquer,Apricot,stone_fruit,apricot,1.0,8500.0,8.5,2.0,15900.0,15.9
2015,Anoia,Ametller,Almond,nut,almond,535.0,400.0,0.4,1.0,1200.0,1.2
2015,Anoia,Avellaner,Hazelnut,nut,hazelnut,3.0,500.0,0.5,0.0,0.0,
2015,Anoia,Cirerer i guinder,Cherry and sour cherry,stone_fruit,cherry,9.0,1900.0,1.9,9.0,3800.0,3.8
2015,Anoia,Nectariner,Nectarine,stone_fruit,stone_fruit,0.0,0.0,,2.0,15100.0,15.1
2015,Anoia,Noguera,Walnut,nut,walnut,18.0,400.0,0.4,0.0,0.0,
2015,Anoia,Perera,Pear,pome_fruit,pome_fruit,3.0,7300.0,7.3,3.0,16100.0,16.1
2015,Anoia,Pomera,Apple,pome_fruit,pome_fruit,2.0,10700.0,10.7,6.0,24100.0,24.1
2015,Anoia,Presseguer,Peach,stone_fruit,stone_fruit,12.0,7200.0,7.2,79.0,12800.0,12.8
2015,Anoia,Pruner,Plum,stone_fruit,stone_fruit,2.0,6600.0,6.6,1.0,9300.0,9.3
2015,Bages,Vinya de raïm per a vi,Wine grape,vine,vine,343.0,3750.0,3.75,25.0,11500.0,11.5
2015,Bages,Olivera per a oliva d'oli,Oil olive,olive,olive,167.0,600.0,0.6,28.0,1900.0,1.9
2015,Bages,Albercoquer,Apricot,stone_fruit,apricot,0.0,0.0,,3.0,14800.0,14.8
2015,Bages,Ametller,Almond,nut,almond,113.0,500.0,0.5,0.0,0.0,
2015,Bages,Cirerer i guinder,Cherry and sour cherry,stone_fruit,cherry,1.0,1900.0,1.9,3.0,4100.0,4.1
2015,Bages,Nectariner,Nectarine,stone_fruit,stone_fruit,1.0,8500.0,8.5,0.0,0.0,
2015,Bages,Noguera,Walnut,nut,walnut,11.0,500.0,0.5,11.0,2500.0,2.5
2015,Bages,Pomera,Apple,pome_fruit,pome_fruit,0.0,0.0,,2.0,24100.0,24.1
2015,Bages,Presseguer,Peach,stone_fruit,stone_fruit,3.0,7200.0,7.2,9.0,11900.0,11.9
2015,Bages,Pruner,Plum,stone_fruit,stone_fruit,2.0,5500.0,5.5,1.0,9300.0,9.3
2015,Baix Camp,Vinya de raïm per a vi,Wine grape,vine,vine,140.0,6848.0,6.848,4.0,10272.0,10.272
2015,Baix Camp,Olivera per a oliva d'oli,Oil olive,olive,olive,2581.0,2442.0,2.442,3301.0,4883.0,4.883
2015,Baix Camp,Albercoquer,Apricot,stone_fruit,apricot,0.0,0.0,,3.0,5635.0,5.635
2015,Baix Camp,Ametller,Almond,nut,almond,436.0,292.0,0.292,418.0,876.0,0.876
2015,Baix Camp,Avellaner,Hazelnut,nut,hazelnut,1501.0,568.0,0.568,3413.0,1135.0,1.135
2015,Baix Camp,Cirerer i guinder,Cherry and sour cherry,stone_fruit,cherry,2.0,2997.0,2.997,15.0,5995.0,5.995
2015,Baix Camp,Nectariner,Nectarine,stone_fruit,stone_fruit,0.0,0.0,,4.0,14423.0,14.423
2015,Baix Camp,Noguera,Walnut,nut,walnut,3.0,1000.0,1.0,18.0,2500.0,2.5
2015,Baix Camp,Perera,Pear,pome_fruit,pome_fruit,0.0,0.0,,7.0,11620.0,11.62
2015,Baix Camp,Pomera,Apple,pome_fruit,pome_fruit,0.0,0.0,,40.0,21168.0,21.168
2015,Baix Camp,Presseguer,Peach,stone_fruit,stone_fruit,0.0,0.0,,102.0,17688.0,17.688
2015,Baix Camp,Pruner,Plum,stone_fruit,stone_fruit,0.0,0.0,,12.0,9000.0,9.0
2015,Baix Ebre,Vinya de raïm per a vi,Wine grape,vine,vine,25.0,7342.0,7.342,13.0,11013.0,11.013
2015,Baix Ebre,Olivera per a oliva d'oli,Oil olive,olive,olive,19371.0,886.0,0.886,916.0,1773.0,1.773
2015,Baix Ebre,Albercoquer,Apricot,stone_fruit,apricot,0.0,0.0,,11.0,5635.0,5.635
2015,Baix Ebre,Ametller,Almond,nut,almond,1238.0,292.0,0.292,240.0,876.0,0.876
2015,Baix Ebre,Avellaner,Hazelnut,nut,hazelnut,4.0,568.0,0.568,8.0,1135.0,1.135
2015,Baix Ebre,Cirerer i guinder,Cherry and sour cherry,stone_fruit,cherry,2.0,2997.0,2.997,46.0,5995.0,5.995
2015,Baix Ebre,Nectariner,Nectarine,stone_fruit,stone_fruit,0.0,0.0,,19.0,14423.0,14.423
2015,Baix Ebre,Noguera,Walnut,nut,walnut,2.0,1000.0,1.0,2.0,2500.0,2.5
2015,Baix Ebre,Perera,Pear,pome_fruit,pome_fruit,0.0,0.0,,16.0,11620.0,11.62
2015,Baix Ebre,Pomera,Apple,pome_fruit,pome_fruit,0.0,0.0,,1.0,21168.0,21.168
2015,Baix Ebre,Presseguer,Peach,stone_fruit,stone_fruit,0.0,0.0,,148.0,17688.0,17.688
2015,Baix Ebre,Pruner,Plum,stone_fruit,stone_fruit,0.0,0.0,,3.0,9000.0,9.0
2015,Baix Empordà,Vinya de raïm per a vi,Wine grape,vine,vine,243.0,3400.0,3.4,1.0,5400.0,5.4
2015,Baix Empordà,Olivera per a oliva d'oli,Oil olive,olive,olive,549.0,816.0,0.816,9.0,1275.0,1.275
2015,Baix Empordà,Albercoquer,Apricot,stone_fruit,apricot,1.0,7800.0,7.8,3.0,13100.0,13.1
2015,Baix Empordà,Ametller,Almond,nut,almond,1.0,560.0,0.56,0.0,0.0,
2015,Baix Empordà,Cirerer i guinder,Cherry and sour cherry,stone_fruit,cherry,1.0,2000.0,2.0,4.0,3500.0,3.5
2015,Baix Empordà,Nectariner,Nectarine,stone_fruit,stone_fruit,0.0,0.0,,4.0,21000.0,21.0
2015,Baix Empordà,Noguera,Walnut,nut,walnut,0.0,0.0,,4.0,1200.0,1.2
2015,Baix Empordà,Perera,Pear,pome_fruit,pome_fruit,0.0,0.0,,20.0,24500.0,24.5
2015,Baix Empordà,Pomera,Apple,pome_fruit,pome_fruit,0.0,9265.0,,925.0,34000.0,34.0
2015,Baix Empordà,Presseguer,Peach,stone_fruit,stone_fruit,0.0,8500.0,,30.0,19100.0,19.1
2015,Baix Empordà,Pruner,Plum,stone_fruit,stone_fruit,0.0,0.0,,2.0,9500.0,9.5
2015,Baix Llobregat,Vinya de raïm per a vi,Wine grape,vine,vine,280.0,5962.0,5.962,1.0,15500.0,15.5
2015,Baix Llobregat,Olivera per a oliva d'oli,Oil olive,olive,olive,496.0,1300.0,1.3,36.0,2500.0,2.5
2015,Baix Llobregat,Albercoquer,Apricot,stone_fruit,apricot,1.0,9800.0,9.8,4.0,16800.0,16.8
2015,Baix Llobregat,Ametller,Almond,nut,almond,14.0,500.0,0.5,0.0,0.0,
2015,Baix Llobregat,Cirerer i guinder,Cherry and sour cherry,stone_fruit,cherry,45.0,2400.0,2.4,114.0,3800.0,3.8
2015,Baix Llobregat,Nectariner,Nectarine,stone_fruit,stone_fruit,1.0,8500.0,8.5,3.0,13100.0,13.1
2015,Baix Llobregat,Perera,Pear,pome_fruit,pome_fruit,0.0,0.0,,15.0,16100.0,16.1
2015,Baix Llobregat,Pomera,Apple,pome_fruit,pome_fruit,0.0,0.0,,23.0,24100.0,24.1
2015,Baix Llobregat,Presseguer,Peach,stone_fruit,stone_fruit,23.0,7400.0,7.4,89.0,13800.0,13.8
2015,Baix Llobregat,Pruner,Plum,stone_fruit,stone_fruit,5.0,7300.0,7.3,48.0,9300.0,9.3
2015,Baix Penedès,Vinya de raïm per a vi,Wine grape,vine,vine,3444.0,10795.0,10.795,39.0,16192.0,16.192
2015,Baix Penedès,Olivera per a oliva d'oli,Oil olive,olive,olive,1272.0,2442.0,2.442,121.0,4883.0,4.883
2015,Baix Penedès,Ametller,Almond,nut,almond,270.0,292.0,0.292,1.0,876.0,0.876
2015,Baix Penedès,Avellaner,Hazelnut,nut,hazelnut,5.0,568.0,0.568,0.0,0.0,
2015,Baix Penedès,Cirerer i guinder,Cherry and sour cherry,stone_fruit,cherry,0.0,0.0,,8.0,5995.0,5.995
2015,Baix Penedès,Pomera,Apple,pome_fruit,pome_fruit,0.0,0.0,,5.0,21168.0,21.168
2015,Baix Penedès,Presseguer,Peach,stone_fruit,stone_fruit,1.0,11792.0,11.792,22.0,17688.0,17.688
2015,Barcelonès,Vinya de raïm per a vi,Wine grape,vine,vine,3.0,8157.0,8.157,0.0,0.0,
2015,Berguedà,Vinya de raïm per a vi,Wine grape,vine,vine,5.0,5280.0,5.28,0.0,0.0,
2015,Berguedà,Pomera,Apple,pome_fruit,pome_fruit,0.0,0.0,,1.0,21400.0,21.4
2015,Cerdanya,Pomera,Apple,pome_fruit,pome_fruit,0.0,0.0,,1.0,9000.0,9.0
2015,Conca de Barberà,Vinya de raïm per a vi,Wine grape,vine,vine,3752.0,6885.0,6.885,25.0,10327.0,10.327
2015,Conca de Barberà,Olivera per a oliva d'oli,Oil olive,olive,olive,759.0,2442.0,2.442,35.0,4883.0,4.883
2015,Conca de Barberà,Albercoquer,Apricot,stone_fruit,apricot,0.0,0.0,,1.0,5635.0,5.635
2015,Conca de Barberà,Ametller,Almond,nut,almond,753.0,292.0,0.292,7.0,876.0,0.876
2015,Conca de Barberà,Avellaner,Hazelnut,nut,hazelnut,315.0,568.0,0.568,64.0,1135.0,1.135
2015,Conca de Barberà,Cirerer i guinder,Cherry and sour cherry,stone_fruit,cherry,1.0,2997.0,2.997,28.0,5995.0,5.995
2015,Conca de Barberà,Noguera,Walnut,nut,walnut,9.0,1000.0,1.0,20.0,2500.0,2.5
2015,Conca de Barberà,Perera,Pear,pome_fruit,pome_fruit,0.0,0.0,,2.0,11620.0,11.62
2015,Conca de Barberà,Pomera,Apple,pome_fruit,pome_fruit,0.0,0.0,,2.0,21168.0,21.168
2015,Garraf,Vinya de raïm per a vi,Wine grape,vine,vine,851.0,8157.0,8.157,1.0,17000.0,17.0
2015,Garraf,Olivera per a oliva d'oli,Oil olive,olive,olive,54.0,1100.0,1.1,2.0,2500.0,2.5
2015,Garraf,Albercoquer,Apricot,stone_fruit,apricot,2.0,8500.0,8.5,4.0,15900.0,15.9
2015,Garraf,Ametller,Almond,nut,almond,2.0,500.0,0.5,1.0,1300.0,1.3
2015,Garraf,Cirerer i guinder,Cherry and sour cherry,stone_fruit,cherry,3.0,1900.0,1.9,1.0,3800.0,3.8
2015,Garraf,Perera,Pear,pome_fruit,pome_fruit,4.0,7300.0,7.3,7.0,16100.0,16.1
2015,Garraf,Pomera,Apple,pome_fruit,pome_fruit,3.0,10800.0,10.8,8.0,24100.0,24.1
2015,Garraf,Presseguer,Peach,stone_fruit,stone_fruit,5.0,7200.0,7.2,13.0,12800.0,12.8
2015,Garraf,Pruner,Plum,stone_fruit,stone_fruit,3.0,5500.0,5.5,1.0,9300.0,9.3
2015,Garrigues,Vinya de raïm per a vi,Wine grape,vine,vine,586.0,5710.0,5.71,49.0,10490.0,10.49
2015,Garrigues,Olivera per a oliva d'oli,Oil olive,olive,olive,17227.0,790.0,0.79,4554.0,2680.0,2.68
2015,Garrigues,Albercoquer,Apricot,stone_fruit,apricot,0.0,0.0,,43.0,9410.0,9.41
2015,Garrigues,Ametller,Almond,nut,almond,5526.0,310.0,0.31,735.0,700.0,0.7
2015,Garrigues,Avellaner,Hazelnut,nut,hazelnut,3.0,580.0,0.58,1.0,1400.0,1.4
2015,Garrigues,Cirerer i guinder,Cherry and sour cherry,stone_fruit,cherry,1.0,2000.0,2.0,36.0,4720.0,4.72
2015,Garrigues,Magraner,Pomegranate,other,other,2.0,11050.0,11.05,0.0,20400.0,
2015,Garrigues,Nectariner,Nectarine,stone_fruit,stone_fruit,0.0,0.0,,203.0,18890.0,18.89
2015,Garrigues,Noguera,Walnut,nut,walnut,15.0,1050.0,1.05,22.0,2960.0,2.96
2015,Garrigues,Perera,Pear,pome_fruit,pome_fruit,0.0,0.0,,521.0,13700.0,13.7
2015,Garrigues,Pomera,Apple,pome_fruit,pome_fruit,0.0,0.0,,496.0,29510.0,29.51
2015,Garrigues,Presseguer,Peach,stone_fruit,stone_fruit,0.0,0.0,,202.0,20130.0,20.13
2015,Garrigues,Pruner,Plum,stone_fruit,stone_fruit,1.0,5550.0,5.55,58.0,9480.0,9.48
2015,Garrotxa,Vinya de raïm per a vi,Wine grape,vine,vine,5.0,3200.0,3.2,0.0,0.0,
2015,Garrotxa,Olivera per a oliva d'oli,Oil olive,olive,olive,2.0,700.0,0.7,0.0,0.0,
2015,Garrotxa,Albercoquer,Apricot,stone_fruit,apricot,0.0,0.0,,1.0,12500.0,12.5
2015,Garrotxa,Noguera,Walnut,nut,walnut,3.0,600.0,0.6,0.0,0.0,
2015,Garrotxa,Pomera,Apple,pome_fruit,pome_fruit,0.0,0.0,,2.0,34000.0,34.0
2015,Gironès,Vinya de raïm per a vi,Wine grape,vine,vine,42.0,3800.0,3.8,0.0,0.0,
2015,Gironès,Olivera per a oliva d'oli,Oil olive,olive,olive,35.0,1000.0,1.0,6.0,1700.0,1.7
2015,Gironès,Avellaner,Hazelnut,nut,hazelnut,56.0,1000.0,1.0,52.0,1300.0,1.3
2015,Gironès,Noguera,Walnut,nut,walnut,3.0,700.0,0.7,6.0,0.0,
2015,Gironès,Perera,Pear,pome_fruit,pome_fruit,0.0,0.0,,122.0,22100.0,22.1
2015,Gironès,Pomera,Apple,pome_fruit,pome_fruit,0.0,0.0,,43.0,44400.0,44.4
2015,Gironès,Presseguer,Peach,stone_fruit,stone_fruit,0.0,0.0,,3.0,19300.0,19.3
2015,Gironès,Pruner,Plum,stone_fruit,stone_fruit,0.0,0.0,,1.0,10000.0,10.0
2015,Maresme,Vinya de raïm per a vi,Wine grape,vine,vine,162.0,5500.0,5.5,42.0,16500.0,16.5
2015,Maresme,Olivera per a oliva d'oli,Oil olive,olive,olive,6.0,1300.0,1.3,9.0,2700.0,2.7
2015,Maresme,Ametller,Almond,nut,almond,1.0,500.0,0.5,0.0,0.0,
2015,Maresme,Cirerer i guinder,Cherry and sour cherry,stone_fruit,cherry,24.0,1900.0,1.9,8.0,3800.0,3.8
2015,Maresme,Perera,Pear,pome_fruit,pome_fruit,0.0,0.0,,1.0,16100.0,16.1
2015,Maresme,Pomera,Apple,pome_fruit,pome_fruit,0.0,0.0,,4.0,26300.0,26.3
2015,Maresme,Presseguer,Peach,stone_fruit,stone_fruit,2.0,7200.0,7.2,7.0,12800.0,12.8
2015,Maresme,Pruner,Plum,stone_fruit,stone_fruit,1.0,5300.0,5.3,1.0,9300.0,9.3
2015,Montsià,Vinya de raïm per a vi,Wine grape,vine,vine,4.0,7342.0,7.342,2.0,11013.0,11.013
2015,Montsià,Olivera per a oliva d'oli,Oil olive,olive,olive,12227.0,886.0,0.886,628.0,1773.0,1.773
2015,Montsià,Albercoquer,Apricot,stone_fruit,apricot,0.0,0.0,,10.0,5635.0,5.635
2015,Montsià,Ametller,Almond,nut,almond,259.0,292.0,0.292,80.0,876.0,0.876
2015,Montsià,Cirerer i guinder,Cherry and sour cherry,stone_fruit,cherry,1.0,2997.0,2.997,25.0,5995.0,5.995
2015,Montsià,Magraner,Pomegranate,other,other,0.0,0.0,,11.0,10000.0,10.0
2015,Montsià,Nectariner,Nectarine,stone_fruit,stone_fruit,0.0,0.0,,11.0,14423.0,14.423
2015,Montsià,Noguera,Walnut,nut,walnut,1.0,1000.0,1.0,1.0,2500.0,2.5
2015,Montsià,Perera,Pear,pome_fruit,pome_fruit,0.0,0.0,,2.0,11620.0,11.62
2015,Montsià,Pomera,Apple,pome_fruit,pome_fruit,0.0,0.0,,2.0,21168.0,21.168
2015,Montsià,Presseguer,Peach,stone_fruit,stone_fruit,4.0,11792.0,11.792,111.0,17688.0,17.688
2015,Montsià,Pruner,Plum,stone_fruit,stone_fruit,0.0,0.0,,2.0,9000.0,9.0
2015,Noguera,Vinya de raïm per a vi,Wine grape,vine,vine,184.0,5500.0,5.5,166.0,10010.0,10.01
2015,Noguera,Olivera per a oliva d'oli,Oil olive,olive,olive,1788.0,810.0,0.81,348.0,2670.0,2.67
2015,Noguera,Albercoquer,Apricot,stone_fruit,apricot,0.0,0.0,,14.0,9500.0,9.5
2015,Noguera,Ametller,Almond,nut,almond,1752.0,420.0,0.42,243.0,990.0,0.99
2015,Noguera,Cirerer i guinder,Cherry and sour cherry,stone_fruit,cherry,0.0,0.0,,20.0,4770.0,4.77
2015,Noguera,Nectariner,Nectarine,stone_fruit,stone_fruit,0.0,0.0,,608.0,17500.0,17.5
2015,Noguera,Noguera,Walnut,nut,walnut,10.0,1200.0,1.2,57.0,3000.0,3.0
2015,Noguera,Perera,Pear,pome_fruit,pome_fruit,0.0,0.0,,980.0,15350.0,15.35
2015,Noguera,Pomera,Apple,pome_fruit,pome_fruit,0.0,0.0,,769.0,31960.0,31.96
2015,Noguera,Presseguer,Peach,stone_fruit,stone_fruit,0.0,0.0,,707.0,20880.0,20.88
2015,Noguera,Pruner,Plum,stone_fruit,stone_fruit,0.0,0.0,,5.0,9380.0,9.38
2015,Osona,Vinya de raïm per a vi,Wine grape,vine,vine,3.0,5280.0,5.28,0.0,0.0,
2015,Osona,Olivera per a oliva d'oli,Oil olive,olive,olive,1.0,600.0,0.6,0.0,0.0,
2015,Osona,Noguera,Walnut,nut,walnut,20.0,1400.0,1.4,9.0,3000.0,3.0
2015,Pallars Jussà,Vinya de raïm per a vi,Wine grape,vine,vine,214.0,5750.0,5.75,24.0,9370.0,9.37
2015,Pallars Jussà,Olivera per a oliva d'oli,Oil olive,olive,olive,577.0,780.0,0.78,6.0,2450.0,2.45
2015,Pallars Jussà,Albercoquer,Apricot,stone_fruit,apricot,0.0,0.0,,1.0,9280.0,9.28
2015,Pallars Jussà,Ametller,Almond,nut,almond,1401.0,320.0,0.32,4.0,690.0,0.69
2015,Pallars Jussà,Cirerer i guinder,Cherry and sour cherry,stone_fruit,cherry,0.0,0.0,,3.0,4270.0,4.27
2015,Pallars Jussà,Noguera,Walnut,nut,walnut,33.0,1100.0,1.1,6.0,3000.0,3.0
2015,Pallars Jussà,Perera,Pear,pome_fruit,pome_fruit,0.0,0.0,,1.0,13450.0,13.45
2015,Pallars Jussà,Pomera,Apple,pome_fruit,pome_fruit,0.0,0.0,,4.0,30810.0,30.81
2015,Pallars Jussà,Presseguer,Peach,stone_fruit,stone_fruit,0.0,0.0,,1.0,19710.0,19.71
2015,Pallars Sobirà,Vinya de raïm per a vi,Wine grape,vine,vine,5.0,6350.0,6.35,0.0,9070.0,
2015,Pallars Sobirà,Noguera,Walnut,nut,walnut,0.0,0.0,,4.0,2860.0,2.86
2015,Pla d'Urgell,Vinya de raïm per a vi,Wine grape,vine,vine,0.0,0.0,,1.0,9710.0,9.71
2015,Pla d'Urgell,Olivera per a oliva d'oli,Oil olive,olive,olive,30.0,730.0,0.73,54.0,2230.0,2.23
2015,Pla d'Urgell,Albercoquer,Apricot,stone_fruit,apricot,0.0,0.0,,21.0,9580.0,9.58
2015,Pla d'Urgell,Ametller,Almond,nut,almond,21.0,300.0,0.3,48.0,840.0,0.84
2015,Pla d'Urgell,Cirerer i guinder,Cherry and sour cherry,stone_fruit,cherry,0.0,0.0,,9.0,4870.0,4.87
2015,Pla d'Urgell,Magraner,Pomegranate,other,other,0.0,0.0,,1.0,21250.0,21.25
2015,Pla d'Urgell,Nectariner,Nectarine,stone_fruit,stone_fruit,0.0,0.0,,309.0,19290.0,19.29
2015,Pla d'Urgell,Noguera,Walnut,nut,walnut,3.0,1200.0,1.2,106.0,3000.0,3.0
2015,Pla d'Urgell,Perera,Pear,pome_fruit,pome_fruit,0.0,0.0,,1286.0,14530.0,14.53
2015,Pla d'Urgell,Pomera,Apple,pome_fruit,pome_fruit,0.0,0.0,,2131.0,32450.0,32.45
2015,Pla d'Urgell,Presseguer,Peach,stone_fruit,stone_fruit,0.0,0.0,,263.0,20720.0,20.72
2015,Pla d'Urgell,Pruner,Plum,stone_fruit,stone_fruit,0.0,0.0,,15.0,9590.0,9.59
2015,Pla de l'Estany,Vinya de raïm per a vi,Wine grape,vine,vine,2.0,4000.0,4.0,0.0,0.0,
2015,Pla de l'Estany,Olivera per a oliva d'oli,Oil olive,olive,olive,20.0,1500.0,1.5,6.0,1500.0,1.5
2015,Pla de l'Estany,Cirerer i guinder,Cherry and sour cherry,stone_fruit,cherry,0.0,0.0,,1.0,3400.0,3.4
2015,Pla de l'Estany,Noguera,Walnut,nut,walnut,21.0,4000.0,4.0,56.0,4000.0,4.0
2015,Priorat,Vinya de raïm per a vi,Wine grape,vine,vine,3064.0,4064.0,4.064,285.0,6097.0,6.097
2015,Priorat,Olivera per a oliva d'oli,Oil olive,olive,olive,1629.0,1419.0,1.419,1258.0,2838.0,2.838
2015,Priorat,Albercoquer,Apricot,stone_fruit,apricot,0.0,0.0,,2.0,5635.0,5.635
2015,Priorat,Ametller,Almond,nut,almond,623.0,292.0,0.292,127.0,876.0,0.876
2015,Priorat,Avellaner,Hazelnut,nut,hazelnut,447.0,568.0,0.568,124.0,1135.0,1.135
2015,Priorat,Cirerer i guinder,Cherry and sour cherry,stone_fruit,cherry,5.0,2997.0,2.997,89.0,5995.0,5.995
2015,Priorat,Noguera,Walnut,nut,walnut,2.0,1000.0,1.0,8.0,2500.0,2.5
2015,Priorat,Pomera,Apple,pome_fruit,pome_fruit,1.0,10584.0,10.584,2.0,21168.0,21.168
2015,Priorat,Presseguer,Peach,stone_fruit,stone_fruit,0.0,0.0,,42.0,17688.0,17.688
2015,Priorat,Pruner,Plum,stone_fruit,stone_fruit,0.0,0.0,,5.0,9000.0,9.0
2015,Ribera d'Ebre,Vinya de raïm per a vi,Wine grape,vine,vine,1016.0,6657.0,6.657,179.0,9985.0,9.985
2015,Ribera d'Ebre,Olivera per a oliva d'oli,Oil olive,olive,olive,5596.0,886.0,0.886,2569.0,1773.0,1.773
2015,Ribera d'Ebre,Albercoquer,Apricot,stone_fruit,apricot,0.0,0.0,,82.0,5635.0,5.635
2015,Ribera d'Ebre,Ametller,Almond,nut,almond,1750.0,292.0,0.292,602.0,876.0,0.876
2015,Ribera d'Ebre,Avellaner,Hazelnut,nut,hazelnut,86.0,568.0,0.568,8.0,1135.0,1.135
2015,Ribera d'Ebre,Cirerer i guinder,Cherry and sour cherry,stone_fruit,cherry,14.0,2997.0,2.997,594.0,5995.0,5.995
2015,Ribera d'Ebre,Nectariner,Nectarine,stone_fruit,stone_fruit,0.0,0.0,,536.0,14423.0,14.423
2015,Ribera d'Ebre,Noguera,Walnut,nut,walnut,2.0,1000.0,1.0,15.0,2500.0,2.5
2015,Ribera d'Ebre,Perera,Pear,pome_fruit,pome_fruit,0.0,0.0,,78.0,11620.0,11.62
2015,Ribera d'Ebre,Pomera,Apple,pome_fruit,pome_fruit,0.0,0.0,,5.0,21168.0,21.168
2015,Ribera d'Ebre,Presseguer,Peach,stone_fruit,stone_fruit,0.0,0.0,,1011.0,17688.0,17.688
2015,Ribera d'Ebre,Pruner,Plum,stone_fruit,stone_fruit,0.0,0.0,,56.0,9000.0,9.0
2015,Segarra,Vinya de raïm per a vi,Wine grape,vine,vine,96.0,5850.0,5.85,3.0,10500.0,10.5
2015,Segarra,Olivera per a oliva d'oli,Oil olive,olive,olive,443.0,900.0,0.9,3.0,2820.0,2.82
2015,Segarra,Ametller,Almond,nut,almond,581.0,430.0,0.43,7.0,930.0,0.93
2015,Segarra,Noguera,Walnut,nut,walnut,6.0,1070.0,1.07,6.0,3010.0,3.01
2015,Segrià,Vinya de raïm per a vi,Wine grape,vine,vine,195.0,5980.0,5.98,1648.0,11330.0,11.33
2015,Segrià,Olivera per a oliva d'oli,Oil olive,olive,olive,10343.0,740.0,0.74,1548.0,3300.0,3.3
2015,Segrià,Albercoquer,Apricot,stone_fruit,apricot,27.0,5200.0,5.2,652.0,9630.0,9.63
2015,Segrià,Ametller,Almond,nut,almond,3141.0,440.0,0.44,918.0,970.0,0.97
2015,Segrià,Cirerer i guinder,Cherry and sour cherry,stone_fruit,cherry,2.0,2090.0,2.09,439.0,4960.0,4.96
2015,Segrià,Magraner,Pomegranate,other,other,3.0,11900.0,11.9,40.0,22100.0,22.1
2015,Segrià,Nectariner,Nectarine,stone_fruit,stone_fruit,0.0,0.0,,6696.0,19370.0,19.37
2015,Segrià,Noguera,Walnut,nut,walnut,1.0,1200.0,1.2,78.0,2980.0,2.98
2015,Segrià,Perera,Pear,pome_fruit,pome_fruit,0.0,0.0,,6060.0,15300.0,15.3
2015,Segrià,Pomera,Apple,pome_fruit,pome_fruit,1.0,14000.0,14.0,1525.0,31130.0,31.13
2015,Segrià,Presseguer,Peach,stone_fruit,stone_fruit,13.0,10190.0,10.19,7609.0,21180.0,21.18
2015,Segrià,Pruner,Plum,stone_fruit,stone_fruit,0.0,0.0,,151.0,9580.0,9.58
2015,Selva,Vinya de raïm per a vi,Wine grape,vine,vine,28.0,3700.0,3.7,1.0,5600.0,5.6
2015,Selva,Olivera per a oliva d'oli,Oil olive,olive,olive,27.0,850.0,0.85,4.0,1500.0,1.5
2015,Selva,Avellaner,Hazelnut,nut,hazelnut,420.0,900.0,0.9,367.0,1100.0,1.1
2015,Selva,Nectariner,Nectarine,stone_fruit,stone_fruit,0.0,0.0,,1.0,21000.0,21.0
2015,Selva,Noguera,Walnut,nut,walnut,0.0,0.0,,77.0,1150.0,1.15
2015,Selva,Perera,Pear,pome_fruit,pome_fruit,0.0,0.0,,75.0,21100.0,21.1
2015,Selva,Pomera,Apple,pome_fruit,pome_fruit,0.0,0.0,,65.0,42100.0,42.1
2015,Selva,Presseguer,Peach,stone_fruit,stone_fruit,0.0,0.0,,1.0,19300.0,19.3
2015,Solsonès,Vinya de raïm per a vi,Wine grape,vine,vine,1.0,6040.0,6.04,0.0,0.0,
2015,Solsonès,Olivera per a oliva d'oli,Oil olive,olive,olive,5.0,720.0,0.72,0.0,0.0,
2015,Solsonès,Noguera,Walnut,nut,walnut,2.0,1200.0,1.2,0.0,0.0,
2015,Solsonès,Pomera,Apple,pome_fruit,pome_fruit,0.0,0.0,,2.0,30730.0,30.73
2015,Tarragonès,Vinya de raïm per a vi,Wine grape,vine,vine,1264.0,8278.0,8.278,0.0,0.0,
2015,Tarragonès,Olivera per a oliva d'oli,Oil olive,olive,olive,814.0,2442.0,2.442,499.0,4883.0,4.883
2015,Tarragonès,Albercoquer,Apricot,stone_fruit,apricot,0.0,0.0,,6.0,5635.0,5.635
2015,Tarragonès,Ametller,Almond,nut,almond,150.0,292.0,0.292,69.0,876.0,0.876
2015,Tarragonès,Avellaner,Hazelnut,nut,hazelnut,114.0,568.0,0.568,1471.0,1135.0,1.135
2015,Tarragonès,Cirerer i guinder,Cherry and sour cherry,stone_fruit,cherry,0.0,0.0,,1.0,5995.0,5.995
2015,Tarragonès,Noguera,Walnut,nut,walnut,7.0,1000.0,1.0,69.0,2500.0,2.5
2015,Tarragonès,Perera,Pear,pome_fruit,pome_fruit,0.0,0.0,,1.0,11620.0,11.62
2015,Tarragonès,Presseguer,Peach,stone_fruit,stone_fruit,0.0,0.0,,35.0,17688.0,17.688
2015,Tarragonès,Pruner,Plum,stone_fruit,stone_fruit,0.0,0.0,,5.0,9000.0,9.0
2015,Terra Alta,Vinya de raïm per a vi,Wine grape,vine,vine,5660.0,7490.0,7.49,193.0,11234.0,11.234
2015,Terra Alta,Olivera per a oliva d'oli,Oil olive,olive,olive,4591.0,886.0,0.886,589.0,1773.0,1.773
2015,Terra Alta,Albercoquer,Apricot,stone_fruit,apricot,0.0,0.0,,2.0,5635.0,5.635
2015,Terra Alta,Ametller,Almond,nut,almond,8632.0,292.0,0.292,332.0,876.0,0.876
2015,Terra Alta,Avellaner,Hazelnut,nut,hazelnut,438.0,568.0,0.568,32.0,1135.0,1.135
2015,Terra Alta,Cirerer i guinder,Cherry and sour cherry,stone_fruit,cherry,26.0,2997.0,2.997,167.0,5995.0,5.995
2015,Terra Alta,Nectariner,Nectarine,stone_fruit,stone_fruit,0.0,0.0,,2.0,14423.0,14.423
2015,Terra Alta,Noguera,Walnut,nut,walnut,26.0,1000.0,1.0,1.0,2500.0,2.5
2015,Terra Alta,Perera,Pear,pome_fruit,pome_fruit,0.0,0.0,,2.0,11620.0,11.62
2015,Terra Alta,Pomera,Apple,pome_fruit,pome_fruit,0.0,0.0,,4.0,21168.0,21.168
2015,Terra Alta,Presseguer,Peach,stone_fruit,stone_fruit,7.0,11792.0,11.792,39.0,17688.0,17.688
2015,Terra Alta,Pruner,Plum,stone_fruit,stone_fruit,0.0,0.0,,1.0,9000.0,9.0
2015,Urgell,Vinya de raïm per a vi,Wine grape,vine,vine,1063.0,6560.0,6.56,121.0,10970.0,10.97
2015,Urgell,Olivera per a oliva d'oli,Oil olive,olive,olive,2995.0,920.0,0.92,241.0,3150.0,3.15
2015,Urgell,Ametller,Almond,nut,almond,1888.0,470.0,0.47,212.0,980.0,0.98
2015,Urgell,Avellaner,Hazelnut,nut,hazelnut,1.0,570.0,0.57,1.0,1410.0,1.41
2015,Urgell,Cirerer i guinder,Cherry and sour cherry,stone_fruit,cherry,0.0,0.0,,1.0,4810.0,4.81
2015,Urgell,Nectariner,Nectarine,stone_fruit,stone_fruit,0.0,0.0,,26.0,17580.0,17.58
2015,Urgell,Noguera,Walnut,nut,walnut,2.0,1140.0,1.14,29.0,3000.0,3.0
2015,Urgell,Perera,Pear,pome_fruit,pome_fruit,0.0,0.0,,507.0,13170.0,13.17
2015,Urgell,Pomera,Apple,pome_fruit,pome_fruit,0.0,0.0,,1237.0,30920.0,30.92
2015,Urgell,Presseguer,Peach,stone_fruit,stone_fruit,0.0,0.0,,42.0,20300.0,20.3
2015,Urgell,Pruner,Plum,stone_fruit,stone_fruit,0.0,0.0,,1.0,9380.0,9.38
2015,Aran,Vinya de raïm per a vi,Wine grape,vine,vine,1.0,6250.0,6.25,0.0,0.0,
2015,Vallès Occidental,Vinya de raïm per a vi,Wine grape,vine,vine,36.0,8800.0,8.8,1.0,16000.0,16.0
2015,Vallès Occidental,Olivera per a oliva d'oli,Oil olive,olive,olive,243.0,1500.0,1.5,4.0,2800.0,2.8
2015,Vallès Occidental,Albercoquer,Apricot,stone_fruit,apricot,2.0,8500.0,8.5,2.0,15900.0,15.9
2015,Vallès Occidental,Ametller,Almond,nut,almond,39.0,500.0,0.5,0.0,0.0,
2015,Vallès Occidental,Avellaner,Hazelnut,nut,hazelnut,3.0,400.0,0.4,3.0,900.0,0.9
2015,Vallès Occidental,Cirerer i guinder,Cherry and sour cherry,stone_fruit,cherry,4.0,1900.0,1.9,15.0,3800.0,3.8
2015,Vallès Occidental,Noguera,Walnut,nut,walnut,5.0,500.0,0.5,0.0,0.0,
2015,Vallès Occidental,Perera,Pear,pome_fruit,pome_fruit,1.0,7300.0,7.3,0.0,0.0,
2015,Vallès Occidental,Pomera,Apple,pome_fruit,pome_fruit,0.0,0.0,,1.0,18200.0,18.2
2015,Vallès Occidental,Presseguer,Peach,stone_fruit,stone_fruit,15.0,7200.0,7.2,8.0,12800.0,12.8
2015,Vallès Occidental,Pruner,Plum,stone_fruit,stone_fruit,2.0,6600.0,6.6,1.0,9300.0,9.3
2015,Vallès Oriental,Vinya de raïm per a vi,Wine grape,vine,vine,146.0,6700.0,6.7,0.0,0.0,
2015,Vallès Oriental,Olivera per a oliva d'oli,Oil olive,olive,olive,254.0,1500.0,1.5,13.0,2800.0,2.8
2015,Vallès Oriental,Ametller,Almond,nut,almond,9.0,500.0,0.5,0.0,0.0,
2015,Vallès Oriental,Avellaner,Hazelnut,nut,hazelnut,39.0,400.0,0.4,26.0,900.0,0.9
2015,Vallès Oriental,Cirerer i guinder,Cherry and sour cherry,stone_fruit,cherry,2.0,1900.0,1.9,5.0,3800.0,3.8
2015,Vallès Oriental,Nectariner,Nectarine,stone_fruit,stone_fruit,1.0,6600.0,6.6,0.0,0.0,
2015,Vallès Oriental,Noguera,Walnut,nut,walnut,1.0,500.0,0.5,0.0,0.0,
2015,Vallès Oriental,Pomera,Apple,pome_fruit,pome_fruit,2.0,11700.0,11.7,0.0,0.0,
2015,Vallès Oriental,Presseguer,Peach,stone_fruit,stone_fruit,1.0,7200.0,7.2,5.0,12800.0,12.8
2015,Vallès Oriental,Vinya de raïm per a vi,Wine grape,vine,vine,10.0,3750.0,3.75,0.0,0.0,
2015,Vallès Oriental,Ametller,Almond,nut,almond,2.0,500.0,0.5,0.0,0.0,
2015,Vallès Oriental,Noguera,Walnut,nut,walnut,6.0,500.0,0.5,0.0,0.0,
2016,Alt Camp,Ametlla (closca),Almond,nut,almond,1659.0,300.0,0.3,167.0,900.0,0.9
2016,Alt Camp,Olivera per a oliva d'oli,Oil olive,olive,olive,1566.0,1600.0,1.6,369.0,3400.0,3.4
2016,Alt Camp,Vinya de raïm per a vi,Wine grape,vine,vine,5930.0,9000.0,9.0,28.0,12000.0,12.0
2016,Alt Empordà,Ametlla (closca),Almond,nut,almond,39.0,560.0,0.56,11.0,800.0,0.8
2016,Alt Empordà,Olivera per a oliva d'oli,Oil olive,olive,olive,2643.0,1314.0,1.314,173.0,1700.0,1.7
2016,Alt Empordà,Vinya de raïm per a vi,Wine grape,vine,vine,1713.0,3324.0,3.324,57.0,5462.0,5.462
2016,Alt Penedès,Ametlla (closca),Almond,nut,almond,68.0,600.0,0.6,6.0,1000.0,1.0
2016,Alt Penedès,Olivera per a oliva d'oli,Oil olive,olive,olive,789.0,700.0,0.7,86.0,2500.0,2.5
2016,Alt Penedès,Vinya de raïm per a vi,Wine grape,vine,vine,16737.0,8424.0,8.424,15.0,16333.0,16.333
2016,Alt Urgell,Ametlla (closca),Almond,nut,almond,5.0,240.0,0.24,0.0,0.0,
2016,Alt Urgell,Olivera per a oliva d'oli,Oil olive,olive,olive,126.0,760.0,0.76,0.0,0.0,
2016,Alt Urgell,Vinya de raïm per a vi,Wine grape,vine,vine,16.0,3910.0,3.91,0.0,0.0,
2016,Anoia,Ametlla (closca),Almond,nut,almond,528.0,300.0,0.3,0.0,0.0,
2016,Anoia,Olivera per a oliva d'oli,Oil olive,olive,olive,576.0,450.0,0.45,29.0,2000.0,2.0
2016,Anoia,Vinya de raïm per a vi,Wine grape,vine,vine,2195.0,7739.0,7.739,3.0,13000.0,13.0
2016,Bages,Ametlla (closca),Almond,nut,almond,108.0,400.0,0.4,0.0,0.0,
2016,Bages,Olivera per a oliva d'oli,Oil olive,olive,olive,190.0,430.0,0.43,35.0,2000.0,2.0
2016,Bages,Vinya de raïm per a vi,Wine grape,vine,vine,347.0,2673.0,2.673,26.0,11500.0,11.5
2016,Baix Camp,Ametlla (closca),Almond,nut,almond,421.0,300.0,0.3,410.0,900.0,0.9
2016,Baix Camp,Olivera per a oliva d'oli,Oil olive,olive,olive,2337.0,1600.0,1.6,3489.0,3400.0,3.4
2016,Baix Camp,Vinya de raïm per a vi,Wine grape,vine,vine,151.0,7000.0,7.0,4.0,10000.0,10.0
2016,Baix Ebre,Ametlla (closca),Almond,nut,almond,1255.0,300.0,0.3,262.0,900.0,0.9
2016,Baix Ebre,Olivera per a oliva d'oli,Oil olive,olive,olive,19130.0,1300.0,1.3,1133.0,2800.0,2.8
2016,Baix Ebre,Vinya de raïm per a vi,Wine grape,vine,vine,21.0,7000.0,7.0,13.0,10000.0,10.0
2016,Baix Empordà,Ametlla (closca),Almond,nut,almond,1.0,560.0,0.56,0.0,0.0,
2016,Baix Empordà,Olivera per a oliva d'oli,Oil olive,olive,olive,528.0,1314.0,1.314,14.0,1700.0,1.7
2016,Baix Empordà,Vinya de raïm per a vi,Wine grape,vine,vine,247.0,3324.0,3.324,1.0,5462.0,5.462
2016,Baix Llobregat,Ametlla (closca),Almond,nut,almond,16.0,400.0,0.4,0.0,0.0,
2016,Baix Llobregat,Olivera per a oliva d'oli,Oil olive,olive,olive,486.0,800.0,0.8,38.0,2500.0,2.5
2016,Baix Llobregat,Vinya de raïm per a vi,Wine grape,vine,vine,269.0,6451.0,6.451,1.0,15500.0,15.5
2016,Baix Penedès,Ametlla (closca),Almond,nut,almond,264.0,300.0,0.3,32.0,900.0,0.9
2016,Baix Penedès,Olivera per a oliva d'oli,Oil olive,olive,olive,1187.0,1600.0,1.6,111.0,3400.0,3.4
2016,Baix Penedès,Vinya de raïm per a vi,Wine grape,vine,vine,3505.0,9500.0,9.5,39.0,12000.0,12.0
2016,Barcelonès,Vinya de raïm per a vi,Wine grape,vine,vine,3.0,9157.0,9.157,0.0,0.0,
2016,Berguedà,Vinya de raïm per a vi,Wine grape,vine,vine,5.0,5787.0,5.787,0.0,0.0,
2016,Conca de Barberà,Ametlla (closca),Almond,nut,almond,774.0,300.0,0.3,3.0,900.0,0.9
2016,Conca de Barberà,Olivera per a oliva d'oli,Oil olive,olive,olive,793.0,1600.0,1.6,37.0,2400.0,2.4
2016,Conca de Barberà,Vinya de raïm per a vi,Wine grape,vine,vine,3846.0,6300.0,6.3,25.0,10500.0,10.5
2016,Garraf,Ametlla (closca),Almond,nut,almond,2.0,400.0,0.4,1.0,1400.0,1.4
2016,Garraf,Olivera per a oliva d'oli,Oil olive,olive,olive,49.0,700.0,0.7,3.0,2500.0,2.5
2016,Garraf,Vinya de raïm per a vi,Wine grape,vine,vine,867.0,8473.0,8.473,0.0,0.0,
2016,Garrigues,Ametlla (closca),Almond,nut,almond,5443.0,250.0,0.25,880.0,570.0,0.57
2016,Garrigues,Olivera per a oliva d'oli,Oil olive,olive,olive,16268.0,820.0,0.82,4773.0,2770.0,2.77
2016,Garrigues,Vinya de raïm per a vi,Wine grape,vine,vine,547.0,6310.0,6.31,59.0,10540.0,10.54
2016,Garrotxa,Olivera per a oliva d'oli,Oil olive,olive,olive,2.0,1314.0,1.314,0.0,1700.0,
2016,Garrotxa,Vinya de raïm per a vi,Wine grape,vine,vine,4.0,3324.0,3.324,0.0,5462.0,
2016,Gironès,Olivera per a oliva d'oli,Oil olive,olive,olive,35.0,1314.0,1.314,13.0,1700.0,1.7
2016,Gironès,Vinya de raïm per a vi,Wine grape,vine,vine,39.0,3324.0,3.324,0.0,5462.0,
2016,Maresme,Ametlla (closca),Almond,nut,almond,1.0,400.0,0.4,0.0,0.0,
2016,Maresme,Olivera per a oliva d'oli,Oil olive,olive,olive,5.0,1500.0,1.5,10.0,2900.0,2.9
2016,Maresme,Vinya de raïm per a vi,Wine grape,vine,vine,159.0,4967.0,4.967,42.0,15833.0,15.833
2016,Montsià,Ametlla (closca),Almond,nut,almond,279.0,300.0,0.3,118.0,900.0,0.9
2016,Montsià,Olivera per a oliva d'oli,Oil olive,olive,olive,12950.0,1300.0,1.3,872.0,2800.0,2.8
2016,Montsià,Vinya de raïm per a vi,Wine grape,vine,vine,3.0,7000.0,7.0,2.0,10000.0,10.0
2016,Noguera,Ametlla (closca),Almond,nut,almond,1308.0,340.0,0.34,241.0,800.0,0.8
2016,Noguera,Olivera per a oliva d'oli,Oil olive,olive,olive,1579.0,840.0,0.84,242.0,2760.0,2.76
2016,Noguera,Vinya de raïm per a vi,Wine grape,vine,vine,147.0,5210.0,5.21,180.0,10250.0,10.25
2016,Osona,Olivera per a oliva d'oli,Oil olive,olive,olive,2.0,1200.0,1.2,0.0,0.0,
2016,Osona,Vinya de raïm per a vi,Wine grape,vine,vine,3.0,5787.0,5.787,0.0,0.0,
2016,Pallars Jussà,Ametlla (closca),Almond,nut,almond,1362.0,260.0,0.26,12.0,560.0,0.56
2016,Pallars Jussà,Olivera per a oliva d'oli,Oil olive,olive,olive,666.0,810.0,0.81,9.0,2540.0,2.54
2016,Pallars Jussà,Vinya de raïm per a vi,Wine grape,vine,vine,207.0,6130.0,6.13,24.0,9670.0,9.67
2016,Pallars Sobirà,Vinya de raïm per a vi,Wine grape,vine,vine,5.0,5660.0,5.66,0.0,0.0,
2016,Pla d'Urgell,Ametlla (closca),Almond,nut,almond,22.0,240.0,0.24,63.0,680.0,0.68
2016,Pla d'Urgell,Olivera per a oliva d'oli,Oil olive,olive,olive,32.0,750.0,0.75,50.0,2310.0,2.31
2016,Pla de l'Estany,Olivera per a oliva d'oli,Oil olive,olive,olive,18.0,1314.0,1.314,10.0,1700.0,1.7
2016,Pla de l'Estany,Vinya de raïm per a vi,Wine grape,vine,vine,2.0,3324.0,3.324,0.0,5462.0,
2016,Priorat,Ametlla (closca),Almond,nut,almond,699.0,300.0,0.3,144.0,900.0,0.9
2016,Priorat,Olivera per a oliva d'oli,Oil olive,olive,olive,1717.0,1500.0,1.5,1324.0,1900.0,1.9
2016,Priorat,Vinya de raïm per a vi,Wine grape,vine,vine,3060.0,3750.0,3.75,289.0,6000.0,6.0
2016,Ribera d'Ebre,Ametlla (closca),Almond,nut,almond,1672.0,300.0,0.3,772.0,900.0,0.9
2016,Ribera d'Ebre,Olivera per a oliva d'oli,Oil olive,olive,olive,5489.0,1300.0,1.3,3103.0,2400.0,2.4
2016,Ribera d'Ebre,Vinya de raïm per a vi,Wine grape,vine,vine,1004.0,6500.0,6.5,164.0,10000.0,10.0
2016,Segarra,Ametlla (closca),Almond,nut,almond,572.0,350.0,0.35,7.0,750.0,0.75
2016,Segarra,Olivera per a oliva d'oli,Oil olive,olive,olive,425.0,930.0,0.93,1.0,2910.0,2.91
2016,Segarra,Vinya de raïm per a vi,Wine grape,vine,vine,93.0,5640.0,5.64,0.0,0.0,
2016,Segrià,Ametlla (closca),Almond,nut,almond,2810.0,360.0,0.36,1713.0,790.0,0.79
2016,Segrià,Olivera per a oliva d'oli,Oil olive,olive,olive,8851.0,760.0,0.76,1910.0,3410.0,3.41
2016,Segrià,Vinya de raïm per a vi,Wine grape,vine,vine,36.0,7860.0,7.86,1758.0,12200.0,12.2
2016,Selva,Olivera per a oliva d'oli,Oil olive,olive,olive,27.0,1314.0,1.314,4.0,1700.0,1.7
2016,Selva,Vinya de raïm per a vi,Wine grape,vine,vine,25.0,3325.0,3.325,2.0,5462.0,5.462
2016,Solsonès,Olivera per a oliva d'oli,Oil olive,olive,olive,6.0,740.0,0.74,0.0,0.0,
2016,Solsonès,Vinya de raïm per a vi,Wine grape,vine,vine,1.0,6050.0,6.05,0.0,0.0,
2016,Tarragonès,Ametlla (closca),Almond,nut,almond,153.0,300.0,0.3,111.0,900.0,0.9
2016,Tarragonès,Olivera per a oliva d'oli,Oil olive,olive,olive,640.0,1600.0,1.6,520.0,3400.0,3.4
2016,Tarragonès,Vinya de raïm per a vi,Wine grape,vine,vine,1271.0,6500.0,6.5,0.0,9000.0,
2016,Terra Alta,Ametlla (closca),Almond,nut,almond,8818.0,300.0,0.3,577.0,900.0,0.9
2016,Terra Alta,Olivera per a oliva d'oli,Oil olive,olive,olive,4587.0,1300.0,1.3,854.0,2400.0,2.4
2016,Terra Alta,Vinya de raïm per a vi,Wine grape,vine,vine,5772.0,6500.0,6.5,197.0,11000.0,11.0
2016,Urgell,Ametlla (closca),Almond,nut,almond,2018.0,380.0,0.38,292.0,790.0,0.79
2016,Urgell,Olivera per a oliva d'oli,Oil olive,olive,olive,2865.0,950.0,0.95,273.0,3260.0,3.26
2016,Urgell,Vinya de raïm per a vi,Wine grape,vine,vine,1028.0,7770.0,7.77,165.0,12240.0,12.24
2016,Aran,Vinya de raïm per a vi,Wine grape,vine,vine,1.0,6260.0,6.26,0.0,0.0,
2016,Vallès Occidental,Ametlla (closca),Almond,nut,almond,36.0,400.0,0.4,3.0,1400.0,1.4
2016,Vallès Occidental,Olivera per a oliva d'oli,Oil olive,olive,olive,241.0,1700.0,1.7,5.0,3000.0,3.0
2016,Vallès Occidental,Vinya de raïm per a vi,Wine grape,vine,vine,32.0,9357.0,9.357,1.0,16000.0,16.0
2016,Vallès Oriental,Ametlla (closca),Almond,nut,almond,9.0,400.0,0.4,0.0,0.0,
2016,Vallès Oriental,Olivera per a oliva d'oli,Oil olive,olive,olive,255.0,1700.0,1.7,16.0,3000.0,3.0
2016,Vallès Oriental,Vinya de raïm per a vi,Wine grape,vine,vine,142.0,5993.0,5.993,0.0,10333.0,
2016,Moianès,Ametlla (closca),Almond,nut,almond,2.0,400.0,0.4,0.0,0.0,
2016,Moianès,Olivera per a oliva d'oli,Oil olive,olive,olive,5.0,430.0,0.43,0.0,0.0,
2016,Moianès,Vinya de raïm per a vi,Wine grape,vine,vine,10.0,2673.0,2.673,0.0,0.0,
2017,Alt Camp,Ametlla (closca),Almond,nut,almond,1627.0,313.0,0.313,211.0,940.0,0.94
2017,Alt Camp,Olivera per a oliva d'oli,Oil olive,olive,olive,1501.0,1642.0,1.642,357.0,3450.0,3.45
2017,Alt Camp,Vinya de raïm per a vi,Wine grape,vine,vine,6038.0,8194.0,8.194,26.0,9423.0,9.423
2017,Alt Empordà,Ametlla (closca),Almond,nut,almond,14.0,560.0,0.56,5.0,800.0,0.8
2017,Alt Empordà,Olivera per a oliva d'oli,Oil olive,olive,olive,2323.0,1075.0,1.075,171.0,1608.0,1.608
2017,Alt Empordà,Vinya de raïm per a vi,Wine grape,vine,vine,1714.0,4353.0,4.353,55.0,6337.0,6.337
2017,Alt Penedès,Ametlla (closca),Almond,nut,almond,64.0,1110.0,1.11,6.0,2010.0,2.01
2017,Alt Penedès,Olivera per a oliva d'oli,Oil olive,olive,olive,785.0,1560.0,1.56,84.0,2870.0,2.87
2017,Alt Penedès,Vinya de raïm per a vi,Wine grape,vine,vine,16842.0,8017.0,8.017,17.0,16780.0,16.78
2017,Alt Urgell,Ametlla (closca),Almond,nut,almond,8.0,320.0,0.32,1.0,750.0,0.75
2017,Alt Urgell,Olivera per a oliva d'oli,Oil olive,olive,olive,127.0,890.0,0.89,1.0,3220.0,3.22
2017,Alt Urgell,Vinya de raïm per a vi,Wine grape,vine,vine,16.0,3630.0,3.63,0.0,0.0,
2017,Anoia,Ametlla (closca),Almond,nut,almond,470.0,560.0,0.56,0.0,0.0,
2017,Anoia,Olivera per a oliva d'oli,Oil olive,olive,olive,587.0,1080.0,1.08,28.0,2710.0,2.71
2017,Anoia,Vinya de raïm per a vi,Wine grape,vine,vine,2236.0,6210.0,6.21,3.0,13000.0,13.0
2017,Bages,Ametlla (closca),Almond,nut,almond,100.0,760.0,0.76,0.0,0.0,
2017,Bages,Olivera per a oliva d'oli,Oil olive,olive,olive,186.0,1130.0,1.13,33.0,2830.0,2.83
2017,Bages,Vinya de raïm per a vi,Wine grape,vine,vine,363.0,2600.0,2.6,26.0,9000.0,9.0
2017,Baix Camp,Ametlla (closca),Almond,nut,almond,398.0,313.0,0.313,422.0,940.0,0.94
2017,Baix Camp,Olivera per a oliva d'oli,Oil olive,olive,olive,2074.0,1642.0,1.642,3404.0,3450.0,3.45
2017,Baix Camp,Vinya de raïm per a vi,Wine grape,vine,vine,155.0,6504.0,6.504,4.0,7479.0,7.479
2017,Baix Ebre,Ametlla (closca),Almond,nut,almond,1284.0,313.0,0.313,313.0,940.0,0.94
2017,Baix Ebre,Olivera per a oliva d'oli,Oil olive,olive,olive,19304.0,1275.0,1.275,1183.0,2616.0,2.616
2017,Baix Ebre,Vinya de raïm per a vi,Wine grape,vine,vine,20.0,4356.0,4.356,13.0,5009.0,5.009
2017,Baix Empordà,Ametlla (closca),Almond,nut,almond,1.0,560.0,0.56,0.0,0.0,
2017,Baix Empordà,Olivera per a oliva d'oli,Oil olive,olive,olive,588.0,1075.0,1.075,13.0,1608.0,1.608
2017,Baix Empordà,Vinya de raïm per a vi,Wine grape,vine,vine,255.0,4353.0,4.353,1.0,6337.0,6.337
2017,Baix Llobregat,Ametlla (closca),Almond,nut,almond,13.0,690.0,0.69,0.0,0.0,
2017,Baix Llobregat,Olivera per a oliva d'oli,Oil olive,olive,olive,487.0,1320.0,1.32,34.0,3260.0,3.26
2017,Baix Llobregat,Vinya de raïm per a vi,Wine grape,vine,vine,257.0,4900.0,4.9,1.0,12930.0,12.93
2017,Baix Penedès,Ametlla (closca),Almond,nut,almond,224.0,313.0,0.313,32.0,940.0,0.94
2017,Baix Penedès,Olivera per a oliva d'oli,Oil olive,olive,olive,1165.0,1942.0,1.942,112.0,3450.0,3.45
2017,Baix Penedès,Vinya de raïm per a vi,Wine grape,vine,vine,3434.0,8197.0,8.197,46.0,9426.0,9.426
2017,Barcelonès,Vinya de raïm per a vi,Wine grape,vine,vine,3.0,7570.0,7.57,0.0,0.0,
2017,Berguedà,Vinya de raïm per a vi,Wine grape,vine,vine,5.0,5620.0,5.62,0.0,0.0,
2017,Cerdanya,Vinya de raïm per a vi,Wine grape,vine,vine,3.0,4353.0,4.353,0.0,0.0,
2017,Conca de Barberà,Ametlla (closca),Almond,nut,almond,748.0,313.0,0.313,13.0,940.0,0.94
2017,Conca de Barberà,Olivera per a oliva d'oli,Oil olive,olive,olive,741.0,1642.0,1.642,33.0,3450.0,3.45
2017,Conca de Barberà,Vinya de raïm per a vi,Wine grape,vine,vine,3907.0,7139.0,7.139,25.0,8210.0,8.21
2017,Garraf,Ametlla (closca),Almond,nut,almond,2.0,720.0,0.72,0.0,0.0,
2017,Garraf,Olivera per a oliva d'oli,Oil olive,olive,olive,53.0,1210.0,1.21,2.0,3080.0,3.08
2017,Garraf,Vinya de raïm per a vi,Wine grape,vine,vine,890.0,6790.0,6.79,0.0,0.0,
2017,Garrigues,Ametlla (closca),Almond,nut,almond,5268.0,330.0,0.33,1079.0,760.0,0.76
2017,Garrigues,Olivera per a oliva d'oli,Oil olive,olive,olive,15635.0,960.0,0.96,4937.0,3320.0,3.32
2017,Garrigues,Vinya de raïm per a vi,Wine grape,vine,vine,535.0,4970.0,4.97,57.0,8310.0,8.31
2017,Garrotxa,Olivera per a oliva d'oli,Oil olive,olive,olive,2.0,1075.0,1.075,0.0,0.0,
2017,Garrotxa,Vinya de raïm per a vi,Wine grape,vine,vine,4.0,4353.0,4.353,0.0,6337.0,
2017,Gironès,Olivera per a oliva d'oli,Oil olive,olive,olive,23.0,1075.0,1.075,10.0,1608.0,1.608
2017,Gironès,Vinya de raïm per a vi,Wine grape,vine,vine,37.0,4353.0,4.353,0.0,6337.0,
2017,Maresme,Ametlla (closca),Almond,nut,almond,1.0,680.0,0.68,0.0,0.0,
2017,Maresme,Olivera per a oliva d'oli,Oil olive,olive,olive,6.0,1620.0,1.62,11.0,3090.0,3.09
2017,Maresme,Vinya de raïm per a vi,Wine grape,vine,vine,158.0,4920.0,4.92,42.0,15000.0,15.0
2017,Montsià,Ametlla (closca),Almond,nut,almond,299.0,313.0,0.313,150.0,940.0,0.94
2017,Montsià,Olivera per a oliva d'oli,Oil olive,olive,olive,13011.0,1275.0,1.275,912.0,3450.0,3.45
2017,Montsià,Vinya de raïm per a vi,Wine grape,vine,vine,3.0,4356.0,4.356,2.0,5009.0,5.009
2017,Noguera,Ametlla (closca),Almond,nut,almond,1150.0,450.0,0.45,374.0,1060.0,1.06
2017,Noguera,Olivera per a oliva d'oli,Oil olive,olive,olive,1163.0,980.0,0.98,246.0,3240.0,3.24
2017,Noguera,Vinya de raïm per a vi,Wine grape,vine,vine,144.0,4110.0,4.11,183.0,8080.0,8.08
2017,Osona,Olivera per a oliva d'oli,Oil olive,olive,olive,2.0,1220.0,1.22,0.0,0.0,
2017,Osona,Vinya de raïm per a vi,Wine grape,vine,vine,3.0,5420.0,5.42,0.0,0.0,
2017,Pallars Jussà,Ametlla (closca),Almond,nut,almond,1362.0,350.0,0.35,30.0,750.0,0.75
2017,Pallars Jussà,Olivera per a oliva d'oli,Oil olive,olive,olive,699.0,950.0,0.95,10.0,3320.0,3.32
2017,Pallars Jussà,Vinya de raïm per a vi,Wine grape,vine,vine,220.0,4830.0,4.83,24.0,7620.0,7.62
2017,Pallars Sobirà,Vinya de raïm per a vi,Wine grape,vine,vine,6.0,4460.0,4.46,0.0,0.0,
2017,Pla d'Urgell,Ametlla (closca),Almond,nut,almond,19.0,320.0,0.32,85.0,900.0,0.9
2017,Pla d'Urgell,Olivera per a oliva d'oli,Oil olive,olive,olive,29.0,980.0,0.98,57.0,3890.0,3.89
2017,Pla de l'Estany,Olivera per a oliva d'oli,Oil olive,olive,olive,24.0,1075.0,1.075,6.0,1608.0,1.608
2017,Pla de l'Estany,Vinya de raïm per a vi,Wine grape,vine,vine,1.0,4353.0,4.353,0.0,6337.0,
2017,Priorat,Ametlla (closca),Almond,nut,almond,679.0,313.0,0.313,117.0,940.0,0.94
2017,Priorat,Olivera per a oliva d'oli,Oil olive,olive,olive,1715.0,1315.0,1.315,1319.0,3450.0,3.45
2017,Priorat,Vinya de raïm per a vi,Wine grape,vine,vine,3091.0,3634.0,3.634,294.0,4179.0,4.179
2017,Ribera d'Ebre,Ametlla (closca),Almond,nut,almond,1631.0,313.0,0.313,838.0,940.0,0.94
2017,Ribera d'Ebre,Olivera per a oliva d'oli,Oil olive,olive,olive,5308.0,1275.0,1.275,3130.0,3450.0,3.45
2017,Ribera d'Ebre,Vinya de raïm per a vi,Wine grape,vine,vine,990.0,5719.0,5.719,156.0,6577.0,6.577
2017,Segarra,Ametlla (closca),Almond,nut,almond,554.0,470.0,0.47,7.0,1000.0,1.0
2017,Segarra,Olivera per a oliva d'oli,Oil olive,olive,olive,408.0,980.0,0.98,2.0,3420.0,3.42
2017,Segarra,Vinya de raïm per a vi,Wine grape,vine,vine,96.0,4440.0,4.44,0.0,0.0,
2017,Segrià,Ametlla (closca),Almond,nut,almond,2490.0,480.0,0.48,2494.0,1050.0,1.05
2017,Segrià,Olivera per a oliva d'oli,Oil olive,olive,olive,9053.0,890.0,0.89,1539.0,3990.0,3.99
2017,Segrià,Vinya de raïm per a vi,Wine grape,vine,vine,91.0,6190.0,6.19,1659.0,9610.0,9.61
2017,Selva,Olivera per a oliva d'oli,Oil olive,olive,olive,26.0,1075.0,1.075,7.0,1608.0,1.608
2017,Selva,Vinya de raïm per a vi,Wine grape,vine,vine,25.0,4353.0,4.353,2.0,6337.0,6.337
2017,Solsonès,Olivera per a oliva d'oli,Oil olive,olive,olive,6.0,870.0,0.87,0.0,0.0,
2017,Solsonès,Vinya de raïm per a vi,Wine grape,vine,vine,1.0,4850.0,4.85,0.0,0.0,
2017,Tarragonès,Ametlla (closca),Almond,nut,almond,178.0,313.0,0.313,137.0,940.0,0.94
2017,Tarragonès,Olivera per a oliva d'oli,Oil olive,olive,olive,898.0,1642.0,1.642,572.0,3450.0,3.45
2017,Tarragonès,Vinya de raïm per a vi,Wine grape,vine,vine,1271.0,6826.0,6.826,0.0,7850.0,
2017,Terra Alta,Ametlla (closca),Almond,nut,almond,8648.0,313.0,0.313,664.0,940.0,0.94
2017,Terra Alta,Olivera per a oliva d'oli,Oil olive,olive,olive,4580.0,1642.0,1.642,909.0,3450.0,3.45
2017,Terra Alta,Vinya de raïm per a vi,Wine grape,vine,vine,5854.0,5758.0,5.758,204.0,6622.0,6.622
2017,Urgell,Ametlla (closca),Almond,nut,almond,1937.0,510.0,0.51,379.0,1040.0,1.04
2017,Urgell,Olivera per a oliva d'oli,Oil olive,olive,olive,2771.0,970.0,0.97,272.0,3870.0,3.87
2017,Urgell,Vinya de raïm per a vi,Wine grape,vine,vine,1014.0,6120.0,6.12,193.0,9650.0,9.65
2017,Aran,Vinya de raïm per a vi,Wine grape,vine,vine,1.0,4930.0,4.93,0.0,0.0,
2017,Vallès Occidental,Ametlla (closca),Almond,nut,almond,26.0,800.0,0.8,2.0,1990.0,1.99
2017,Vallès Occidental,Olivera per a oliva d'oli,Oil olive,olive,olive,225.0,1800.0,1.8,4.0,2930.0,2.93
2017,Vallès Occidental,Vinya de raïm per a vi,Wine grape,vine,vine,33.0,9220.0,9.22,1.0,16000.0,16.0
2017,Vallès Oriental,Ametlla (closca),Almond,nut,almond,8.0,550.0,0.55,0.0,0.0,
2017,Vallès Oriental,Olivera per a oliva d'oli,Oil olive,olive,olive,267.0,1800.0,1.8,15.0,2980.0,2.98
2017,Vallès Oriental,Vinya de raïm per a vi,Wine grape,vine,vine,140.0,5920.0,5.92,0.0,0.0,
2017,Moianès,Ametlla (closca),Almond,nut,almond,2.0,760.0,0.76,0.0,0.0,
2017,Moianès,Olivera per a oliva d'oli,Oil olive,olive,olive,4.0,1130.0,1.13,0.0,0.0,
2017,Moianès,Vinya de raïm per a vi,Wine grape,vine,vine,11.0,2600.0,2.6,0.0,0.0,
2018,Alt Camp,Ametlla (closca),Almond,nut,almond,1627.0,266.0,0.266,259.0,940.0,0.94
2018,Alt Camp,Caqui,Persimmon,other,other,0.0,0.0,,8.0,12000.0,12.0
2018,Alt Camp,Olivera per a oliva d'oli,Oil olive,olive,olive,1513.0,603.0,0.603,354.0,1266.0,1.266
2018,Alt Camp,Vinya de raïm per a vi,Wine grape,vine,vine,6157.0,9000.0,9.0,25.0,12000.0,12.0
2018,Alt Empordà,Ametlla (closca),Almond,nut,almond,25.0,560.0,0.56,3.0,480.0,0.48
2018,Alt Empordà,Caqui,Persimmon,other,other,0.0,0.0,,2.0,16600.0,16.6
2018,Alt Empordà,Olivera per a oliva d'oli,Oil olive,olive,olive,2678.0,1010.0,1.01,190.0,1300.0,1.3
2018,Alt Empordà,Vinya de raïm per a vi,Wine grape,vine,vine,1701.0,4450.0,4.45,53.0,6500.0,6.5
2018,Alt Penedès,Ametlla (closca),Almond,nut,almond,60.0,900.0,0.9,6.0,1200.0,1.2
2018,Alt Penedès,Caqui,Persimmon,other,other,1.0,4100.0,4.1,2.0,13500.0,13.5
2018,Alt Penedès,Olivera per a oliva d'oli,Oil olive,olive,olive,799.0,800.0,0.8,84.0,1800.0,1.8
2018,Alt Penedès,Vinya de raïm per a vi,Wine grape,vine,vine,16940.0,10300.0,10.3,17.0,18800.0,18.8
2018,Alt Urgell,Ametlla (closca),Almond,nut,almond,7.0,310.0,0.31,0.0,0.0,
2018,Alt Urgell,Olivera per a oliva d'oli,Oil olive,olive,olive,129.0,800.0,0.8,3.0,2800.0,2.8
2018,Alt Urgell,Vinya de raïm per a vi,Wine grape,vine,vine,16.0,4520.0,4.52,0.0,0.0,
2018,Anoia,Ametlla (closca),Almond,nut,almond,373.0,500.0,0.5,0.0,0.0,
2018,Anoia,Olivera per a oliva d'oli,Oil olive,olive,olive,594.0,800.0,0.8,28.0,2200.0,2.2
2018,Anoia,Vinya de raïm per a vi,Wine grape,vine,vine,2213.0,6500.0,6.5,3.0,16600.0,16.6
2018,Aran,Vinya de raïm per a vi,Wine grape,vine,vine,1.0,4050.0,4.05,0.0,0.0,
2018,Bages,Ametlla (closca),Almond,nut,almond,103.0,600.0,0.6,0.0,0.0,
2018,Bages,Olivera per a oliva d'oli,Oil olive,olive,olive,191.0,800.0,0.8,34.0,2800.0,2.8
2018,Bages,Vinya de raïm per a vi,Wine grape,vine,vine,361.0,2800.0,2.8,26.0,11400.0,11.4
2018,Baix Camp,Ametlla (closca),Almond,nut,almond,470.0,266.0,0.266,542.0,940.0,0.94
2018,Baix Camp,Olivera per a oliva d'oli,Oil olive,olive,olive,2249.0,452.0,0.452,3685.0,950.0,0.95
2018,Baix Camp,Vinya de raïm per a vi,Wine grape,vine,vine,159.0,7000.0,7.0,5.0,10000.0,10.0
2018,Baix Ebre,Ametlla (closca),Almond,nut,almond,1266.0,266.0,0.266,307.0,940.0,0.94
2018,Baix Ebre,Caqui,Persimmon,other,other,0.0,0.0,,4.0,12000.0,12.0
2018,Baix Ebre,Olivera per a oliva d'oli,Oil olive,olive,olive,19442.0,1069.0,1.069,1214.0,1441.0,1.441
2018,Baix Ebre,Vinya de raïm per a vi,Wine grape,vine,vine,21.0,7000.0,7.0,13.0,10000.0,10.0
2018,Baix Empordà,Ametlla (closca),Almond,nut,almond,1.0,1200.0,1.2,1.0,480.0,0.48
2018,Baix Empordà,Olivera per a oliva d'oli,Oil olive,olive,olive,579.0,1200.0,1.2,20.0,1900.0,1.9
2018,Baix Empordà,Vinya de raïm per a vi,Wine grape,vine,vine,249.0,4500.0,4.5,2.0,7500.0,7.5
2018,Baix Llobregat,Ametlla (closca),Almond,nut,almond,10.0,600.0,0.6,0.0,0.0,
2018,Baix Llobregat,Caqui,Persimmon,other,other,2.0,4100.0,4.1,3.0,12600.0,12.6
2018,Baix Llobregat,Olivera per a oliva d'oli,Oil olive,olive,olive,481.0,1140.0,1.14,33.0,2753.0,2.753
2018,Baix Llobregat,Vinya de raïm per a vi,Wine grape,vine,vine,257.0,5501.0,5.501,1.0,14423.0,14.423
2018,Baix Penedès,Ametlla (closca),Almond,nut,almond,216.0,266.0,0.266,36.0,940.0,0.94
2018,Baix Penedès,Olivera per a oliva d'oli,Oil olive,olive,olive,1147.0,891.0,0.891,107.0,1583.0,1.583
2018,Baix Penedès,Vinya de raïm per a vi,Wine grape,vine,vine,3510.0,9500.0,9.5,40.0,11000.0,11.0
2018,Barcelonès,Vinya de raïm per a vi,Wine grape,vine,vine,4.0,7570.0,7.57,0.0,0.0,
2018,Berguedà,Vinya de raïm per a vi,Wine grape,vine,vine,5.0,2800.0,2.8,0.0,0.0,
2018,Cerdanya,Vinya de raïm per a vi,Wine grape,vine,vine,7.0,3500.0,3.5,0.0,0.0,
2018,Conca de Barberà,Ametlla (closca),Almond,nut,almond,747.0,266.0,0.266,12.0,940.0,0.94
2018,Conca de Barberà,Olivera per a oliva d'oli,Oil olive,olive,olive,751.0,1432.0,1.432,33.0,3008.0,3.008
2018,Conca de Barberà,Vinya de raïm per a vi,Wine grape,vine,vine,3944.0,6300.0,6.3,25.0,10500.0,10.5
2018,Garraf,Ametlla (closca),Almond,nut,almond,1.0,600.0,0.6,0.0,0.0,
2018,Garraf,Olivera per a oliva d'oli,Oil olive,olive,olive,54.0,700.0,0.7,2.0,1900.0,1.9
2018,Garraf,Vinya de raïm per a vi,Wine grape,vine,vine,875.0,8500.0,8.5,0.0,0.0,
2018,Garrigues,Ametlla (closca),Almond,nut,almond,4999.0,315.0,0.315,1217.0,725.0,0.725
2018,Garrigues,Caqui,Persimmon,other,other,0.0,0.0,,3.0,18760.0,18.76
2018,Garrigues,Olivera per a oliva d'oli,Oil olive,olive,olive,15314.0,830.0,0.83,5151.0,2990.0,2.99
2018,Garrigues,Vinya de raïm per a vi,Wine grape,vine,vine,469.0,5740.0,5.74,115.0,10200.0,10.2
2018,Garrotxa,Vinya de raïm per a vi,Wine grape,vine,vine,6.0,4353.0,4.353,0.0,0.0,
2018,Gironès,Olivera per a oliva d'oli,Oil olive,olive,olive,38.0,1075.0,1.075,10.0,1608.0,1.608
2018,Gironès,Vinya de raïm per a vi,Wine grape,vine,vine,38.0,4353.0,4.353,0.0,0.0,
2018,Maresme,Ametlla (closca),Almond,nut,almond,1.0,600.0,0.6,0.0,0.0,
2018,Maresme,Olivera per a oliva d'oli,Oil olive,olive,olive,7.0,1500.0,1.5,12.0,2900.0,2.9
2018,Maresme,Vinya de raïm per a vi,Wine grape,vine,vine,151.0,2600.0,2.6,43.0,5700.0,5.7
2018,Moianès,Ametlla (closca),Almond,nut,almond,5.0,600.0,0.6,0.0,0.0,
2018,Moianès,Olivera per a oliva d'oli,Oil olive,olive,olive,4.0,800.0,0.8,0.0,0.0,
2018,Moianès,Vinya de raïm per a vi,Wine grape,vine,vine,11.0,2800.0,2.8,0.0,0.0,
2018,Montsià,Ametlla (closca),Almond,nut,almond,317.0,266.0,0.266,169.0,940.0,0.94
2018,Montsià,Caqui,Persimmon,other,other,1.0,5000.0,5.0,5.0,12000.0,12.0
2018,Montsià,Olivera per a oliva d'oli,Oil olive,olive,olive,13096.0,761.0,0.761,949.0,2058.0,2.058
2018,Montsià,Vinya de raïm per a vi,Wine grape,vine,vine,3.0,7000.0,7.0,2.0,10000.0,10.0
2018,Noguera,Ametlla (closca),Almond,nut,almond,1090.0,430.0,0.43,439.0,1010.0,1.01
2018,Noguera,Caqui,Persimmon,other,other,0.0,0.0,,1.0,18700.0,18.7
2018,Noguera,Olivera per a oliva d'oli,Oil olive,olive,olive,1144.0,850.0,0.85,272.0,2910.0,2.91
2018,Noguera,Vinya de raïm per a vi,Wine grape,vine,vine,132.0,4740.0,4.74,191.0,9320.0,9.32
2018,Osona,Olivera per a oliva d'oli,Oil olive,olive,olive,2.0,1200.0,1.2,0.0,0.0,
2018,Osona,Vinya de raïm per a vi,Wine grape,vine,vine,3.0,2800.0,2.8,3.0,11400.0,11.4
2018,Pallars Jussà,Ametlla (closca),Almond,nut,almond,1342.0,335.0,0.335,34.0,715.0,0.715
2018,Pallars Jussà,Olivera per a oliva d'oli,Oil olive,olive,olive,719.0,850.0,0.85,14.0,2910.0,2.91
2018,Pallars Jussà,Vinya de raïm per a vi,Wine grape,vine,vine,212.0,4250.0,4.25,40.0,8790.0,8.79
2018,Pallars Sobirà,Vinya de raïm per a vi,Wine grape,vine,vine,7.0,4320.0,4.32,1.0,8580.0,8.58
2018,Pla d'Urgell,Ametlla (closca),Almond,nut,almond,18.0,305.0,0.305,103.0,860.0,0.86
2018,Pla d'Urgell,Olivera per a oliva d'oli,Oil olive,olive,olive,28.0,870.0,0.87,57.0,3050.0,3.05
2018,Pla de l'Estany,Olivera per a oliva d'oli,Oil olive,olive,olive,24.0,1314.0,1.314,6.0,1700.0,1.7
2018,Pla de l'Estany,Vinya de raïm per a vi,Wine grape,vine,vine,1.0,3324.0,3.324,0.0,0.0,
2018,Priorat,Ametlla (closca),Almond,nut,almond,656.0,266.0,0.266,116.0,940.0,0.94
2018,Priorat,Olivera per a oliva d'oli,Oil olive,olive,olive,1642.0,845.0,0.845,1287.0,2216.0,2.216
2018,Priorat,Vinya de raïm per a vi,Wine grape,vine,vine,3089.0,3750.0,3.75,296.0,6000.0,6.0
2018,Ribera d'Ebre,Ametlla (closca),Almond,nut,almond,1598.0,266.0,0.266,886.0,940.0,0.94
2018,Ribera d'Ebre,Olivera per a oliva d'oli,Oil olive,olive,olive,4700.0,702.0,0.702,3101.0,1900.0,1.9
2018,Ribera d'Ebre,Vinya de raïm per a vi,Wine grape,vine,vine,963.0,6500.0,6.5,144.0,10000.0,10.0
2018,Segarra,Ametlla (closca),Almond,nut,almond,560.0,450.0,0.45,7.0,960.0,0.96
2018,Segarra,Olivera per a oliva d'oli,Oil olive,olive,olive,409.0,870.0,0.87,1.0,2980.0,2.98
2018,Segarra,Vinya de raïm per a vi,Wine grape,vine,vine,98.0,4730.0,4.73,0.0,0.0,
2018,Segrià,Ametlla (closca),Almond,nut,almond,2532.0,460.0,0.46,2720.0,1000.0,1.0
2018,Segrià,Caqui,Persimmon,other,other,0.0,0.0,,52.0,19710.0,19.71
2018,Segrià,Olivera per a oliva d'oli,Oil olive,olive,olive,7941.0,790.0,0.79,2053.0,3250.0,3.25
2018,Segrià,Vinya de raïm per a vi,Wine grape,vine,vine,15.0,7140.0,7.14,1771.0,11100.0,11.1
2018,Selva,Ametlla (closca),Almond,nut,almond,0.0,0.0,,1.0,480.0,0.48
2018,Selva,Olivera per a oliva d'oli,Oil olive,olive,olive,20.0,1075.0,1.075,10.0,1608.0,1.608
2018,Selva,Vinya de raïm per a vi,Wine grape,vine,vine,26.0,4353.0,4.353,3.0,6337.0,6.337
2018,Solsonès,Olivera per a oliva d'oli,Oil olive,olive,olive,6.0,790.0,0.79,0.0,0.0,
2018,Solsonès,Vinya de raïm per a vi,Wine grape,vine,vine,1.0,5590.0,5.59,0.0,0.0,
2018,Tarragonès,Ametlla (closca),Almond,nut,almond,194.0,266.0,0.266,137.0,940.0,0.94
2018,Tarragonès,Olivera per a oliva d'oli,Oil olive,olive,olive,886.0,1206.0,1.206,688.0,2533.0,2.533
2018,Tarragonès,Vinya de raïm per a vi,Wine grape,vine,vine,1275.0,7500.0,7.5,1.0,9000.0,9.0
2018,Terra Alta,Ametlla (closca),Almond,nut,almond,8603.0,266.0,0.266,721.0,940.0,0.94
2018,Terra Alta,Olivera per a oliva d'oli,Oil olive,olive,olive,4520.0,603.0,0.603,981.0,1266.0,1.266
2018,Terra Alta,Vinya de raïm per a vi,Wine grape,vine,vine,5857.0,6500.0,6.5,200.0,11000.0,11.0
2018,Urgell,Ametlla (closca),Almond,nut,almond,1745.0,490.0,0.49,509.0,990.0,0.99
2018,Urgell,Olivera per a oliva d'oli,Oil olive,olive,olive,2398.0,840.0,0.84,345.0,3210.0,3.21
2018,Urgell,Vinya de raïm per a vi,Wine grape,vine,vine,957.0,7230.0,7.23,248.0,11320.0,11.32
2018,Vallès Occidental,Ametlla (closca),Almond,nut,almond,11.0,600.0,0.6,1.0,1300.0,1.3
2018,Vallès Occidental,Caqui,Persimmon,other,other,0.0,0.0,,1.0,11800.0,11.8
2018,Vallès Occidental,Olivera per a oliva d'oli,Oil olive,olive,olive,224.0,1400.0,1.4,4.0,1800.0,1.8
2018,Vallès Occidental,Vinya de raïm per a vi,Wine grape,vine,vine,26.0,5100.0,5.1,1.0,11200.0,11.2
2018,Vallès Oriental,Ametlla (closca),Almond,nut,almond,10.0,600.0,0.6,1.0,800.0,0.8
2018,Vallès Oriental,Olivera per a oliva d'oli,Oil olive,olive,olive,269.0,1700.0,1.7,14.0,2900.0,2.9
2018,Vallès Oriental,Vinya de raïm per a vi,Wine grape,vine,vine,140.0,4800.0,4.8,0.0,0.0,
2019,Alt Camp,Pomera,Apple,pome_fruit,pome_fruit,2.0,8000.0,8.0,8.0,20974.0,20.974
2019,Alt Camp,Cirerer i guinder,Cherry and sour cherry,stone_fruit,cherry,53.0,1950.0,1.95,23.0,4055.0,4.055
2019,Alt Camp,Magraner,Pomegranate,other,other,0.0,0.0,,4.0,10000.0,10.0
2019,Alt Camp,Ametller,Almond,nut,almond,1589.0,300.0,0.3,316.0,1140.0,1.14
2019,Alt Camp,Noguera,Walnut,nut,walnut,13.0,850.0,0.85,38.0,2000.0,2.0
2019,Alt Camp,Avellaner,Hazelnut,nut,hazelnut,175.0,617.0,0.617,1858.0,1234.0,1.234
2019,Alt Camp,Caqui,Persimmon,other,other,0.0,0.0,,8.0,12000.0,12.0
2019,Alt Camp,Vinya de raïm per a vi,Wine grape,vine,vine,6262.0,7902.0,7.902,24.0,8695.0,8.695
2019,Alt Camp,Olivera per a oliva d'oli,Oil olive,olive,olive,1468.0,2050.0,2.05,362.0,4360.0,4.36
2019,Alt Empordà,Pomera,Apple,pome_fruit,pome_fruit,0.0,0.0,,1162.0,40000.0,40.0
2019,Alt Empordà,Perera,Pear,pome_fruit,pome_fruit,0.0,0.0,,3.0,19200.0,19.2
2019,Alt Empordà,Albercoquer,Apricot,stone_fruit,apricot,0.0,0.0,,39.0,4182.0,4.182
2019,Alt Empordà,Cirerer i guinder,Cherry and sour cherry,stone_fruit,cherry,0.0,0.0,,98.0,3400.0,3.4
2019,Alt Empordà,Presseguer,Peach,stone_fruit,stone_fruit,0.0,0.0,,30.0,25966.0,25.966
2019,Alt Empordà,Nectariner,Nectarine,stone_fruit,stone_fruit,0.0,0.0,,3.0,42800.0,42.8
2019,Alt Empordà,Pruner,Plum,stone_fruit,stone_fruit,0.0,0.0,,3.0,7857.0,7.857
2019,Alt Empordà,Ametller,Almond,nut,almond,4.0,400.0,0.4,3.0,500.0,0.5
2019,Alt Empordà,Noguera,Walnut,nut,walnut,7.0,1000.0,1.0,23.0,2000.0,2.0
2019,Alt Empordà,Caqui,Persimmon,other,other,0.0,0.0,,2.0,16600.0,16.6
2019,Alt Empordà,Vinya de raïm per a vi,Wine grape,vine,vine,1719.0,4499.0,4.499,54.0,6500.0,6.5
2019,Alt Empordà,Olivera per a oliva d'oli,Oil olive,olive,olive,2652.0,1431.0,1.431,194.0,1600.0,1.6
2019,Alt Penedès,Pomera,Apple,pome_fruit,pome_fruit,2.0,8100.0,8.1,11.0,17700.0,17.7
2019,Alt Penedès,Perera,Pear,pome_fruit,pome_fruit,0.0,0.0,,5.0,12400.0,12.4
2019,Alt Penedès,Albercoquer,Apricot,stone_fruit,apricot,1.0,9500.0,9.5,13.0,15400.0,15.4
2019,Alt Penedès,Cirerer i guinder,Cherry and sour cherry,stone_fruit,cherry,8.0,2000.0,2.0,44.0,3700.0,3.7
2019,Alt Penedès,Presseguer,Peach,stone_fruit,stone_fruit,57.0,7500.0,7.5,179.0,13300.0,13.3
2019,Alt Penedès,Nectariner,Nectarine,stone_fruit,stone_fruit,0.0,0.0,,9.0,13200.0,13.2
2019,Alt Penedès,Pruner,Plum,stone_fruit,stone_fruit,2.0,5600.0,5.6,17.0,9300.0,9.3
2019,Alt Penedès,Ametller,Almond,nut,almond,60.0,900.0,0.9,5.0,1600.0,1.6
2019,Alt Penedès,Noguera,Walnut,nut,walnut,1.0,1280.0,1.28,0.0,0.0,
2019,Alt Penedès,Avellaner,Hazelnut,nut,hazelnut,0.0,0.0,,1.0,1650.0,1.65
2019,Alt Penedès,Caqui,Persimmon,other,other,1.0,4000.0,4.0,2.0,13500.0,13.5
2019,Alt Penedès,Vinya de raïm per a vi,Wine grape,vine,vine,17144.0,10373.0,10.373,15.0,18942.0,18.942
2019,Alt Penedès,Olivera per a oliva d'oli,Oil olive,olive,olive,671.0,910.0,0.91,82.0,2020.0,2.02
2019,Alt Urgell,Pomera,Apple,pome_fruit,pome_fruit,5.0,17420.0,17.42,11.0,37200.0,37.2
2019,Alt Urgell,Ametller,Almond,nut,almond,5.0,480.0,0.48,0.0,0.0,
2019,Alt Urgell,Noguera,Walnut,nut,walnut,1.0,1290.0,1.29,0.0,0.0,
2019,Alt Urgell,Vinya de raïm per a vi,Wine grape,vine,vine,14.0,4940.0,4.94,0.0,0.0,
2019,Alt Urgell,Olivera per a oliva d'oli,Oil olive,olive,olive,47.0,840.0,0.84,2.0,2870.0,2.87
2019,Alta Ribagorça,Pomera,Apple,pome_fruit,pome_fruit,0.0,0.0,,11.0,37190.0,37.19
2019,Anoia,Pomera,Apple,pome_fruit,pome_fruit,1.0,11300.0,11.3,7.0,24400.0,24.4
2019,Anoia,Perera,Pear,pome_fruit,pome_fruit,0.0,0.0,,3.0,16600.0,16.6
2019,Anoia,Albercoquer,Apricot,stone_fruit,apricot,1.0,8500.0,8.5,3.0,16000.0,16.0
2019,Anoia,Cirerer i guinder,Cherry and sour cherry,stone_fruit,cherry,6.0,2000.0,2.0,13.0,3600.0,3.6
2019,Anoia,Presseguer,Peach,stone_fruit,stone_fruit,7.0,7500.0,7.5,80.0,13200.0,13.2
2019,Anoia,Nectariner,Nectarine,stone_fruit,stone_fruit,0.0,0.0,,2.0,13200.0,13.2
2019,Anoia,Pruner,Plum,stone_fruit,stone_fruit,0.0,0.0,,3.0,9400.0,9.4
2019,Anoia,Ametller,Almond,nut,almond,354.0,480.0,0.48,4.0,1200.0,1.2
2019,Anoia,Noguera,Walnut,nut,walnut,32.0,490.0,0.49,2.0,2400.0,2.4
2019,Anoia,Avellaner,Hazelnut,nut,hazelnut,3.0,550.0,0.55,0.0,0.0,
2019,Anoia,Vinya de raïm per a vi,Wine grape,vine,vine,2196.0,6657.0,6.657,3.0,17000.0,17.0
2019,Anoia,Olivera per a oliva d'oli,Oil olive,olive,olive,533.0,800.0,0.8,28.0,2140.0,2.14
2019,Aran,Pomera,Apple,pome_fruit,pome_fruit,0.0,0.0,,1.0,27170.0,27.17
2019,Aran,Vinya de raïm per a vi,Wine grape,vine,vine,1.0,4430.0,4.43,0.0,0.0,
2019,Bages,Pomera,Apple,pome_fruit,pome_fruit,0.0,0.0,,2.0,24400.0,24.4
2019,Bages,Albercoquer,Apricot,stone_fruit,apricot,0.0,0.0,,2.0,15200.0,15.2
2019,Bages,Cirerer i guinder,Cherry and sour cherry,stone_fruit,cherry,0.0,0.0,,5.0,4000.0,4.0
2019,Bages,Presseguer,Peach,stone_fruit,stone_fruit,0.0,0.0,,7.0,12000.0,12.0
2019,Bages,Pruner,Plum,stone_fruit,stone_fruit,2.0,5900.0,5.9,1.0,9300.0,9.3
2019,Bages,Ametller,Almond,nut,almond,97.0,620.0,0.62,0.0,0.0,
2019,Bages,Noguera,Walnut,nut,walnut,4.0,620.0,0.62,10.0,2500.0,2.5
2019,Bages,Vinya de raïm per a vi,Wine grape,vine,vine,377.0,3431.0,3.431,30.0,13722.0,13.722
2019,Bages,Olivera per a oliva d'oli,Oil olive,olive,olive,179.0,910.0,0.91,34.0,2800.0,2.8
2019,Baix Camp,Pomera,Apple,pome_fruit,pome_fruit,2.0,8000.0,8.0,33.0,20974.0,20.974
2019,Baix Camp,Perera,Pear,pome_fruit,pome_fruit,0.0,0.0,,1.0,8281.0,8.281
2019,Baix Camp,Albercoquer,Apricot,stone_fruit,apricot,0.0,0.0,,7.0,8640.0,8.64
2019,Baix Camp,Cirerer i guinder,Cherry and sour cherry,stone_fruit,cherry,6.0,1950.0,1.95,9.0,4055.0,4.055
2019,Baix Camp,Presseguer,Peach,stone_fruit,stone_fruit,2.0,9500.0,9.5,76.0,18349.0,18.349
2019,Baix Camp,Nectariner,Nectarine,stone_fruit,stone_fruit,0.0,0.0,,2.0,17860.0,17.86
2019,Baix Camp,Pruner,Plum,stone_fruit,stone_fruit,0.0,0.0,,15.0,10383.0,10.383
2019,Baix Camp,Magraner,Pomegranate,other,other,3.0,5000.0,5.0,1.0,10000.0,10.0
2019,Baix Camp,Ametller,Almond,nut,almond,521.0,300.0,0.3,538.0,1140.0,1.14
2019,Baix Camp,Noguera,Walnut,nut,walnut,2.0,850.0,0.85,17.0,2000.0,2.0
2019,Baix Camp,Avellaner,Hazelnut,nut,hazelnut,1433.0,617.0,0.617,3523.0,1234.0,1.234
2019,Baix Camp,Vinya de raïm per a vi,Wine grape,vine,vine,182.0,5784.0,5.784,6.0,7594.0,7.594
2019,Baix Camp,Olivera per a oliva d'oli,Oil olive,olive,olive,2395.0,2150.0,2.15,3865.0,4900.0,4.9
2019,Baix Ebre,Perera,Pear,pome_fruit,pome_fruit,1.0,6000.0,6.0,15.0,8281.0,8.281
2019,Baix Ebre,Albercoquer,Apricot,stone_fruit,apricot,0.0,0.0,,15.0,8640.0,8.64
2019,Baix Ebre,Cirerer i guinder,Cherry and sour cherry,stone_fruit,cherry,17.0,1950.0,1.95,39.0,4055.0,4.055
2019,Baix Ebre,Presseguer,Peach,stone_fruit,stone_fruit,7.0,9500.0,9.5,109.0,18349.0,18.349
2019,Baix Ebre,Nectariner,Nectarine,stone_fruit,stone_fruit,1.0,8500.0,8.5,19.0,17860.0,17.86
2019,Baix Ebre,Pruner,Plum,stone_fruit,stone_fruit,2.0,4500.0,4.5,2.0,10383.0,10.383
2019,Baix Ebre,Ametller,Almond,nut,almond,1094.0,300.0,0.3,304.0,1140.0,1.14
2019,Baix Ebre,Noguera,Walnut,nut,walnut,0.0,0.0,,4.0,2000.0,2.0
2019,Baix Ebre,Caqui,Persimmon,other,other,0.0,0.0,,3.0,12000.0,12.0
2019,Baix Ebre,Vinya de raïm per a vi,Wine grape,vine,vine,21.0,6410.0,6.41,13.0,8745.0,8.745
2019,Baix Ebre,Olivera per a oliva d'oli,Oil olive,olive,olive,17400.0,1825.0,1.825,1325.0,3150.0,3.15
2019,Baix Empordà,Pomera,Apple,pome_fruit,pome_fruit,0.0,0.0,,937.0,40000.0,40.0
2019,Baix Empordà,Perera,Pear,pome_fruit,pome_fruit,0.0,0.0,,18.0,20000.0,20.0
2019,Baix Empordà,Albercoquer,Apricot,stone_fruit,apricot,0.0,0.0,,5.0,4182.0,4.182
2019,Baix Empordà,Cirerer i guinder,Cherry and sour cherry,stone_fruit,cherry,0.0,0.0,,3.0,4000.0,4.0
2019,Baix Empordà,Presseguer,Peach,stone_fruit,stone_fruit,0.0,0.0,,23.0,25966.0,25.966
2019,Baix Empordà,Nectariner,Nectarine,stone_fruit,stone_fruit,0.0,0.0,,2.0,42800.0,42.8
2019,Baix Empordà,Pruner,Plum,stone_fruit,stone_fruit,0.0,0.0,,2.0,7857.0,7.857
2019,Baix Empordà,Ametller,Almond,nut,almond,2.0,480.0,0.48,1.0,1200.0,1.2
2019,Baix Empordà,Noguera,Walnut,nut,walnut,0.0,0.0,,3.0,1500.0,1.5
2019,Baix Empordà,Vinya de raïm per a vi,Wine grape,vine,vine,248.0,4600.0,4.6,9.0,7500.0,7.5
2019,Baix Empordà,Olivera per a oliva d'oli,Oil olive,olive,olive,547.0,1127.0,1.127,13.0,1900.0,1.9
2019,Baix Llobregat,Pomera,Apple,pome_fruit,pome_fruit,0.0,0.0,,20.0,16300.0,16.3
2019,Baix Llobregat,Perera,Pear,pome_fruit,pome_fruit,1.0,8100.0,8.1,17.0,10000.0,10.0
2019,Baix Llobregat,Albercoquer,Apricot,stone_fruit,apricot,1.0,2600.0,2.6,9.0,7300.0,7.3
2019,Baix Llobregat,Cirerer i guinder,Cherry and sour cherry,stone_fruit,cherry,35.0,1500.0,1.5,132.0,2080.0,2.08
2019,Baix Llobregat,Presseguer,Peach,stone_fruit,stone_fruit,9.0,4800.0,4.8,97.0,9900.0,9.9
2019,Baix Llobregat,Nectariner,Nectarine,stone_fruit,stone_fruit,0.0,0.0,,4.0,13600.0,13.6
2019,Baix Llobregat,Pruner,Plum,stone_fruit,stone_fruit,4.0,3300.0,3.3,50.0,5600.0,5.6
2019,Baix Llobregat,Ametller,Almond,nut,almond,15.0,670.0,0.67,0.0,0.0,
2019,Baix Llobregat,Caqui,Persimmon,other,other,2.0,1200.0,1.2,3.0,6700.0,6.7
2019,Baix Llobregat,Vinya de raïm per a vi,Wine grape,vine,vine,264.0,6841.0,6.841,1.0,17308.0,17.308
2019,Baix Llobregat,Olivera per a oliva d'oli,Oil olive,olive,olive,427.0,1280.0,1.28,37.0,2750.0,2.75
2019,Baix Penedès,Pomera,Apple,pome_fruit,pome_fruit,2.0,8000.0,8.0,0.0,0.0,
2019,Baix Penedès,Cirerer i guinder,Cherry and sour cherry,stone_fruit,cherry,4.0,1950.0,1.95,2.0,4055.0,4.055
2019,Baix Penedès,Presseguer,Peach,stone_fruit,stone_fruit,10.0,9500.0,9.5,11.0,18349.0,18.349
2019,Baix Penedès,Ametller,Almond,nut,almond,209.0,300.0,0.3,33.0,1140.0,1.14
2019,Baix Penedès,Avellaner,Hazelnut,nut,hazelnut,4.0,617.0,0.617,0.0,0.0,
2019,Baix Penedès,Vinya de raïm per a vi,Wine grape,vine,vine,3540.0,9411.0,9.411,38.0,10363.0,10.363
2019,Baix Penedès,Olivera per a oliva d'oli,Oil olive,olive,olive,1138.0,2085.0,2.085,106.0,4020.0,4.02
2019,Barcelonès,Vinya de raïm per a vi,Wine grape,vine,vine,3.0,3551.0,3.551,0.0,0.0,
2019,Berguedà,Pomera,Apple,pome_fruit,pome_fruit,0.0,10902.0,,1.0,22360.0,22.36
2019,Berguedà,Noguera,Walnut,nut,walnut,1.0,860.0,0.86,0.0,0.0,
2019,Berguedà,Vinya de raïm per a vi,Wine grape,vine,vine,5.0,3400.0,3.4,0.0,0.0,
2019,Cerdanya,Pomera,Apple,pome_fruit,pome_fruit,0.0,0.0,,6.0,40000.0,40.0
2019,Cerdanya,Vinya de raïm per a vi,Wine grape,vine,vine,8.0,4000.0,4.0,0.0,0.0,
2019,Conca de Barberà,Pomera,Apple,pome_fruit,pome_fruit,0.0,0.0,,2.0,20974.0,20.974
2019,Conca de Barberà,Albercoquer,Apricot,stone_fruit,apricot,1.0,4500.0,4.5,0.0,0.0,
2019,Conca de Barberà,Cirerer i guinder,Cherry and sour cherry,stone_fruit,cherry,26.0,1950.0,1.95,3.0,4055.0,4.055
2019,Conca de Barberà,Ametller,Almond,nut,almond,719.0,300.0,0.3,13.0,1140.0,1.14
2019,Conca de Barberà,Noguera,Walnut,nut,walnut,11.0,850.0,0.85,30.0,2000.0,2.0
2019,Conca de Barberà,Avellaner,Hazelnut,nut,hazelnut,325.0,617.0,0.617,62.0,1234.0,1.234
2019,Conca de Barberà,Caqui,Persimmon,other,other,2.0,5000.0,5.0,0.0,0.0,
2019,Conca de Barberà,Vinya de raïm per a vi,Wine grape,vine,vine,4025.0,6803.0,6.803,29.0,7489.0,7.489
2019,Conca de Barberà,Olivera per a oliva d'oli,Oil olive,olive,olive,820.0,1600.0,1.6,34.0,3100.0,3.1
2019,Garraf,Pomera,Apple,pome_fruit,pome_fruit,2.0,11400.0,11.4,2.0,24400.0,24.4
2019,Garraf,Perera,Pear,pome_fruit,pome_fruit,1.0,7900.0,7.9,2.0,16600.0,16.6
2019,Garraf,Albercoquer,Apricot,stone_fruit,apricot,0.0,0.0,,4.0,16000.0,16.0
2019,Garraf,Cirerer i guinder,Cherry and sour cherry,stone_fruit,cherry,1.0,2000.0,2.0,2.0,3600.0,3.6
2019,Garraf,Presseguer,Peach,stone_fruit,stone_fruit,3.0,7500.0,7.5,7.0,13200.0,13.2
2019,Garraf,Pruner,Plum,stone_fruit,stone_fruit,2.0,5900.0,5.9,1.0,9300.0,9.3
2019,Garraf,Ametller,Almond,nut,almond,1.0,690.0,0.69,0.0,0.0,
2019,Garraf,Vinya de raïm per a vi,Wine grape,vine,vine,867.0,8493.0,8.493,0.0,0.0,
2019,Garraf,Olivera per a oliva d'oli,Oil olive,olive,olive,54.0,800.0,0.8,3.0,2130.0,2.13
2019,Garrigues,Pomera,Apple,pome_fruit,pome_fruit,0.0,0.0,,460.0,32290.0,32.29
2019,Garrigues,Perera,Pear,pome_fruit,pome_fruit,1.0,8230.0,8.23,495.0,14400.0,14.4
2019,Garrigues,Albercoquer,Apricot,stone_fruit,apricot,0.0,0.0,,53.0,7230.0,7.23
2019,Garrigues,Cirerer i guinder,Cherry and sour cherry,stone_fruit,cherry,9.0,1730.0,1.73,20.0,3070.0,3.07
2019,Garrigues,Presseguer,Peach,stone_fruit,stone_fruit,6.0,15230.0,15.23,192.0,25900.0,25.9
2019,Garrigues,Nectariner,Nectarine,stone_fruit,stone_fruit,3.0,16070.0,16.07,199.0,27060.0,27.06
2019,Garrigues,Pruner,Plum,stone_fruit,stone_fruit,0.0,0.0,,46.0,11280.0,11.28
2019,Garrigues,Magraner,Pomegranate,other,other,1.0,10430.0,10.43,1.0,18720.0,18.72
2019,Garrigues,Ametller,Almond,nut,almond,4749.0,480.0,0.48,1324.0,1110.0,1.11
2019,Garrigues,Noguera,Walnut,nut,walnut,24.0,1280.0,1.28,20.0,3680.0,3.68
2019,Garrigues,Avellaner,Hazelnut,nut,hazelnut,3.0,530.0,0.53,1.0,1590.0,1.59
2019,Garrigues,Caqui,Persimmon,other,other,0.0,0.0,,3.0,22320.0,22.32
2019,Garrigues,Vinya de raïm per a vi,Wine grape,vine,vine,419.0,4650.0,4.65,165.0,10300.0,10.3
2019,Garrigues,Olivera per a oliva d'oli,Oil olive,olive,olive,14459.0,840.0,0.84,5652.0,3070.0,3.07
2019,Garrotxa,Albercoquer,Apricot,stone_fruit,apricot,0.0,0.0,,1.0,4182.0,4.182
2019,Garrotxa,Noguera,Walnut,nut,walnut,4.0,500.0,0.5,0.0,0.0,
2019,Garrotxa,Vinya de raïm per a vi,Wine grape,vine,vine,6.0,4500.0,4.5,0.0,0.0,
2019,Garrotxa,Olivera per a oliva d'oli,Oil olive,olive,olive,4.0,2000.0,2.0,0.0,0.0,
2019,Gironès,Pomera,Apple,pome_fruit,pome_fruit,0.0,0.0,,45.0,40000.0,40.0
2019,Gironès,Perera,Pear,pome_fruit,pome_fruit,0.0,0.0,,110.0,17700.0,17.7
2019,Gironès,Presseguer,Peach,stone_fruit,stone_fruit,0.0,0.0,,5.0,25966.0,25.966
2019,Gironès,Pruner,Plum,stone_fruit,stone_fruit,0.0,0.0,,2.0,7857.0,7.857
2019,Gironès,Noguera,Walnut,nut,walnut,2.0,350.0,0.35,19.0,600.0,0.6
2019,Gironès,Avellaner,Hazelnut,nut,hazelnut,63.0,700.0,0.7,60.0,910.0,0.91
2019,Gironès,Vinya de raïm per a vi,Wine grape,vine,vine,38.0,4500.0,4.5,0.0,0.0,
2019,Gironès,Olivera per a oliva d'oli,Oil olive,olive,olive,39.0,1275.0,1.275,11.0,1608.0,1.608
2019,Maresme,Pomera,Apple,pome_fruit,pome_fruit,0.0,0.0,,1.0,26600.0,26.6
2019,Maresme,Perera,Pear,pome_fruit,pome_fruit,0.0,0.0,,1.0,16600.0,16.6
2019,Maresme,Albercoquer,Apricot,stone_fruit,apricot,0.0,0.0,,1.0,15100.0,15.1
2019,Maresme,Cirerer i guinder,Cherry and sour cherry,stone_fruit,cherry,8.0,2000.0,2.0,6.0,3600.0,3.6
2019,Maresme,Presseguer,Peach,stone_fruit,stone_fruit,1.0,7500.0,7.5,4.0,13200.0,13.2
2019,Maresme,Pruner,Plum,stone_fruit,stone_fruit,0.0,0.0,,1.0,9300.0,9.3
2019,Maresme,Ametller,Almond,nut,almond,1.0,670.0,0.67,4.0,1000.0,1.0
2019,Maresme,Vinya de raïm per a vi,Wine grape,vine,vine,155.0,2747.0,2.747,43.0,5718.0,5.718
2019,Maresme,Olivera per a oliva d'oli,Oil olive,olive,olive,6.0,1650.0,1.65,13.0,2900.0,2.9
2019,Moianès,Ametller,Almond,nut,almond,5.0,620.0,0.62,0.0,0.0,
2019,Moianès,Noguera,Walnut,nut,walnut,0.0,0.0,,14.0,2500.0,2.5
2019,Moianès,Vinya de raïm per a vi,Wine grape,vine,vine,11.0,1367.0,1.367,0.0,0.0,
2019,Moianès,Olivera per a oliva d'oli,Oil olive,olive,olive,4.0,910.0,0.91,0.0,0.0,
2019,Montsià,Pomera,Apple,pome_fruit,pome_fruit,0.0,0.0,,4.0,20974.0,20.974
2019,Montsià,Perera,Pear,pome_fruit,pome_fruit,1.0,6000.0,6.0,2.0,8281.0,8.281
2019,Montsià,Albercoquer,Apricot,stone_fruit,apricot,4.0,4500.0,4.5,5.0,8640.0,8.64
2019,Montsià,Cirerer i guinder,Cherry and sour cherry,stone_fruit,cherry,10.0,1950.0,1.95,17.0,4055.0,4.055
2019,Montsià,Presseguer,Peach,stone_fruit,stone_fruit,17.0,9500.0,9.5,60.0,18349.0,18.349
2019,Montsià,Nectariner,Nectarine,stone_fruit,stone_fruit,0.0,0.0,,14.0,17860.0,17.86
2019,Montsià,Pruner,Plum,stone_fruit,stone_fruit,0.0,0.0,,3.0,10383.0,10.383
2019,Montsià,Magraner,Pomegranate,other,other,0.0,0.0,,34.0,10000.0,10.0
2019,Montsià,Ametller,Almond,nut,almond,332.0,300.0,0.3,168.0,1140.0,1.14
2019,Montsià,Noguera,Walnut,nut,walnut,1.0,850.0,0.85,7.0,2000.0,2.0
2019,Montsià,Caqui,Persimmon,other,other,0.0,0.0,,6.0,12000.0,12.0
2019,Montsià,Vinya de raïm per a vi,Wine grape,vine,vine,3.0,6410.0,6.41,2.0,8745.0,8.745
2019,Montsià,Olivera per a oliva d'oli,Oil olive,olive,olive,12961.0,1155.0,1.155,998.0,3400.0,3.4
2019,Noguera,Pomera,Apple,pome_fruit,pome_fruit,0.0,0.0,,712.0,38610.0,38.61
2019,Noguera,Perera,Pear,pome_fruit,pome_fruit,2.0,8170.0,8.17,1035.0,16110.0,16.11
2019,Noguera,Albercoquer,Apricot,stone_fruit,apricot,0.0,0.0,,42.0,7320.0,7.32
2019,Noguera,Cirerer i guinder,Cherry and sour cherry,stone_fruit,cherry,1.0,1740.0,1.74,25.0,3100.0,3.1
2019,Noguera,Presseguer,Peach,stone_fruit,stone_fruit,8.0,15410.0,15.41,670.0,26880.0,26.88
2019,Noguera,Nectariner,Nectarine,stone_fruit,stone_fruit,7.0,1610.0,1.61,565.0,25090.0,25.09
2019,Noguera,Pruner,Plum,stone_fruit,stone_fruit,1.0,5960.0,5.96,5.0,11160.0,11.16
2019,Noguera,Ametller,Almond,nut,almond,1063.0,660.0,0.66,476.0,1550.0,1.55
2019,Noguera,Noguera,Walnut,nut,walnut,10.0,1450.0,1.45,49.0,3720.0,3.72
2019,Noguera,Caqui,Persimmon,other,other,0.0,0.0,,1.0,22250.0,22.25
2019,Noguera,Vinya de raïm per a vi,Wine grape,vine,vine,113.0,5050.0,5.05,205.0,10220.0,10.22
2019,Noguera,Olivera per a oliva d'oli,Oil olive,olive,olive,1180.0,870.0,0.87,298.0,2980.0,2.98
2019,Osona,Albercoquer,Apricot,stone_fruit,apricot,0.0,0.0,,1.0,15100.0,15.1
2019,Osona,Noguera,Walnut,nut,walnut,25.0,1480.0,1.48,9.0,3130.0,3.13
2019,Osona,Vinya de raïm per a vi,Wine grape,vine,vine,3.0,2000.0,2.0,3.0,3500.0,3.5
2019,Osona,Olivera per a oliva d'oli,Oil olive,olive,olive,3.0,1350.0,1.35,0.0,0.0,
2019,Pallars Jussà,Pomera,Apple,pome_fruit,pome_fruit,4.0,14010.0,14.01,0.0,0.0,
2019,Pallars Jussà,Perera,Pear,pome_fruit,pome_fruit,1.0,7910.0,7.91,0.0,0.0,
2019,Pallars Jussà,Albercoquer,Apricot,stone_fruit,apricot,1.0,4370.0,4.37,0.0,0.0,
2019,Pallars Jussà,Cirerer i guinder,Cherry and sour cherry,stone_fruit,cherry,2.0,1690.0,1.69,2.0,2780.0,2.78
2019,Pallars Jussà,Presseguer,Peach,stone_fruit,stone_fruit,1.0,12450.0,12.45,3.0,25360.0,25.36
2019,Pallars Jussà,Pruner,Plum,stone_fruit,stone_fruit,1.0,5840.0,5.84,0.0,0.0,
2019,Pallars Jussà,Ametller,Almond,nut,almond,1296.0,510.0,0.51,44.0,1100.0,1.1
2019,Pallars Jussà,Noguera,Walnut,nut,walnut,33.0,1330.0,1.33,17.0,3710.0,3.71
2019,Pallars Jussà,Vinya de raïm per a vi,Wine grape,vine,vine,215.0,4520.0,4.52,39.0,9610.0,9.61
2019,Pallars Jussà,Olivera per a oliva d'oli,Oil olive,olive,olive,694.0,870.0,0.87,16.0,2980.0,2.98
2019,Pallars Sobirà,Pomera,Apple,pome_fruit,pome_fruit,0.0,0.0,,2.0,30550.0,30.55
2019,Pallars Sobirà,Noguera,Walnut,nut,walnut,0.0,0.0,,5.0,3550.0,3.55
2019,Pallars Sobirà,Vinya de raïm per a vi,Wine grape,vine,vine,8.0,4720.0,4.72,0.0,0.0,
2019,Pallars Sobirà,Olivera per a oliva d'oli,Oil olive,olive,olive,1.0,860.0,0.86,0.0,0.0,
2019,Pla d'Urgell,Pomera,Apple,pome_fruit,pome_fruit,8.0,17670.0,17.67,2000.0,39230.0,39.23
2019,Pla d'Urgell,Perera,Pear,pome_fruit,pome_fruit,0.0,0.0,,1130.0,15230.0,15.23
2019,Pla d'Urgell,Albercoquer,Apricot,stone_fruit,apricot,0.0,0.0,,34.0,7380.0,7.38
2019,Pla d'Urgell,Cirerer i guinder,Cherry and sour cherry,stone_fruit,cherry,0.0,0.0,,8.0,3170.0,3.17
2019,Pla d'Urgell,Presseguer,Peach,stone_fruit,stone_fruit,0.0,0.0,,257.0,26670.0,26.67
2019,Pla d'Urgell,Nectariner,Nectarine,stone_fruit,stone_fruit,1.0,16140.0,16.14,259.0,27500.0,27.5
2019,Pla d'Urgell,Pruner,Plum,stone_fruit,stone_fruit,0.0,0.0,,13.0,11410.0,11.41
2019,Pla d'Urgell,Magraner,Pomegranate,other,other,0.0,0.0,,3.0,18870.0,18.87
2019,Pla d'Urgell,Ametller,Almond,nut,almond,19.0,470.0,0.47,179.0,1320.0,1.32
2019,Pla d'Urgell,Noguera,Walnut,nut,walnut,4.0,1460.0,1.46,168.0,3720.0,3.72
2019,Pla d'Urgell,Olivera per a oliva d'oli,Oil olive,olive,olive,26.0,880.0,0.88,57.0,3130.0,3.13
2019,Pla de l'Estany,Noguera,Walnut,nut,walnut,23.0,4000.0,4.0,47.0,4000.0,4.0
2019,Pla de l'Estany,Vinya de raïm per a vi,Wine grape,vine,vine,1.0,3330.0,3.33,0.0,0.0,
2019,Pla de l'Estany,Olivera per a oliva d'oli,Oil olive,olive,olive,23.0,1314.0,1.314,6.0,1700.0,1.7
2019,Priorat,Pomera,Apple,pome_fruit,pome_fruit,1.0,8000.0,8.0,2.0,20974.0,20.974
2019,Priorat,Albercoquer,Apricot,stone_fruit,apricot,0.0,0.0,,3.0,8640.0,8.64
2019,Priorat,Cirerer i guinder,Cherry and sour cherry,stone_fruit,cherry,30.0,1950.0,1.95,58.0,4055.0,4.055
2019,Priorat,Presseguer,Peach,stone_fruit,stone_fruit,0.0,0.0,,24.0,18349.0,18.349
2019,Priorat,Pruner,Plum,stone_fruit,stone_fruit,0.0,0.0,,1.0,10383.0,10.383
2019,Priorat,Ametller,Almond,nut,almond,629.0,300.0,0.3,126.0,1140.0,1.14
2019,Priorat,Noguera,Walnut,nut,walnut,2.0,850.0,0.85,0.0,0.0,
2019,Priorat,Avellaner,Hazelnut,nut,hazelnut,458.0,617.0,0.617,117.0,1234.0,1.234
2019,Priorat,Vinya de raïm per a vi,Wine grape,vine,vine,3114.0,3260.0,3.26,300.0,3621.0,3.621
2019,Priorat,Olivera per a oliva d'oli,Oil olive,olive,olive,1502.0,1635.0,1.635,1244.0,3400.0,3.4
2019,Ribera d'Ebre,Pomera,Apple,pome_fruit,pome_fruit,0.0,0.0,,3.0,20974.0,20.974
2019,Ribera d'Ebre,Perera,Pear,pome_fruit,pome_fruit,3.0,6000.0,6.0,63.0,8281.0,8.281
2019,Ribera d'Ebre,Albercoquer,Apricot,stone_fruit,apricot,4.0,4500.0,4.5,131.0,8640.0,8.64
2019,Ribera d'Ebre,Cirerer i guinder,Cherry and sour cherry,stone_fruit,cherry,85.0,1950.0,1.95,783.0,4055.0,4.055
2019,Ribera d'Ebre,Presseguer,Peach,stone_fruit,stone_fruit,14.0,9500.0,9.5,897.0,18349.0,18.349
2019,Ribera d'Ebre,Nectariner,Nectarine,stone_fruit,stone_fruit,0.0,0.0,,518.0,17860.0,17.86
2019,Ribera d'Ebre,Pruner,Plum,stone_fruit,stone_fruit,1.0,4500.0,4.5,54.0,10383.0,10.383
2019,Ribera d'Ebre,Magraner,Pomegranate,other,other,0.0,0.0,,4.0,10000.0,10.0
2019,Ribera d'Ebre,Ametller,Almond,nut,almond,1567.0,300.0,0.3,965.0,1140.0,1.14
2019,Ribera d'Ebre,Noguera,Walnut,nut,walnut,9.0,850.0,0.85,5.0,2000.0,2.0
2019,Ribera d'Ebre,Avellaner,Hazelnut,nut,hazelnut,82.0,617.0,0.617,7.0,1234.0,1.234
2019,Ribera d'Ebre,Vinya de raïm per a vi,Wine grape,vine,vine,936.0,6410.0,6.41,147.0,8745.0,8.745
2019,Ribera d'Ebre,Olivera per a oliva d'oli,Oil olive,olive,olive,4197.0,1095.0,1.095,3553.0,2600.0,2.6
2019,Segarra,Ametller,Almond,nut,almond,541.0,690.0,0.69,11.0,1470.0,1.47
2019,Segarra,Noguera,Walnut,nut,walnut,7.0,1310.0,1.31,6.0,3730.0,3.73
2019,Segarra,Vinya de raïm per a vi,Wine grape,vine,vine,90.0,5170.0,5.17,0.0,0.0,
2019,Segarra,Olivera per a oliva d'oli,Oil olive,olive,olive,410.0,880.0,0.88,2.0,3060.0,3.06
2019,Segrià,Pomera,Apple,pome_fruit,pome_fruit,21.0,18640.0,18.64,1507.0,38010.0,38.01
2019,Segrià,Perera,Pear,pome_fruit,pome_fruit,14.0,8180.0,8.18,5559.0,16060.0,16.06
2019,Segrià,Albercoquer,Apricot,stone_fruit,apricot,7.0,4540.0,4.54,1302.0,6490.0,6.49
2019,Segrià,Cirerer i guinder,Cherry and sour cherry,stone_fruit,cherry,0.0,0.0,,554.0,3180.0,3.18
2019,Segrià,Presseguer,Peach,stone_fruit,stone_fruit,24.0,15470.0,15.47,8043.0,27260.0,27.26
2019,Segrià,Nectariner,Nectarine,stone_fruit,stone_fruit,12.0,16150.0,16.15,6801.0,27700.0,27.7
2019,Segrià,Pruner,Plum,stone_fruit,stone_fruit,0.0,0.0,,154.0,11380.0,11.38
2019,Segrià,Magraner,Pomegranate,other,other,0.0,0.0,,67.0,19040.0,19.04
2019,Segrià,Ametller,Almond,nut,almond,2521.0,700.0,0.7,2862.0,1530.0,1.53
2019,Segrià,Noguera,Walnut,nut,walnut,3.0,1460.0,1.46,148.0,3690.0,3.69
2019,Segrià,Caqui,Persimmon,other,other,0.0,0.0,,61.0,23450.0,23.45
2019,Segrià,Vinya de raïm per a vi,Wine grape,vine,vine,23.0,5620.0,5.62,1784.0,12050.0,12.05
2019,Segrià,Olivera per a oliva d'oli,Oil olive,olive,olive,7810.0,830.0,0.83,2240.0,3330.0,3.33
2019,Selva,Pomera,Apple,pome_fruit,pome_fruit,0.0,0.0,,33.0,35750.0,35.75
2019,Selva,Perera,Pear,pome_fruit,pome_fruit,0.0,0.0,,48.0,16999.0,16.999
2019,Selva,Presseguer,Peach,stone_fruit,stone_fruit,0.0,0.0,,1.0,25966.0,25.966
2019,Selva,Ametller,Almond,nut,almond,0.0,0.0,,1.0,800.0,0.8
2019,Selva,Noguera,Walnut,nut,walnut,1.0,700.0,0.7,28.0,1150.0,1.15
2019,Selva,Avellaner,Hazelnut,nut,hazelnut,411.0,800.0,0.8,374.0,1100.0,1.1
2019,Selva,Vinya de raïm per a vi,Wine grape,vine,vine,29.0,4500.0,4.5,3.0,6350.0,6.35
2019,Selva,Olivera per a oliva d'oli,Oil olive,olive,olive,26.0,1279.0,1.279,15.0,1690.0,1.69
2019,Solsonès,Pomera,Apple,pome_fruit,pome_fruit,0.0,0.0,,8.0,31290.0,31.29
2019,Solsonès,Noguera,Walnut,nut,walnut,2.0,1430.0,1.43,1.0,3710.0,3.71
2019,Solsonès,Vinya de raïm per a vi,Wine grape,vine,vine,4.0,6110.0,6.11,0.0,0.0,
2019,Solsonès,Olivera per a oliva d'oli,Oil olive,olive,olive,7.0,850.0,0.85,0.0,0.0,
2019,Tarragonès,Perera,Pear,pome_fruit,pome_fruit,0.0,0.0,,1.0,8281.0,8.281
2019,Tarragonès,Albercoquer,Apricot,stone_fruit,apricot,0.0,0.0,,12.0,8640.0,8.64
2019,Tarragonès,Presseguer,Peach,stone_fruit,stone_fruit,2.0,9500.0,9.5,36.0,18349.0,18.349
2019,Tarragonès,Pruner,Plum,stone_fruit,stone_fruit,0.0,0.0,,4.0,10383.0,10.383
2019,Tarragonès,Ametller,Almond,nut,almond,144.0,300.0,0.3,141.0,1140.0,1.14
2019,Tarragonès,Noguera,Walnut,nut,walnut,1.0,850.0,0.85,48.0,2000.0,2.0
2019,Tarragonès,Avellaner,Hazelnut,nut,hazelnut,126.0,617.0,0.617,1523.0,1234.0,1.234
2019,Tarragonès,Vinya de raïm per a vi,Wine grape,vine,vine,1264.0,7207.0,7.207,2.0,9374.0,9.374
2019,Tarragonès,Olivera per a oliva d'oli,Oil olive,olive,olive,1026.0,2355.0,2.355,615.0,4865.0,4.865
2019,Terra Alta,Pomera,Apple,pome_fruit,pome_fruit,2.0,8000.0,8.0,1.0,20974.0,20.974
2019,Terra Alta,Perera,Pear,pome_fruit,pome_fruit,0.0,0.0,,1.0,8281.0,8.281
2019,Terra Alta,Albercoquer,Apricot,stone_fruit,apricot,0.0,0.0,,2.0,8640.0,8.64
2019,Terra Alta,Cirerer i guinder,Cherry and sour cherry,stone_fruit,cherry,63.0,1950.0,1.95,163.0,4055.0,4.055
2019,Terra Alta,Presseguer,Peach,stone_fruit,stone_fruit,3.0,9500.0,9.5,36.0,18349.0,18.349
2019,Terra Alta,Nectariner,Nectarine,stone_fruit,stone_fruit,0.0,0.0,,3.0,17860.0,17.86
2019,Terra Alta,Magraner,Pomegranate,other,other,0.0,0.0,,1.0,10000.0,10.0
2019,Terra Alta,Ametller,Almond,nut,almond,8440.0,300.0,0.3,801.0,1140.0,1.14
2019,Terra Alta,Noguera,Walnut,nut,walnut,17.0,850.0,0.85,8.0,2000.0,2.0
2019,Terra Alta,Avellaner,Hazelnut,nut,hazelnut,384.0,617.0,0.617,60.0,1234.0,1.234
2019,Terra Alta,Vinya de raïm per a vi,Wine grape,vine,vine,5840.0,5923.0,5.923,196.0,6537.0,6.537
2019,Terra Alta,Olivera per a oliva d'oli,Oil olive,olive,olive,4405.0,1300.0,1.3,1131.0,2585.0,2.585
2019,Urgell,Pomera,Apple,pome_fruit,pome_fruit,19.0,17420.0,17.42,1208.0,38040.0,38.04
2019,Urgell,Perera,Pear,pome_fruit,pome_fruit,2.0,8210.0,8.21,465.0,13830.0,13.83
2019,Urgell,Presseguer,Peach,stone_fruit,stone_fruit,0.0,0.0,,28.0,26130.0,26.13
2019,Urgell,Nectariner,Nectarine,stone_fruit,stone_fruit,0.0,0.0,,28.0,25180.0,25.18
2019,Urgell,Ametller,Almond,nut,almond,1830.0,750.0,0.75,602.0,1520.0,1.52
2019,Urgell,Noguera,Walnut,nut,walnut,4.0,1380.0,1.38,37.0,3720.0,3.72
2019,Urgell,Avellaner,Hazelnut,nut,hazelnut,1.0,520.0,0.52,2.0,1600.0,1.6
2019,Urgell,Vinya de raïm per a vi,Wine grape,vine,vine,932.0,5740.0,5.74,320.0,12520.0,12.52
2019,Urgell,Olivera per a oliva d'oli,Oil olive,olive,olive,2577.0,860.0,0.86,400.0,3290.0,3.29
2019,Vallès Occidental,Pomera,Apple,pome_fruit,pome_fruit,0.0,0.0,,2.0,21800.0,21.8
2019,Vallès Occidental,Perera,Pear,pome_fruit,pome_fruit,1.0,7900.0,7.9,1.0,16200.0,16.2
2019,Vallès Occidental,Albercoquer,Apricot,stone_fruit,apricot,1.0,9000.0,9.0,2.0,16000.0,16.0
2019,Vallès Occidental,Cirerer i guinder,Cherry and sour cherry,stone_fruit,cherry,2.0,2000.0,2.0,13.0,3600.0,3.6
2019,Vallès Occidental,Presseguer,Peach,stone_fruit,stone_fruit,7.0,7500.0,7.5,9.0,13200.0,13.2
2019,Vallès Occidental,Pruner,Plum,stone_fruit,stone_fruit,1.0,7000.0,7.0,2.0,9800.0,9.8
2019,Vallès Occidental,Ametller,Almond,nut,almond,5.0,710.0,0.71,0.0,0.0,
2019,Vallès Occidental,Noguera,Walnut,nut,walnut,4.0,630.0,0.63,0.0,0.0,
2019,Vallès Occidental,Avellaner,Hazelnut,nut,hazelnut,1.0,470.0,0.47,2.0,1050.0,1.05
2019,Vallès Occidental,Caqui,Persimmon,other,other,0.0,0.0,,1.0,11800.0,11.8
2019,Vallès Occidental,Vinya de raïm per a vi,Wine grape,vine,vine,27.0,1199.0,1.199,1.0,10700.0,10.7
2019,Vallès Occidental,Olivera per a oliva d'oli,Oil olive,olive,olive,192.0,1550.0,1.55,4.0,2020.0,2.02
2019,Vallès Oriental,Pomera,Apple,pome_fruit,pome_fruit,3.0,12400.0,12.4,0.0,0.0,
2019,Vallès Oriental,Perera,Pear,pome_fruit,pome_fruit,1.0,10600.0,10.6,0.0,0.0,
2019,Vallès Oriental,Cirerer i guinder,Cherry and sour cherry,stone_fruit,cherry,1.0,2000.0,2.0,4.0,3600.0,3.6
2019,Vallès Oriental,Presseguer,Peach,stone_fruit,stone_fruit,1.0,7500.0,7.5,3.0,13200.0,13.2
2019,Vallès Oriental,Nectariner,Nectarine,stone_fruit,stone_fruit,0.0,0.0,,1.0,13200.0,13.2
2019,Vallès Oriental,Ametller,Almond,nut,almond,8.0,620.0,0.62,0.0,0.0,
2019,Vallès Oriental,Noguera,Walnut,nut,walnut,0.0,0.0,,1.0,2720.0,2.72
2019,Vallès Oriental,Avellaner,Hazelnut,nut,hazelnut,34.0,510.0,0.51,32.0,990.0,0.99
2019,Vallès Oriental,Vinya de raïm per a vi,Wine grape,vine,vine,142.0,3777.0,3.777,0.0,0.0,
2019,Vallès Oriental,Olivera per a oliva d'oli,Oil olive,olive,olive,215.0,1750.0,1.75,19.0,2900.0,2.9
2020,Alt Camp,Pomera,Apple,pome_fruit,pome_fruit,2.0,8000.0,8.0,8.0,20940.0,20.94
2020,Alt Camp,Albercoquer,Apricot,stone_fruit,apricot,0.0,0.0,,1.0,7700.0,7.7
2020,Alt Camp,Cirerer i guinder,Cherry and sour cherry,stone_fruit,cherry,2.0,1900.0,1.9,68.0,3600.0,3.6
2020,Alt Camp,Presseguer,Peach,stone_fruit,stone_fruit,0.0,0.0,,1.0,14778.0,14.778
2020,Alt Camp,Magraner,Pomegranate,other,other,2.0,6000.0,6.0,2.0,11000.0,11.0
2020,Alt Camp,Ametller,Almond,nut,almond,1587.0,415.0,0.415,319.0,1140.0,1.14
2020,Alt Camp,Noguera,Walnut,nut,walnut,13.0,800.0,0.8,33.0,1750.0,1.75
2020,Alt Camp,Avellaner,Hazelnut,nut,hazelnut,147.0,140.0,0.14,1697.0,495.0,0.495
2020,Alt Camp,Caqui,Persimmon,other,other,0.0,0.0,,10.0,12500.0,12.5
2020,Alt Camp,Vinya de raïm per a vi,Wine grape,vine,vine,6348.0,5781.0,5.781,22.0,7240.0,7.24
2020,Alt Camp,Olivera per a oliva d'oli,Oil olive,olive,olive,1416.0,1022.0,1.022,377.0,1500.0,1.5
2020,Alt Empordà,Pomera,Apple,pome_fruit,pome_fruit,0.0,20000.0,,1197.0,33183.0,33.183
2020,Alt Empordà,Perera,Pear,pome_fruit,pome_fruit,0.0,0.0,,3.0,22697.0,22.697
2020,Alt Empordà,Albercoquer,Apricot,stone_fruit,apricot,0.0,0.0,,32.0,5000.0,5.0
2020,Alt Empordà,Cirerer i guinder,Cherry and sour cherry,stone_fruit,cherry,0.0,0.0,,96.0,2500.0,2.5
2020,Alt Empordà,Presseguer,Peach,stone_fruit,stone_fruit,0.0,0.0,,26.0,19743.0,19.743
2020,Alt Empordà,Nectariner,Nectarine,stone_fruit,stone_fruit,0.0,0.0,,3.0,30600.0,30.6
2020,Alt Empordà,Pruner,Plum,stone_fruit,stone_fruit,0.0,0.0,,3.0,8000.0,8.0
2020,Alt Empordà,Magraner,Pomegranate,other,other,1.0,10000.0,10.0,0.0,0.0,
2020,Alt Empordà,Ametller,Almond,nut,almond,2.0,500.0,0.5,2.0,800.0,0.8
2020,Alt Empordà,Noguera,Walnut,nut,walnut,10.0,700.0,0.7,75.0,1200.0,1.2
2020,Alt Empordà,Caqui,Persimmon,other,other,0.0,0.0,,2.0,20000.0,20.0
2020,Alt Empordà,Vinya de raïm per a vi,Wine grape,vine,vine,1735.0,3356.0,3.356,60.0,4951.0,4.951
2020,Alt Empordà,Olivera per a oliva d'oli,Oil olive,olive,olive,2677.0,1503.0,1.503,180.0,1710.0,1.71
2020,Alt Penedès,Pomera,Apple,pome_fruit,pome_fruit,2.0,8700.0,8.7,10.0,19700.0,19.7
2020,Alt Penedès,Perera,Pear,pome_fruit,pome_fruit,0.0,0.0,,2.0,16500.0,16.5
2020,Alt Penedès,Albercoquer,Apricot,stone_fruit,apricot,0.0,0.0,,11.0,15000.0,15.0
2020,Alt Penedès,Cirerer i guinder,Cherry and sour cherry,stone_fruit,cherry,3.0,1700.0,1.7,41.0,3100.0,3.1
2020,Alt Penedès,Presseguer,Peach,stone_fruit,stone_fruit,37.0,7500.0,7.5,159.0,14500.0,14.5
2020,Alt Penedès,Nectariner,Nectarine,stone_fruit,stone_fruit,0.0,0.0,,10.0,10320.0,10.32
2020,Alt Penedès,Pruner,Plum,stone_fruit,stone_fruit,0.0,0.0,,15.0,9300.0,9.3
2020,Alt Penedès,Ametller,Almond,nut,almond,54.0,1000.0,1.0,1.0,1600.0,1.6
2020,Alt Penedès,Noguera,Walnut,nut,walnut,2.0,1100.0,1.1,0.0,0.0,
2020,Alt Penedès,Avellaner,Hazelnut,nut,hazelnut,0.0,0.0,,2.0,1700.0,1.7
2020,Alt Penedès,Caqui,Persimmon,other,other,1.0,4100.0,4.1,2.0,13500.0,13.5
2020,Alt Penedès,Vinya de raïm per a vi,Wine grape,vine,vine,17294.0,6050.0,6.05,16.0,11720.0,11.72
2020,Alt Penedès,Olivera per a oliva d'oli,Oil olive,olive,olive,654.0,750.0,0.75,87.0,1400.0,1.4
2020,Alt Urgell,Pomera,Apple,pome_fruit,pome_fruit,0.0,0.0,,16.0,27130.0,27.13
2020,Alt Urgell,Ametller,Almond,nut,almond,4.0,510.0,0.51,1.0,1200.0,1.2
2020,Alt Urgell,Noguera,Walnut,nut,walnut,1.0,1390.0,1.39,0.0,0.0,
2020,Alt Urgell,Vinya de raïm per a vi,Wine grape,vine,vine,12.0,3670.0,3.67,0.0,0.0,
2020,Alt Urgell,Olivera per a oliva d'oli,Oil olive,olive,olive,46.0,910.0,0.91,3.0,3110.0,3.11
2020,Alta Ribagorça,Pomera,Apple,pome_fruit,pome_fruit,0.0,0.0,,11.0,27160.0,27.16
2020,Anoia,Pomera,Apple,pome_fruit,pome_fruit,1.0,8900.0,8.9,3.0,18900.0,18.9
2020,Anoia,Perera,Pear,pome_fruit,pome_fruit,1.0,9000.0,9.0,2.0,14800.0,14.8
2020,Anoia,Albercoquer,Apricot,stone_fruit,apricot,1.0,6000.0,6.0,2.0,11300.0,11.3
2020,Anoia,Cirerer i guinder,Cherry and sour cherry,stone_fruit,cherry,1.0,1600.0,1.6,13.0,2800.0,2.8
2020,Anoia,Presseguer,Peach,stone_fruit,stone_fruit,4.0,5500.0,5.5,75.0,9700.0,9.7
2020,Anoia,Nectariner,Nectarine,stone_fruit,stone_fruit,1.0,5500.0,5.5,2.0,10400.0,10.4
2020,Anoia,Pruner,Plum,stone_fruit,stone_fruit,0.0,0.0,,2.0,6300.0,6.3
2020,Anoia,Ametller,Almond,nut,almond,360.0,350.0,0.35,4.0,840.0,0.84
2020,Anoia,Noguera,Walnut,nut,walnut,15.0,500.0,0.5,2.0,2300.0,2.3
2020,Anoia,Avellaner,Hazelnut,nut,hazelnut,3.0,600.0,0.6,0.0,0.0,
2020,Anoia,Vinya de raïm per a vi,Wine grape,vine,vine,2178.0,3238.0,3.238,3.0,9900.0,9.9
2020,Anoia,Olivera per a oliva d'oli,Oil olive,olive,olive,530.0,1020.0,1.02,30.0,2740.0,2.74
2020,Aran,Pomera,Apple,pome_fruit,pome_fruit,0.0,0.0,,1.0,19820.0,19.82
2020,Aran,Vinya de raïm per a vi,Wine grape,vine,vine,1.0,3290.0,3.29,0.0,0.0,
2020,Bages,Pomera,Apple,pome_fruit,pome_fruit,0.0,0.0,,2.0,25000.0,25.0
2020,Bages,Albercoquer,Apricot,stone_fruit,apricot,0.0,0.0,,2.0,15000.0,15.0
2020,Bages,Cirerer i guinder,Cherry and sour cherry,stone_fruit,cherry,0.0,0.0,,5.0,4000.0,4.0
2020,Bages,Presseguer,Peach,stone_fruit,stone_fruit,0.0,0.0,,8.0,12000.0,12.0
2020,Bages,Pruner,Plum,stone_fruit,stone_fruit,1.0,6100.0,6.1,1.0,9100.0,9.1
2020,Bages,Ametller,Almond,nut,almond,98.0,700.0,0.7,0.0,0.0,
2020,Bages,Noguera,Walnut,nut,walnut,5.0,700.0,0.7,10.0,2500.0,2.5
2020,Bages,Vinya de raïm per a vi,Wine grape,vine,vine,391.0,2400.0,2.4,30.0,7440.0,7.44
2020,Bages,Olivera per a oliva d'oli,Oil olive,olive,olive,183.0,1020.0,1.02,38.0,2970.0,2.97
2020,Baix Camp,Pomera,Apple,pome_fruit,pome_fruit,0.0,0.0,,24.0,20940.0,20.94
2020,Baix Camp,Perera,Pear,pome_fruit,pome_fruit,0.0,0.0,,1.0,7040.0,7.04
2020,Baix Camp,Albercoquer,Apricot,stone_fruit,apricot,0.0,0.0,,8.0,7700.0,7.7
2020,Baix Camp,Cirerer i guinder,Cherry and sour cherry,stone_fruit,cherry,1.0,1900.0,1.9,15.0,3600.0,3.6
2020,Baix Camp,Presseguer,Peach,stone_fruit,stone_fruit,0.0,0.0,,68.0,14778.0,14.778
2020,Baix Camp,Nectariner,Nectarine,stone_fruit,stone_fruit,0.0,0.0,,1.0,13622.0,13.622
2020,Baix Camp,Pruner,Plum,stone_fruit,stone_fruit,0.0,0.0,,15.0,11250.0,11.25
2020,Baix Camp,Magraner,Pomegranate,other,other,3.0,6000.0,6.0,2.0,11000.0,11.0
2020,Baix Camp,Ametller,Almond,nut,almond,527.0,415.0,0.415,428.0,1140.0,1.14
2020,Baix Camp,Noguera,Walnut,nut,walnut,4.0,800.0,0.8,17.0,1750.0,1.75
2020,Baix Camp,Avellaner,Hazelnut,nut,hazelnut,1442.0,140.0,0.14,3413.0,495.0,0.495
2020,Baix Camp,Vinya de raïm per a vi,Wine grape,vine,vine,199.0,5358.0,5.358,6.0,7100.0,7.1
2020,Baix Camp,Olivera per a oliva d'oli,Oil olive,olive,olive,2438.0,1657.0,1.657,3950.0,2842.0,2.842
2020,Baix Ebre,Pomera,Apple,pome_fruit,pome_fruit,0.0,0.0,,1.0,20940.0,20.94
2020,Baix Ebre,Perera,Pear,pome_fruit,pome_fruit,0.0,0.0,,16.0,7040.0,7.04
2020,Baix Ebre,Albercoquer,Apricot,stone_fruit,apricot,0.0,0.0,,17.0,7700.0,7.7
2020,Baix Ebre,Cirerer i guinder,Cherry and sour cherry,stone_fruit,cherry,2.0,1900.0,1.9,54.0,3600.0,3.6
2020,Baix Ebre,Presseguer,Peach,stone_fruit,stone_fruit,0.0,0.0,,102.0,14778.0,14.778
2020,Baix Ebre,Nectariner,Nectarine,stone_fruit,stone_fruit,0.0,0.0,,18.0,13622.0,13.622
2020,Baix Ebre,Pruner,Plum,stone_fruit,stone_fruit,0.0,0.0,,4.0,11250.0,11.25
2020,Baix Ebre,Magraner,Pomegranate,other,other,0.0,0.0,,1.0,11000.0,11.0
2020,Baix Ebre,Ametller,Almond,nut,almond,1052.0,415.0,0.415,300.0,1140.0,1.14
2020,Baix Ebre,Noguera,Walnut,nut,walnut,0.0,0.0,,4.0,1750.0,1.75
2020,Baix Ebre,Caqui,Persimmon,other,other,0.0,0.0,,3.0,12500.0,12.5
2020,Baix Ebre,Vinya de raïm per a vi,Wine grape,vine,vine,22.0,1400.0,1.4,13.0,2000.0,2.0
2020,Baix Ebre,Olivera per a oliva d'oli,Oil olive,olive,olive,17447.0,1556.0,1.556,1375.0,2757.0,2.757
2020,Baix Empordà,Pomera,Apple,pome_fruit,pome_fruit,0.0,0.0,,936.0,32000.0,32.0
2020,Baix Empordà,Perera,Pear,pome_fruit,pome_fruit,0.0,0.0,,10.0,22697.0,22.697
2020,Baix Empordà,Albercoquer,Apricot,stone_fruit,apricot,0.0,0.0,,5.0,3800.0,3.8
2020,Baix Empordà,Cirerer i guinder,Cherry and sour cherry,stone_fruit,cherry,0.0,0.0,,4.0,3500.0,3.5
2020,Baix Empordà,Presseguer,Peach,stone_fruit,stone_fruit,0.0,0.0,,28.0,19744.0,19.744
2020,Baix Empordà,Nectariner,Nectarine,stone_fruit,stone_fruit,0.0,0.0,,2.0,30600.0,30.6
2020,Baix Empordà,Pruner,Plum,stone_fruit,stone_fruit,0.0,0.0,,2.0,8000.0,8.0
2020,Baix Empordà,Ametller,Almond,nut,almond,1.0,600.0,0.6,1.0,1500.0,1.5
2020,Baix Empordà,Noguera,Walnut,nut,walnut,0.0,0.0,,4.0,1700.0,1.7
2020,Baix Empordà,Vinya de raïm per a vi,Wine grape,vine,vine,250.0,3365.0,3.365,10.0,4950.0,4.95
2020,Baix Empordà,Olivera per a oliva d'oli,Oil olive,olive,olive,556.0,1516.0,1.516,14.0,1710.0,1.71
2020,Baix Llobregat,Pomera,Apple,pome_fruit,pome_fruit,0.0,0.0,,14.0,20100.0,20.1
2020,Baix Llobregat,Perera,Pear,pome_fruit,pome_fruit,1.0,9200.0,9.2,14.0,17500.0,17.5
2020,Baix Llobregat,Albercoquer,Apricot,stone_fruit,apricot,1.0,5900.0,5.9,9.0,10400.0,10.4
2020,Baix Llobregat,Cirerer i guinder,Cherry and sour cherry,stone_fruit,cherry,26.0,1600.0,1.6,115.0,2100.0,2.1
2020,Baix Llobregat,Presseguer,Peach,stone_fruit,stone_fruit,6.0,5500.0,5.5,77.0,9900.0,9.9
2020,Baix Llobregat,Nectariner,Nectarine,stone_fruit,stone_fruit,0.0,0.0,,3.0,13100.0,13.1
2020,Baix Llobregat,Pruner,Plum,stone_fruit,stone_fruit,3.0,5800.0,5.8,37.0,8100.0,8.1
2020,Baix Llobregat,Ametller,Almond,nut,almond,15.0,700.0,0.7,0.0,0.0,
2020,Baix Llobregat,Caqui,Persimmon,other,other,2.0,3900.0,3.9,2.0,11400.0,11.4
2020,Baix Llobregat,Vinya de raïm per a vi,Wine grape,vine,vine,270.0,3227.0,3.227,1.0,10500.0,10.5
2020,Baix Llobregat,Olivera per a oliva d'oli,Oil olive,olive,olive,423.0,1360.0,1.36,38.0,3070.0,3.07
2020,Baix Penedès,Pomera,Apple,pome_fruit,pome_fruit,0.0,0.0,,5.0,20940.0,20.94
2020,Baix Penedès,Cirerer i guinder,Cherry and sour cherry,stone_fruit,cherry,0.0,0.0,,7.0,3600.0,3.6
2020,Baix Penedès,Presseguer,Peach,stone_fruit,stone_fruit,0.0,0.0,,20.0,14778.0,14.778
2020,Baix Penedès,Ametller,Almond,nut,almond,92.0,415.0,0.415,35.0,1140.0,1.14
2020,Baix Penedès,Vinya de raïm per a vi,Wine grape,vine,vine,3559.0,7742.0,7.742,38.0,10520.0,10.52
2020,Baix Penedès,Olivera per a oliva d'oli,Oil olive,olive,olive,1108.0,1817.0,1.817,110.0,3325.0,3.325
2020,Barcelonès,Vinya de raïm per a vi,Wine grape,vine,vine,3.0,2432.0,2.432,0.0,0.0,
2020,Berguedà,Pomera,Apple,pome_fruit,pome_fruit,0.0,0.0,,1.0,23000.0,23.0
2020,Berguedà,Noguera,Walnut,nut,walnut,1.0,860.0,0.86,0.0,0.0,
2020,Cerdanya,Pomera,Apple,pome_fruit,pome_fruit,0.0,0.0,,6.0,40000.0,40.0
2020,Cerdanya,Vinya de raïm per a vi,Wine grape,vine,vine,8.0,4000.0,4.0,0.0,0.0,
2020,Conca de Barberà,Pomera,Apple,pome_fruit,pome_fruit,0.0,0.0,,2.0,20940.0,20.94
2020,Conca de Barberà,Albercoquer,Apricot,stone_fruit,apricot,0.0,0.0,,1.0,7700.0,7.7
2020,Conca de Barberà,Cirerer i guinder,Cherry and sour cherry,stone_fruit,cherry,1.0,1900.0,1.9,27.0,3600.0,3.6
2020,Conca de Barberà,Ametller,Almond,nut,almond,683.0,415.0,0.415,0.0,0.0,
2020,Conca de Barberà,Noguera,Walnut,nut,walnut,11.0,800.0,0.8,26.0,1750.0,1.75
2020,Conca de Barberà,Avellaner,Hazelnut,nut,hazelnut,323.0,140.0,0.14,62.0,495.0,0.495
2020,Conca de Barberà,Caqui,Persimmon,other,other,3.0,7000.0,7.0,0.0,0.0,
2020,Conca de Barberà,Vinya de raïm per a vi,Wine grape,vine,vine,4082.0,6663.0,6.663,28.0,8800.0,8.8
2020,Conca de Barberà,Olivera per a oliva d'oli,Oil olive,olive,olive,877.0,1045.0,1.045,39.0,1500.0,1.5
2020,Garraf,Pomera,Apple,pome_fruit,pome_fruit,1.0,14000.0,14.0,1.0,25000.0,25.0
2020,Garraf,Perera,Pear,pome_fruit,pome_fruit,0.0,0.0,,1.0,19300.0,19.3
2020,Garraf,Albercoquer,Apricot,stone_fruit,apricot,0.0,0.0,,3.0,16100.0,16.1
2020,Garraf,Cirerer i guinder,Cherry and sour cherry,stone_fruit,cherry,0.0,0.0,,2.0,3500.0,3.5
2020,Garraf,Presseguer,Peach,stone_fruit,stone_fruit,2.0,7600.0,7.6,3.0,13300.0,13.3
2020,Garraf,Pruner,Plum,stone_fruit,stone_fruit,0.0,0.0,,2.0,9300.0,9.3
2020,Garraf,Ametller,Almond,nut,almond,1.0,700.0,0.7,0.0,0.0,
2020,Garraf,Vinya de raïm per a vi,Wine grape,vine,vine,869.0,6778.0,6.778,0.0,0.0,
2020,Garraf,Olivera per a oliva d'oli,Oil olive,olive,olive,53.0,1020.0,1.02,3.0,2540.0,2.54
2020,Garrigues,Pomera,Apple,pome_fruit,pome_fruit,0.0,0.0,,439.0,23530.0,23.53
2020,Garrigues,Perera,Pear,pome_fruit,pome_fruit,0.0,0.0,,493.0,14240.0,14.24
2020,Garrigues,Albercoquer,Apricot,stone_fruit,apricot,0.0,0.0,,61.0,5540.0,5.54
2020,Garrigues,Cirerer i guinder,Cherry and sour cherry,stone_fruit,cherry,0.0,0.0,,30.0,3400.0,3.4
2020,Garrigues,Presseguer,Peach,stone_fruit,stone_fruit,0.0,0.0,,172.0,20200.0,20.2
2020,Garrigues,Nectariner,Nectarine,stone_fruit,stone_fruit,0.0,0.0,,176.0,17560.0,17.56
2020,Garrigues,Pruner,Plum,stone_fruit,stone_fruit,0.0,0.0,,45.0,15080.0,15.08
2020,Garrigues,Magraner,Pomegranate,other,other,1.0,8960.0,8.96,1.0,16090.0,16.09
2020,Garrigues,Ametller,Almond,nut,almond,4660.0,510.0,0.51,980.0,1280.0,1.28
2020,Garrigues,Noguera,Walnut,nut,walnut,17.0,1380.0,1.38,12.0,3960.0,3.96
2020,Garrigues,Avellaner,Hazelnut,nut,hazelnut,3.0,590.0,0.59,1.0,1780.0,1.78
2020,Garrigues,Caqui,Persimmon,other,other,0.0,0.0,,3.0,25660.0,25.66
2020,Garrigues,Vinya de raïm per a vi,Wine grape,vine,vine,537.0,3450.0,3.45,60.0,7660.0,7.66
2020,Garrigues,Olivera per a oliva d'oli,Oil olive,olive,olive,14229.0,910.0,0.91,5901.0,3320.0,3.32
2020,Garrotxa,Pomera,Apple,pome_fruit,pome_fruit,0.0,0.0,,1.0,32000.0,32.0
2020,Garrotxa,Albercoquer,Apricot,stone_fruit,apricot,0.0,0.0,,1.0,5000.0,5.0
2020,Garrotxa,Noguera,Walnut,nut,walnut,4.0,500.0,0.5,0.0,0.0,
2020,Garrotxa,Vinya de raïm per a vi,Wine grape,vine,vine,6.0,3375.0,3.375,0.0,0.0,
2020,Garrotxa,Olivera per a oliva d'oli,Oil olive,olive,olive,4.0,1540.0,1.54,0.0,0.0,
2020,Gironès,Pomera,Apple,pome_fruit,pome_fruit,0.0,0.0,,53.0,32000.0,32.0
2020,Gironès,Perera,Pear,pome_fruit,pome_fruit,0.0,0.0,,110.0,23500.0,23.5
2020,Gironès,Presseguer,Peach,stone_fruit,stone_fruit,0.0,0.0,,5.0,19743.0,19.743
2020,Gironès,Pruner,Plum,stone_fruit,stone_fruit,0.0,0.0,,2.0,7857.0,7.857
2020,Gironès,Noguera,Walnut,nut,walnut,2.0,350.0,0.35,6.0,600.0,0.6
2020,Gironès,Avellaner,Hazelnut,nut,hazelnut,51.0,700.0,0.7,60.0,910.0,0.91
2020,Gironès,Vinya de raïm per a vi,Wine grape,vine,vine,37.0,3375.0,3.375,0.0,0.0,
2020,Gironès,Olivera per a oliva d'oli,Oil olive,olive,olive,40.0,1535.0,1.535,10.0,1710.0,1.71
2020,Maresme,Pomera,Apple,pome_fruit,pome_fruit,0.0,0.0,,1.0,26700.0,26.7
2020,Maresme,Perera,Pear,pome_fruit,pome_fruit,0.0,0.0,,1.0,19300.0,19.3
2020,Maresme,Cirerer i guinder,Cherry and sour cherry,stone_fruit,cherry,5.0,2000.0,2.0,2.0,3500.0,3.5
2020,Maresme,Presseguer,Peach,stone_fruit,stone_fruit,0.0,0.0,,1.0,13300.0,13.3
2020,Maresme,Pruner,Plum,stone_fruit,stone_fruit,0.0,0.0,,1.0,9300.0,9.3
2020,Maresme,Ametller,Almond,nut,almond,1.0,650.0,0.65,2.0,1000.0,1.0
2020,Maresme,Vinya de raïm per a vi,Wine grape,vine,vine,156.0,2000.0,2.0,43.0,2555.0,2.555
2020,Maresme,Olivera per a oliva d'oli,Oil olive,olive,olive,5.0,1250.0,1.25,11.0,3180.0,3.18
2020,Moianès,Ametller,Almond,nut,almond,3.0,600.0,0.6,0.0,0.0,
2020,Moianès,Vinya de raïm per a vi,Wine grape,vine,vine,12.0,860.0,0.86,0.0,0.0,
2020,Moianès,Olivera per a oliva d'oli,Oil olive,olive,olive,6.0,1020.0,1.02,0.0,0.0,
2020,Montsià,Pomera,Apple,pome_fruit,pome_fruit,0.0,0.0,,3.0,20940.0,20.94
2020,Montsià,Perera,Pear,pome_fruit,pome_fruit,0.0,0.0,,2.0,7040.0,7.04
2020,Montsià,Albercoquer,Apricot,stone_fruit,apricot,0.0,0.0,,9.0,7700.0,7.7
2020,Montsià,Cirerer i guinder,Cherry and sour cherry,stone_fruit,cherry,1.0,1900.0,1.9,25.0,3600.0,3.6
2020,Montsià,Presseguer,Peach,stone_fruit,stone_fruit,1.0,8000.0,8.0,57.0,14778.0,14.778
2020,Montsià,Nectariner,Nectarine,stone_fruit,stone_fruit,0.0,0.0,,8.0,13622.0,13.622
2020,Montsià,Pruner,Plum,stone_fruit,stone_fruit,0.0,0.0,,2.0,11250.0,11.25
2020,Montsià,Magraner,Pomegranate,other,other,2.0,6000.0,6.0,35.0,11000.0,11.0
2020,Montsià,Ametller,Almond,nut,almond,331.0,415.0,0.415,179.0,1140.0,1.14
2020,Montsià,Noguera,Walnut,nut,walnut,1.0,800.0,0.8,0.0,0.0,
2020,Montsià,Caqui,Persimmon,other,other,0.0,0.0,,7.0,12500.0,12.5
2020,Montsià,Olivera per a oliva d'oli,Oil olive,olive,olive,13235.0,1636.0,1.636,1034.0,2695.0,2.695
2020,Noguera,Pomera,Apple,pome_fruit,pome_fruit,0.0,0.0,,695.0,28150.0,28.15
2020,Noguera,Perera,Pear,pome_fruit,pome_fruit,0.0,0.0,,1049.0,15900.0,15.9
2020,Noguera,Albercoquer,Apricot,stone_fruit,apricot,0.0,0.0,,42.0,5610.0,5.61
2020,Noguera,Cirerer i guinder,Cherry and sour cherry,stone_fruit,cherry,0.0,0.0,,25.0,3430.0,3.43
2020,Noguera,Presseguer,Peach,stone_fruit,stone_fruit,0.0,0.0,,612.0,20970.0,20.97
2020,Noguera,Nectariner,Nectarine,stone_fruit,stone_fruit,0.0,0.0,,534.0,16360.0,16.36
2020,Noguera,Pruner,Plum,stone_fruit,stone_fruit,0.0,0.0,,5.0,14920.0,14.92
2020,Noguera,Ametller,Almond,nut,almond,1078.0,700.0,0.7,169.0,1660.0,1.66
2020,Noguera,Noguera,Walnut,nut,walnut,9.0,1560.0,1.56,30.0,4010.0,4.01
2020,Noguera,Caqui,Persimmon,other,other,0.0,0.0,,1.0,25580.0,25.58
2020,Noguera,Vinya de raïm per a vi,Wine grape,vine,vine,105.0,3750.0,3.75,215.0,7600.0,7.6
2020,Noguera,Olivera per a oliva d'oli,Oil olive,olive,olive,1224.0,940.0,0.94,292.0,3390.0,3.39
2020,Osona,Albercoquer,Apricot,stone_fruit,apricot,0.0,0.0,,1.0,15100.0,15.1
2020,Osona,Noguera,Walnut,nut,walnut,20.0,1500.0,1.5,9.0,3200.0,3.2
2020,Osona,Vinya de raïm per a vi,Wine grape,vine,vine,2.0,2375.0,2.375,3.0,2100.0,2.1
2020,Osona,Olivera per a oliva d'oli,Oil olive,olive,olive,2.0,1390.0,1.39,0.0,0.0,
2020,Pallars Jussà,Pomera,Apple,pome_fruit,pome_fruit,0.0,0.0,,4.0,22350.0,22.35
2020,Pallars Jussà,Perera,Pear,pome_fruit,pome_fruit,0.0,0.0,,1.0,15050.0,15.05
2020,Pallars Jussà,Albercoquer,Apricot,stone_fruit,apricot,0.0,0.0,,1.0,5520.0,5.52
2020,Pallars Jussà,Cirerer i guinder,Cherry and sour cherry,stone_fruit,cherry,0.0,0.0,,4.0,3080.0,3.08
2020,Pallars Jussà,Presseguer,Peach,stone_fruit,stone_fruit,0.0,0.0,,3.0,19780.0,19.78
2020,Pallars Jussà,Pruner,Plum,stone_fruit,stone_fruit,0.0,0.0,,1.0,14840.0,14.84
2020,Pallars Jussà,Ametller,Almond,nut,almond,1352.0,540.0,0.54,44.0,1170.0,1.17
2020,Pallars Jussà,Noguera,Walnut,nut,walnut,35.0,1430.0,1.43,16.0,4000.0,4.0
2020,Pallars Jussà,Vinya de raïm per a vi,Wine grape,vine,vine,214.0,3360.0,3.36,46.0,7140.0,7.14
2020,Pallars Jussà,Olivera per a oliva d'oli,Oil olive,olive,olive,736.0,940.0,0.94,15.0,3280.0,3.28
2020,Pallars Sobirà,Pomera,Apple,pome_fruit,pome_fruit,0.0,0.0,,2.0,22280.0,22.28
2020,Pallars Sobirà,Noguera,Walnut,nut,walnut,1.0,1420.0,1.42,5.0,3820.0,3.82
2020,Pallars Sobirà,Vinya de raïm per a vi,Wine grape,vine,vine,5.0,3510.0,3.51,5.0,7060.0,7.06
2020,Pallars Sobirà,Olivera per a oliva d'oli,Oil olive,olive,olive,2.0,930.0,0.93,0.0,0.0,
2020,Pla d'Urgell,Pomera,Apple,pome_fruit,pome_fruit,0.0,0.0,,1929.0,28610.0,28.61
2020,Pla d'Urgell,Perera,Pear,pome_fruit,pome_fruit,0.0,0.0,,1090.0,15070.0,15.07
2020,Pla d'Urgell,Albercoquer,Apricot,stone_fruit,apricot,0.0,0.0,,33.0,5650.0,5.65
2020,Pla d'Urgell,Cirerer i guinder,Cherry and sour cherry,stone_fruit,cherry,0.0,0.0,,6.0,3510.0,3.51
2020,Pla d'Urgell,Presseguer,Peach,stone_fruit,stone_fruit,0.0,0.0,,229.0,21070.0,21.07
2020,Pla d'Urgell,Nectariner,Nectarine,stone_fruit,stone_fruit,0.0,0.0,,229.0,17850.0,17.85
2020,Pla d'Urgell,Pruner,Plum,stone_fruit,stone_fruit,0.0,0.0,,12.0,15260.0,15.26
2020,Pla d'Urgell,Magraner,Pomegranate,other,other,0.0,0.0,,3.0,16220.0,16.22
2020,Pla d'Urgell,Ametller,Almond,nut,almond,16.0,500.0,0.5,55.0,1410.0,1.41
2020,Pla d'Urgell,Noguera,Walnut,nut,walnut,3.0,1570.0,1.57,97.0,4010.0,4.01
2020,Pla d'Urgell,Olivera per a oliva d'oli,Oil olive,olive,olive,28.0,950.0,0.95,60.0,3400.0,3.4
2020,Pla de l'Estany,Noguera,Walnut,nut,walnut,23.0,2400.0,2.4,45.0,4000.0,4.0
2020,Pla de l'Estany,Vinya de raïm per a vi,Wine grape,vine,vine,1.0,3375.0,3.375,0.0,0.0,
2020,Pla de l'Estany,Olivera per a oliva d'oli,Oil olive,olive,olive,25.0,1577.0,1.577,6.0,1710.0,1.71
2020,Priorat,Pomera,Apple,pome_fruit,pome_fruit,0.0,0.0,,3.0,20940.0,20.94
2020,Priorat,Albercoquer,Apricot,stone_fruit,apricot,1.0,4500.0,4.5,2.0,7700.0,7.7
2020,Priorat,Cirerer i guinder,Cherry and sour cherry,stone_fruit,cherry,5.0,1900.0,1.9,85.0,3600.0,3.6
2020,Priorat,Presseguer,Peach,stone_fruit,stone_fruit,0.0,0.0,,23.0,14778.0,14.778
2020,Priorat,Pruner,Plum,stone_fruit,stone_fruit,0.0,0.0,,1.0,11250.0,11.25
2020,Priorat,Ametller,Almond,nut,almond,600.0,415.0,0.415,131.0,1140.0,1.14
2020,Priorat,Noguera,Walnut,nut,walnut,2.0,800.0,0.8,0.0,0.0,
2020,Priorat,Avellaner,Hazelnut,nut,hazelnut,440.0,140.0,0.14,111.0,495.0,0.495
2020,Priorat,Vinya de raïm per a vi,Wine grape,vine,vine,3158.0,2390.0,2.39,315.0,3547.0,3.547
2020,Priorat,Olivera per a oliva d'oli,Oil olive,olive,olive,1400.0,1025.0,1.025,1224.0,1535.0,1.535
2020,Ribera d'Ebre,Pomera,Apple,pome_fruit,pome_fruit,0.0,0.0,,3.0,20940.0,20.94
2020,Ribera d'Ebre,Perera,Pear,pome_fruit,pome_fruit,0.0,0.0,,69.0,7040.0,7.04
2020,Ribera d'Ebre,Albercoquer,Apricot,stone_fruit,apricot,2.0,4500.0,4.5,142.0,7700.0,7.7
2020,Ribera d'Ebre,Cirerer i guinder,Cherry and sour cherry,stone_fruit,cherry,31.0,1900.0,1.9,884.0,3600.0,3.6
2020,Ribera d'Ebre,Presseguer,Peach,stone_fruit,stone_fruit,4.0,8000.0,8.0,797.0,14778.0,14.778
2020,Ribera d'Ebre,Nectariner,Nectarine,stone_fruit,stone_fruit,0.0,0.0,,475.0,13622.0,13.622
2020,Ribera d'Ebre,Pruner,Plum,stone_fruit,stone_fruit,4.0,5500.0,5.5,48.0,11250.0,11.25
2020,Ribera d'Ebre,Magraner,Pomegranate,other,other,0.0,0.0,,2.0,11000.0,11.0
2020,Ribera d'Ebre,Ametller,Almond,nut,almond,1209.0,415.0,0.415,885.0,1140.0,1.14
2020,Ribera d'Ebre,Noguera,Walnut,nut,walnut,10.0,800.0,0.8,6.0,1750.0,1.75
2020,Ribera d'Ebre,Avellaner,Hazelnut,nut,hazelnut,84.0,140.0,0.14,7.0,495.0,0.495
2020,Ribera d'Ebre,Vinya de raïm per a vi,Wine grape,vine,vine,886.0,4960.0,4.96,157.0,6014.0,6.014
2020,Ribera d'Ebre,Olivera per a oliva d'oli,Oil olive,olive,olive,4212.0,1030.0,1.03,3497.0,1663.0,1.663
2020,Segarra,Ametller,Almond,nut,almond,546.0,730.0,0.73,11.0,1570.0,1.57
2020,Segarra,Noguera,Walnut,nut,walnut,7.0,1410.0,1.41,5.0,4020.0,4.02
2020,Segarra,Vinya de raïm per a vi,Wine grape,vine,vine,87.0,3840.0,3.84,0.0,0.0,
2020,Segarra,Olivera per a oliva d'oli,Oil olive,olive,olive,421.0,950.0,0.95,2.0,3310.0,3.31
2020,Segrià,Pomera,Apple,pome_fruit,pome_fruit,0.0,0.0,,1474.0,27740.0,27.74
2020,Segrià,Perera,Pear,pome_fruit,pome_fruit,0.0,0.0,,5461.0,15850.0,15.85
2020,Segrià,Albercoquer,Apricot,stone_fruit,apricot,84.0,3480.0,3.48,1254.0,4970.0,4.97
2020,Segrià,Cirerer i guinder,Cherry and sour cherry,stone_fruit,cherry,0.0,0.0,,590.0,3520.0,3.52
2020,Segrià,Presseguer,Peach,stone_fruit,stone_fruit,7.0,12060.0,12.06,7449.0,21260.0,21.26
2020,Segrià,Nectariner,Nectarine,stone_fruit,stone_fruit,3.0,10480.0,10.48,6482.0,17980.0,17.98
2020,Segrià,Pruner,Plum,stone_fruit,stone_fruit,0.0,0.0,,151.0,15220.0,15.22
2020,Segrià,Magraner,Pomegranate,other,other,0.0,0.0,,69.0,16370.0,16.37
2020,Segrià,Ametller,Almond,nut,almond,2563.0,750.0,0.75,3513.0,1630.0,1.63
2020,Segrià,Noguera,Walnut,nut,walnut,3.0,1570.0,1.57,90.0,3980.0,3.98
2020,Segrià,Caqui,Persimmon,other,other,0.0,0.0,,48.0,26960.0,26.96
2020,Segrià,Vinya de raïm per a vi,Wine grape,vine,vine,11.0,4180.0,4.18,1791.0,8960.0,8.96
2020,Segrià,Olivera per a oliva d'oli,Oil olive,olive,olive,8528.0,900.0,0.9,2530.0,3620.0,3.62
2020,Selva,Pomera,Apple,pome_fruit,pome_fruit,0.0,0.0,,33.0,32000.0,32.0
2020,Selva,Perera,Pear,pome_fruit,pome_fruit,0.0,0.0,,53.0,23170.0,23.17
2020,Selva,Presseguer,Peach,stone_fruit,stone_fruit,0.0,0.0,,2.0,19743.0,19.743
2020,Selva,Ametller,Almond,nut,almond,0.0,0.0,,1.0,850.0,0.85
2020,Selva,Noguera,Walnut,nut,walnut,0.0,0.0,,29.0,1075.0,1.075
2020,Selva,Avellaner,Hazelnut,nut,hazelnut,405.0,850.0,0.85,377.0,1050.0,1.05
2020,Selva,Vinya de raïm per a vi,Wine grape,vine,vine,30.0,3375.0,3.375,3.0,4950.0,4.95
2020,Selva,Olivera per a oliva d'oli,Oil olive,olive,olive,28.0,1540.0,1.54,16.0,1710.0,1.71
2020,Solsonès,Pomera,Apple,pome_fruit,pome_fruit,0.0,0.0,,11.0,22820.0,22.82
2020,Solsonès,Noguera,Walnut,nut,walnut,2.0,1540.0,1.54,1.0,4000.0,4.0
2020,Solsonès,Vinya de raïm per a vi,Wine grape,vine,vine,5.0,4540.0,4.54,0.0,0.0,
2020,Solsonès,Olivera per a oliva d'oli,Oil olive,olive,olive,7.0,920.0,0.92,0.0,0.0,
2020,Tarragonès,Perera,Pear,pome_fruit,pome_fruit,0.0,0.0,,1.0,7040.0,7.04
2020,Tarragonès,Albercoquer,Apricot,stone_fruit,apricot,0.0,0.0,,11.0,7700.0,7.7
2020,Tarragonès,Presseguer,Peach,stone_fruit,stone_fruit,0.0,0.0,,33.0,14778.0,14.778
2020,Tarragonès,Pruner,Plum,stone_fruit,stone_fruit,0.0,0.0,,2.0,11250.0,11.25
2020,Tarragonès,Ametller,Almond,nut,almond,138.0,415.0,0.415,136.0,1140.0,1.14
2020,Tarragonès,Noguera,Walnut,nut,walnut,1.0,800.0,0.8,53.0,1750.0,1.75
2020,Tarragonès,Avellaner,Hazelnut,nut,hazelnut,127.0,140.0,0.14,1597.0,495.0,0.495
2020,Tarragonès,Vinya de raïm per a vi,Wine grape,vine,vine,1270.0,6069.0,6.069,5.0,7000.0,7.0
2020,Tarragonès,Olivera per a oliva d'oli,Oil olive,olive,olive,1009.0,1737.0,1.737,607.0,2745.0,2.745
2020,Terra Alta,Pomera,Apple,pome_fruit,pome_fruit,0.0,0.0,,5.0,20940.0,20.94
2020,Terra Alta,Perera,Pear,pome_fruit,pome_fruit,0.0,0.0,,2.0,7040.0,7.04
2020,Terra Alta,Albercoquer,Apricot,stone_fruit,apricot,0.0,0.0,,2.0,7700.0,7.7
2020,Terra Alta,Cirerer i guinder,Cherry and sour cherry,stone_fruit,cherry,22.0,1900.0,1.9,198.0,3600.0,3.6
2020,Terra Alta,Presseguer,Peach,stone_fruit,stone_fruit,7.0,8000.0,8.0,28.0,14778.0,14.778
2020,Terra Alta,Nectariner,Nectarine,stone_fruit,stone_fruit,0.0,0.0,,3.0,13622.0,13.622
2020,Terra Alta,Magraner,Pomegranate,other,other,1.0,6000.0,6.0,0.0,11000.0,
2020,Terra Alta,Ametller,Almond,nut,almond,8048.0,415.0,0.415,779.0,1140.0,1.14
2020,Terra Alta,Noguera,Walnut,nut,walnut,21.0,800.0,0.8,1.0,1750.0,1.75
2020,Terra Alta,Avellaner,Hazelnut,nut,hazelnut,409.0,140.0,0.14,65.0,495.0,0.495
2020,Terra Alta,Vinya de raïm per a vi,Wine grape,vine,vine,5790.0,6348.0,6.348,192.0,7910.0,7.91
2020,Terra Alta,Olivera per a oliva d'oli,Oil olive,olive,olive,4701.0,977.0,0.977,1053.0,1450.0,1.45
2020,Urgell,Pomera,Apple,pome_fruit,pome_fruit,3.0,12700.0,12.7,1213.0,27750.0,27.75
2020,Urgell,Perera,Pear,pome_fruit,pome_fruit,0.0,0.0,,455.0,13650.0,13.65
2020,Urgell,Presseguer,Peach,stone_fruit,stone_fruit,0.0,0.0,,20.0,20380.0,20.38
2020,Urgell,Nectariner,Nectarine,stone_fruit,stone_fruit,0.0,0.0,,29.0,16340.0,16.34
2020,Urgell,Ametller,Almond,nut,almond,1688.0,800.0,0.8,646.0,1620.0,1.62
2020,Urgell,Noguera,Walnut,nut,walnut,4.0,1480.0,1.48,27.0,4010.0,4.01
2020,Urgell,Avellaner,Hazelnut,nut,hazelnut,0.0,0.0,,2.0,1970.0,1.97
2020,Urgell,Vinya de raïm per a vi,Wine grape,vine,vine,848.0,4270.0,4.27,469.0,9280.0,9.28
2020,Urgell,Olivera per a oliva d'oli,Oil olive,olive,olive,2766.0,930.0,0.93,366.0,3620.0,3.62
2020,Vallès Occidental,Pomera,Apple,pome_fruit,pome_fruit,0.0,0.0,,1.0,23800.0,23.8
2020,Vallès Occidental,Perera,Pear,pome_fruit,pome_fruit,0.0,0.0,,1.0,19200.0,19.2
2020,Vallès Occidental,Albercoquer,Apricot,stone_fruit,apricot,1.0,5900.0,5.9,2.0,16100.0,16.1
2020,Vallès Occidental,Cirerer i guinder,Cherry and sour cherry,stone_fruit,cherry,1.0,2000.0,2.0,11.0,3500.0,3.5
2020,Vallès Occidental,Presseguer,Peach,stone_fruit,stone_fruit,5.0,7600.0,7.6,7.0,13300.0,13.3
2020,Vallès Occidental,Pruner,Plum,stone_fruit,stone_fruit,0.0,0.0,,2.0,10000.0,10.0
2020,Vallès Occidental,Ametller,Almond,nut,almond,13.0,700.0,0.7,0.0,0.0,
2020,Vallès Occidental,Noguera,Walnut,nut,walnut,5.0,700.0,0.7,0.0,0.0,
2020,Vallès Occidental,Avellaner,Hazelnut,nut,hazelnut,5.0,400.0,0.4,2.0,1100.0,1.1
2020,Vallès Occidental,Caqui,Persimmon,other,other,0.0,0.0,,1.0,11800.0,11.8
2020,Vallès Occidental,Vinya de raïm per a vi,Wine grape,vine,vine,25.0,680.0,0.68,1.0,3210.0,3.21
2020,Vallès Occidental,Olivera per a oliva d'oli,Oil olive,olive,olive,183.0,1700.0,1.7,7.0,2530.0,2.53
2020,Vallès Oriental,Cirerer i guinder,Cherry and sour cherry,stone_fruit,cherry,0.0,0.0,,2.0,3500.0,3.5
2020,Vallès Oriental,Presseguer,Peach,stone_fruit,stone_fruit,0.0,0.0,,3.0,13400.0,13.4
2020,Vallès Oriental,Nectariner,Nectarine,stone_fruit,stone_fruit,0.0,0.0,,1.0,13200.0,13.2
2020,Vallès Oriental,Ametller,Almond,nut,almond,8.0,600.0,0.6,0.0,0.0,
2020,Vallès Oriental,Noguera,Walnut,nut,walnut,0.0,0.0,,1.0,2700.0,2.7
2020,Vallès Oriental,Avellaner,Hazelnut,nut,hazelnut,36.0,600.0,0.6,22.0,1000.0,1.0
2020,Vallès Oriental,Vinya de raïm per a vi,Wine grape,vine,vine,144.0,1604.0,1.604,0.0,0.0,
2020,Vallès Oriental,Olivera per a oliva d'oli,Oil olive,olive,olive,181.0,1810.0,1.81,18.0,3070.0,3.07
2021,Alt Camp,Pomera,Apple,pome_fruit,pome_fruit,2.0,8250.0,8.25,5.0,23000.0,23.0
2021,Alt Camp,Albercoquer,Apricot,stone_fruit,apricot,0.0,0.0,,1.0,5200.0,5.2
2021,Alt Camp,Cirerer i guinder,Cherry and sour cherry,stone_fruit,cherry,2.0,2000.0,2.0,59.0,6958.0,6.958
2021,Alt Camp,Presseguer,Peach,stone_fruit,stone_fruit,0.0,0.0,,1.0,13000.0,13.0
2021,Alt Camp,Pruner,Plum,stone_fruit,stone_fruit,0.0,0.0,,1.0,14000.0,14.0
2021,Alt Camp,Magraner,Pomegranate,other,other,2.0,5000.0,5.0,2.0,10000.0,10.0
2021,Alt Camp,Ametller,Almond,nut,almond,1426.0,400.0,0.4,247.0,2087.0,2.087
2021,Alt Camp,Noguera,Walnut,nut,walnut,13.0,800.0,0.8,29.0,2200.0,2.2
2021,Alt Camp,Avellaner,Hazelnut,nut,hazelnut,150.0,250.0,0.25,1675.0,800.0,0.8
2021,Alt Camp,Caqui,Persimmon,other,other,0.0,0.0,,9.0,12000.0,12.0
2021,Alt Camp,Vinya de raïm per a vi,Wine grape,vine,vine,6258.0,6307.0,6.307,23.0,7956.0,7.956
2021,Alt Camp,Olivera per a oliva d'oli,Oil olive,olive,olive,1303.0,1640.0,1.64,382.0,3488.0,3.488
2021,Alt Empordà,Pomera,Apple,pome_fruit,pome_fruit,0.0,0.0,,1172.0,45360.0,45.36
2021,Alt Empordà,Perera,Pear,pome_fruit,pome_fruit,0.0,0.0,,3.0,18012.0,18.012
2021,Alt Empordà,Albercoquer,Apricot,stone_fruit,apricot,0.0,0.0,,26.0,6000.0,6.0
2021,Alt Empordà,Cirerer i guinder,Cherry and sour cherry,stone_fruit,cherry,0.0,0.0,,91.0,3360.0,3.36
2021,Alt Empordà,Presseguer,Peach,stone_fruit,stone_fruit,0.0,0.0,,23.0,25403.0,25.403
2021,Alt Empordà,Nectariner,Nectarine,stone_fruit,stone_fruit,0.0,0.0,,3.0,26800.0,26.8
2021,Alt Empordà,Pruner,Plum,stone_fruit,stone_fruit,0.0,0.0,,3.0,8000.0,8.0
2021,Alt Empordà,Magraner,Pomegranate,other,other,1.0,10000.0,10.0,0.0,0.0,
2021,Alt Empordà,Ametller,Almond,nut,almond,3.0,500.0,0.5,4.0,800.0,0.8
2021,Alt Empordà,Noguera,Walnut,nut,walnut,6.0,700.0,0.7,75.0,1700.0,1.7
2021,Alt Empordà,Caqui,Persimmon,other,other,0.0,0.0,,2.0,20000.0,20.0
2021,Alt Empordà,Vinya de raïm per a vi,Wine grape,vine,vine,1737.0,4065.0,4.065,60.0,6000.0,6.0
2021,Alt Empordà,Olivera per a oliva d'oli,Oil olive,olive,olive,2171.0,700.0,0.7,173.0,1300.0,1.3
2021,Alt Penedès,Pomera,Apple,pome_fruit,pome_fruit,2.0,7800.0,7.8,10.0,19600.0,19.6
2021,Alt Penedès,Perera,Pear,pome_fruit,pome_fruit,0.0,0.0,,2.0,12900.0,12.9
2021,Alt Penedès,Albercoquer,Apricot,stone_fruit,apricot,0.0,0.0,,11.0,14400.0,14.4
2021,Alt Penedès,Cirerer i guinder,Cherry and sour cherry,stone_fruit,cherry,3.0,2600.0,2.6,41.0,4200.0,4.2
2021,Alt Penedès,Presseguer,Peach,stone_fruit,stone_fruit,37.0,6000.0,6.0,159.0,10700.0,10.7
2021,Alt Penedès,Nectariner,Nectarine,stone_fruit,stone_fruit,0.0,0.0,,10.0,11100.0,11.1
2021,Alt Penedès,Pruner,Plum,stone_fruit,stone_fruit,0.0,0.0,,15.0,8900.0,8.9
2021,Alt Penedès,Ametller,Almond,nut,almond,54.0,550.0,0.55,7.0,1300.0,1.3
2021,Alt Penedès,Noguera,Walnut,nut,walnut,2.0,1000.0,1.0,0.0,0.0,
2021,Alt Penedès,Avellaner,Hazelnut,nut,hazelnut,0.0,0.0,,1.0,1600.0,1.6
2021,Alt Penedès,Caqui,Persimmon,other,other,1.0,4100.0,4.1,2.0,13500.0,13.5
2021,Alt Penedès,Vinya de raïm per a vi,Wine grape,vine,vine,17291.0,8739.0,8.739,16.0,17500.0,17.5
2021,Alt Penedès,Olivera per a oliva d'oli,Oil olive,olive,olive,648.0,1000.0,1.0,79.0,2100.0,2.1
2021,Alt Urgell,Pomera,Apple,pome_fruit,pome_fruit,0.0,0.0,,18.0,31253.0,31.253
2021,Alt Urgell,Perera,Pear,pome_fruit,pome_fruit,0.0,0.0,,2.0,14985.0,14.985
2021,Alt Urgell,Ametller,Almond,nut,almond,7.0,510.0,0.51,0.0,0.0,
2021,Alt Urgell,Noguera,Walnut,nut,walnut,1.0,1420.0,1.42,0.0,0.0,
2021,Alt Urgell,Vinya de raïm per a vi,Wine grape,vine,vine,11.0,3700.0,3.7,0.0,0.0,
2021,Alt Urgell,Olivera per a oliva d'oli,Oil olive,olive,olive,47.0,910.0,0.91,4.0,3100.0,3.1
2021,Alta Ribagorça,Pomera,Apple,pome_fruit,pome_fruit,0.0,0.0,,11.0,34893.0,34.893
2021,Anoia,Pomera,Apple,pome_fruit,pome_fruit,1.0,10000.0,10.0,3.0,23900.0,23.9
2021,Anoia,Perera,Pear,pome_fruit,pome_fruit,1.0,6900.0,6.9,2.0,16500.0,16.5
2021,Anoia,Albercoquer,Apricot,stone_fruit,apricot,1.0,7900.0,7.9,2.0,14400.0,14.4
2021,Anoia,Cirerer i guinder,Cherry and sour cherry,stone_fruit,cherry,1.0,2600.0,2.6,13.0,4200.0,4.2
2021,Anoia,Presseguer,Peach,stone_fruit,stone_fruit,4.0,5300.0,5.3,75.0,9000.0,9.0
2021,Anoia,Nectariner,Nectarine,stone_fruit,stone_fruit,0.0,0.0,,2.0,12100.0,12.1
2021,Anoia,Pruner,Plum,stone_fruit,stone_fruit,0.0,0.0,,2.0,8800.0,8.8
2021,Anoia,Ametller,Almond,nut,almond,351.0,400.0,0.4,3.0,1000.0,1.0
2021,Anoia,Noguera,Walnut,nut,walnut,25.0,500.0,0.5,2.0,2300.0,2.3
2021,Anoia,Avellaner,Hazelnut,nut,hazelnut,3.0,500.0,0.5,0.0,0.0,
2021,Anoia,Vinya de raïm per a vi,Wine grape,vine,vine,2102.0,5298.0,5.298,3.0,14900.0,14.9
2021,Anoia,Olivera per a oliva d'oli,Oil olive,olive,olive,530.0,1000.0,1.0,25.0,2400.0,2.4
2021,Aran,Pomera,Apple,pome_fruit,pome_fruit,0.0,0.0,,1.0,25463.0,25.463
2021,Aran,Vinya de raïm per a vi,Wine grape,vine,vine,1.0,3300.0,3.3,0.0,0.0,
2021,Bages,Pomera,Apple,pome_fruit,pome_fruit,0.0,0.0,,2.0,24600.0,24.6
2021,Bages,Albercoquer,Apricot,stone_fruit,apricot,0.0,0.0,,2.0,14000.0,14.0
2021,Bages,Cirerer i guinder,Cherry and sour cherry,stone_fruit,cherry,0.0,0.0,,5.0,4000.0,4.0
2021,Bages,Presseguer,Peach,stone_fruit,stone_fruit,0.0,0.0,,8.0,12200.0,12.2
2021,Bages,Pruner,Plum,stone_fruit,stone_fruit,1.0,5700.0,5.7,1.0,8500.0,8.5
2021,Bages,Ametller,Almond,nut,almond,96.0,550.0,0.55,6.0,1200.0,1.2
2021,Bages,Noguera,Walnut,nut,walnut,5.0,600.0,0.6,11.0,2500.0,2.5
2021,Bages,Vinya de raïm per a vi,Wine grape,vine,vine,391.0,3392.0,3.392,30.0,10700.0,10.7
2021,Bages,Olivera per a oliva d'oli,Oil olive,olive,olive,189.0,900.0,0.9,39.0,2700.0,2.7
2021,Baix Camp,Pomera,Apple,pome_fruit,pome_fruit,0.0,0.0,,14.0,29400.0,29.4
2021,Baix Camp,Perera,Pear,pome_fruit,pome_fruit,0.0,0.0,,1.0,7500.0,7.5
2021,Baix Camp,Albercoquer,Apricot,stone_fruit,apricot,0.0,0.0,,15.0,5700.0,5.7
2021,Baix Camp,Cirerer i guinder,Cherry and sour cherry,stone_fruit,cherry,1.0,2000.0,2.0,14.0,6958.0,6.958
2021,Baix Camp,Presseguer,Peach,stone_fruit,stone_fruit,0.0,0.0,,53.0,13500.0,13.5
2021,Baix Camp,Nectariner,Nectarine,stone_fruit,stone_fruit,0.0,0.0,,1.0,14000.0,14.0
2021,Baix Camp,Pruner,Plum,stone_fruit,stone_fruit,0.0,0.0,,15.0,14000.0,14.0
2021,Baix Camp,Magraner,Pomegranate,other,other,3.0,5000.0,5.0,2.0,10000.0,10.0
2021,Baix Camp,Ametller,Almond,nut,almond,537.0,400.0,0.4,465.0,2087.0,2.087
2021,Baix Camp,Noguera,Walnut,nut,walnut,3.0,800.0,0.8,20.0,2200.0,2.2
2021,Baix Camp,Avellaner,Hazelnut,nut,hazelnut,1456.0,250.0,0.25,3527.0,800.0,0.8
2021,Baix Camp,Vinya de raïm per a vi,Wine grape,vine,vine,215.0,5948.0,5.948,6.0,7916.0,7.916
2021,Baix Camp,Olivera per a oliva d'oli,Oil olive,olive,olive,2504.0,1720.0,1.72,3892.0,3920.0,3.92
2021,Baix Ebre,Pomera,Apple,pome_fruit,pome_fruit,0.0,0.0,,1.0,23000.0,23.0
2021,Baix Ebre,Perera,Pear,pome_fruit,pome_fruit,0.0,0.0,,15.0,7500.0,7.5
2021,Baix Ebre,Albercoquer,Apricot,stone_fruit,apricot,0.0,0.0,,14.0,5700.0,5.7
2021,Baix Ebre,Cirerer i guinder,Cherry and sour cherry,stone_fruit,cherry,2.0,2000.0,2.0,58.0,6958.0,6.958
2021,Baix Ebre,Presseguer,Peach,stone_fruit,stone_fruit,0.0,0.0,,95.0,14100.0,14.1
2021,Baix Ebre,Nectariner,Nectarine,stone_fruit,stone_fruit,0.0,0.0,,18.0,14000.0,14.0
2021,Baix Ebre,Pruner,Plum,stone_fruit,stone_fruit,0.0,0.0,,4.0,14000.0,14.0
2021,Baix Ebre,Magraner,Pomegranate,other,other,0.0,0.0,,1.0,10000.0,10.0
2021,Baix Ebre,Ametller,Almond,nut,almond,981.0,400.0,0.4,327.0,2087.0,2.087
2021,Baix Ebre,Noguera,Walnut,nut,walnut,0.0,0.0,,4.0,2200.0,2.2
2021,Baix Ebre,Caqui,Persimmon,other,other,0.0,0.0,,3.0,12000.0,12.0
2021,Baix Ebre,Vinya de raïm per a vi,Wine grape,vine,vine,22.0,8187.0,8.187,13.0,9239.0,9.239
2021,Baix Ebre,Olivera per a oliva d'oli,Oil olive,olive,olive,17266.0,1714.0,1.714,1385.0,2520.0,2.52
2021,Baix Empordà,Pomera,Apple,pome_fruit,pome_fruit,0.0,0.0,,987.0,45362.0,45.362
2021,Baix Empordà,Perera,Pear,pome_fruit,pome_fruit,0.0,0.0,,8.0,18012.0,18.012
2021,Baix Empordà,Albercoquer,Apricot,stone_fruit,apricot,0.0,0.0,,5.0,6000.0,6.0
2021,Baix Empordà,Cirerer i guinder,Cherry and sour cherry,stone_fruit,cherry,0.0,0.0,,2.0,3352.0,3.352
2021,Baix Empordà,Presseguer,Peach,stone_fruit,stone_fruit,0.0,0.0,,23.0,25403.0,25.403
2021,Baix Empordà,Nectariner,Nectarine,stone_fruit,stone_fruit,0.0,0.0,,2.0,26800.0,26.8
2021,Baix Empordà,Pruner,Plum,stone_fruit,stone_fruit,0.0,0.0,,2.0,8000.0,8.0
2021,Baix Empordà,Ametller,Almond,nut,almond,1.0,550.0,0.55,1.0,1900.0,1.9
2021,Baix Empordà,Noguera,Walnut,nut,walnut,0.0,0.0,,4.0,2000.0,2.0
2021,Baix Empordà,Vinya de raïm per a vi,Wine grape,vine,vine,253.0,3955.0,3.955,11.0,6000.0,6.0
2021,Baix Empordà,Olivera per a oliva d'oli,Oil olive,olive,olive,539.0,900.0,0.9,27.0,1500.0,1.5
2021,Baix Llobregat,Pomera,Apple,pome_fruit,pome_fruit,0.0,0.0,,14.0,28000.0,28.0
2021,Baix Llobregat,Perera,Pear,pome_fruit,pome_fruit,1.0,8400.0,8.4,15.0,16200.0,16.2
2021,Baix Llobregat,Albercoquer,Apricot,stone_fruit,apricot,1.0,7100.0,7.1,9.0,12900.0,12.9
2021,Baix Llobregat,Cirerer i guinder,Cherry and sour cherry,stone_fruit,cherry,26.0,2000.0,2.0,113.0,2825.0,2.825
2021,Baix Llobregat,Presseguer,Peach,stone_fruit,stone_fruit,6.0,8000.0,8.0,78.0,12100.0,12.1
2021,Baix Llobregat,Nectariner,Nectarine,stone_fruit,stone_fruit,0.0,0.0,,3.0,12800.0,12.8
2021,Baix Llobregat,Pruner,Plum,stone_fruit,stone_fruit,3.0,5800.0,5.8,37.0,8700.0,8.7
2021,Baix Llobregat,Ametller,Almond,nut,almond,17.0,550.0,0.55,0.0,0.0,
2021,Baix Llobregat,Caqui,Persimmon,other,other,2.0,3900.0,3.9,2.0,11400.0,11.4
2021,Baix Llobregat,Vinya de raïm per a vi,Wine grape,vine,vine,273.0,4839.0,4.839,1.0,17000.0,17.0
2021,Baix Llobregat,Olivera per a oliva d'oli,Oil olive,olive,olive,433.0,1200.0,1.2,38.0,2900.0,2.9
2021,Baix Penedès,Pomera,Apple,pome_fruit,pome_fruit,0.0,0.0,,5.0,23000.0,23.0
2021,Baix Penedès,Cirerer i guinder,Cherry and sour cherry,stone_fruit,cherry,0.0,0.0,,7.0,6958.0,6.958
2021,Baix Penedès,Presseguer,Peach,stone_fruit,stone_fruit,0.0,0.0,,19.0,13500.0,13.5
2021,Baix Penedès,Ametller,Almond,nut,almond,197.0,400.0,0.4,36.0,2087.0,2.087
2021,Baix Penedès,Vinya de raïm per a vi,Wine grape,vine,vine,3569.0,10344.0,10.344,36.0,11393.0,11.393
2021,Baix Penedès,Olivera per a oliva d'oli,Oil olive,olive,olive,1106.0,1668.0,1.668,111.0,3216.0,3.216
2021,Barcelonès,Vinya de raïm per a vi,Wine grape,vine,vine,3.0,3383.0,3.383,0.0,0.0,
2021,Berguedà,Pomera,Apple,pome_fruit,pome_fruit,0.0,0.0,,1.0,22500.0,22.5
2021,Berguedà,Noguera,Walnut,nut,walnut,1.0,900.0,0.9,0.0,0.0,
2021,Cerdanya,Pomera,Apple,pome_fruit,pome_fruit,0.0,0.0,,7.0,45363.0,45.363
2021,Cerdanya,Vinya de raïm per a vi,Wine grape,vine,vine,8.0,3601.0,3.601,0.0,0.0,
2021,Conca de Barberà,Pomera,Apple,pome_fruit,pome_fruit,0.0,0.0,,2.0,20000.0,20.0
2021,Conca de Barberà,Albercoquer,Apricot,stone_fruit,apricot,0.0,0.0,,1.0,5500.0,5.5
2021,Conca de Barberà,Cirerer i guinder,Cherry and sour cherry,stone_fruit,cherry,1.0,2000.0,2.0,27.0,6958.0,6.958
2021,Conca de Barberà,Ametller,Almond,nut,almond,676.0,300.0,0.3,14.0,2087.0,2.087
2021,Conca de Barberà,Noguera,Walnut,nut,walnut,11.0,800.0,0.8,31.0,2200.0,2.2
2021,Conca de Barberà,Avellaner,Hazelnut,nut,hazelnut,327.0,250.0,0.25,56.0,800.0,0.8
2021,Conca de Barberà,Caqui,Persimmon,other,other,3.0,6000.0,6.0,0.0,0.0,
2021,Conca de Barberà,Vinya de raïm per a vi,Wine grape,vine,vine,4010.0,10578.0,10.578,28.0,13007.0,13.007
2021,Conca de Barberà,Olivera per a oliva d'oli,Oil olive,olive,olive,868.0,1314.0,1.314,36.0,2760.0,2.76
2021,Garraf,Pomera,Apple,pome_fruit,pome_fruit,1.0,12900.0,12.9,1.0,24600.0,24.6
2021,Garraf,Perera,Pear,pome_fruit,pome_fruit,0.0,0.0,,1.0,17000.0,17.0
2021,Garraf,Albercoquer,Apricot,stone_fruit,apricot,0.0,0.0,,3.0,14500.0,14.5
2021,Garraf,Cirerer i guinder,Cherry and sour cherry,stone_fruit,cherry,0.0,0.0,,2.0,4000.0,4.0
2021,Garraf,Presseguer,Peach,stone_fruit,stone_fruit,2.0,7600.0,7.6,3.0,13600.0,13.6
2021,Garraf,Pruner,Plum,stone_fruit,stone_fruit,0.0,0.0,,2.0,8500.0,8.5
2021,Garraf,Ametller,Almond,nut,almond,4.0,550.0,0.55,0.0,0.0,
2021,Garraf,Vinya de raïm per a vi,Wine grape,vine,vine,854.0,7940.0,7.94,0.0,0.0,
2021,Garraf,Olivera per a oliva d'oli,Oil olive,olive,olive,58.0,900.0,0.9,3.0,2400.0,2.4
2021,Garrigues,Pomera,Apple,pome_fruit,pome_fruit,0.0,0.0,,427.0,29082.0,29.082
2021,Garrigues,Perera,Pear,pome_fruit,pome_fruit,0.0,0.0,,531.0,12851.0,12.851
2021,Garrigues,Albercoquer,Apricot,stone_fruit,apricot,0.0,0.0,,61.0,3171.0,3.171
2021,Garrigues,Cirerer i guinder,Cherry and sour cherry,stone_fruit,cherry,0.0,0.0,,30.0,3910.0,3.91
2021,Garrigues,Presseguer,Peach,stone_fruit,stone_fruit,0.0,0.0,,153.0,20200.0,20.2
2021,Garrigues,Nectariner,Nectarine,stone_fruit,stone_fruit,0.0,0.0,,173.0,17560.0,17.56
2021,Garrigues,Pruner,Plum,stone_fruit,stone_fruit,0.0,0.0,,46.0,15150.0,15.15
2021,Garrigues,Magraner,Pomegranate,other,other,1.0,8960.0,8.96,1.0,16090.0,16.09
2021,Garrigues,Ametller,Almond,nut,almond,4531.0,410.0,0.41,1308.0,1080.0,1.08
2021,Garrigues,Noguera,Walnut,nut,walnut,16.0,1380.0,1.38,15.0,3960.0,3.96
2021,Garrigues,Avellaner,Hazelnut,nut,hazelnut,3.0,502.0,0.502,1.0,1513.0,1.513
2021,Garrigues,Caqui,Persimmon,other,other,0.0,0.0,,3.0,25660.0,25.66
2021,Garrigues,Vinya de raïm per a vi,Wine grape,vine,vine,385.0,5500.0,5.5,207.0,9750.0,9.75
2021,Garrigues,Olivera per a oliva d'oli,Oil olive,olive,olive,14099.0,830.0,0.83,6063.0,3041.0,3.041
2021,Garrotxa,Albercoquer,Apricot,stone_fruit,apricot,0.0,0.0,,1.0,6000.0,6.0
2021,Garrotxa,Noguera,Walnut,nut,walnut,4.0,500.0,0.5,0.0,0.0,
2021,Garrotxa,Vinya de raïm per a vi,Wine grape,vine,vine,4.0,3675.0,3.675,0.0,0.0,
2021,Garrotxa,Olivera per a oliva d'oli,Oil olive,olive,olive,5.0,1200.0,1.2,0.0,0.0,
2021,Gironès,Pomera,Apple,pome_fruit,pome_fruit,0.0,0.0,,49.0,45363.0,45.363
2021,Gironès,Perera,Pear,pome_fruit,pome_fruit,0.0,0.0,,106.0,18012.0,18.012
2021,Gironès,Presseguer,Peach,stone_fruit,stone_fruit,0.0,0.0,,4.0,25404.0,25.404
2021,Gironès,Pruner,Plum,stone_fruit,stone_fruit,0.0,0.0,,2.0,8000.0,8.0
2021,Gironès,Noguera,Walnut,nut,walnut,2.0,350.0,0.35,12.0,600.0,0.6
2021,Gironès,Avellaner,Hazelnut,nut,hazelnut,49.0,700.0,0.7,60.0,910.0,0.91
2021,Gironès,Vinya de raïm per a vi,Wine grape,vine,vine,37.0,3680.0,3.68,0.0,0.0,
2021,Gironès,Olivera per a oliva d'oli,Oil olive,olive,olive,39.0,1300.0,1.3,10.0,1450.0,1.45
2021,Maresme,Pomera,Apple,pome_fruit,pome_fruit,0.0,0.0,,1.0,26700.0,26.7
2021,Maresme,Perera,Pear,pome_fruit,pome_fruit,0.0,0.0,,1.0,17300.0,17.3
2021,Maresme,Cirerer i guinder,Cherry and sour cherry,stone_fruit,cherry,5.0,2500.0,2.5,2.0,4000.0,4.0
2021,Maresme,Presseguer,Peach,stone_fruit,stone_fruit,0.0,0.0,,1.0,13600.0,13.6
2021,Maresme,Pruner,Plum,stone_fruit,stone_fruit,0.0,0.0,,1.0,8300.0,8.3
2021,Maresme,Ametller,Almond,nut,almond,1.0,550.0,0.55,2.0,1000.0,1.0
2021,Maresme,Vinya de raïm per a vi,Wine grape,vine,vine,150.0,2320.0,2.32,42.0,3000.0,3.0
2021,Maresme,Olivera per a oliva d'oli,Oil olive,olive,olive,5.0,1500.0,1.5,11.0,3000.0,3.0
2021,Moianès,Ametller,Almond,nut,almond,5.0,300.0,0.3,0.0,0.0,
2021,Moianès,Noguera,Walnut,nut,walnut,0.0,0.0,,13.0,2500.0,2.5
2021,Moianès,Vinya de raïm per a vi,Wine grape,vine,vine,11.0,1790.0,1.79,0.0,0.0,
2021,Moianès,Olivera per a oliva d'oli,Oil olive,olive,olive,6.0,500.0,0.5,0.0,0.0,
2021,Montsià,Pomera,Apple,pome_fruit,pome_fruit,0.0,0.0,,3.0,23000.0,23.0
2021,Montsià,Perera,Pear,pome_fruit,pome_fruit,0.0,0.0,,2.0,7500.0,7.5
2021,Montsià,Albercoquer,Apricot,stone_fruit,apricot,0.0,0.0,,10.0,5700.0,5.7
2021,Montsià,Cirerer i guinder,Cherry and sour cherry,stone_fruit,cherry,1.0,2000.0,2.0,24.0,6958.0,6.958
2021,Montsià,Presseguer,Peach,stone_fruit,stone_fruit,2.0,6000.0,6.0,49.0,13500.0,13.5
2021,Montsià,Nectariner,Nectarine,stone_fruit,stone_fruit,0.0,0.0,,8.0,14000.0,14.0
2021,Montsià,Pruner,Plum,stone_fruit,stone_fruit,0.0,0.0,,2.0,14000.0,14.0
2021,Montsià,Magraner,Pomegranate,other,other,2.0,5000.0,5.0,35.0,10000.0,10.0
2021,Montsià,Ametller,Almond,nut,almond,333.0,400.0,0.4,199.0,2087.0,2.087
2021,Montsià,Noguera,Walnut,nut,walnut,1.0,800.0,0.8,3.0,2200.0,2.2
2021,Montsià,Caqui,Persimmon,other,other,0.0,0.0,,2.0,12000.0,12.0
2021,Montsià,Vinya de raïm per a vi,Wine grape,vine,vine,5.0,8182.0,8.182,2.0,9239.0,9.239
2021,Montsià,Olivera per a oliva d'oli,Oil olive,olive,olive,14006.0,1539.0,1.539,1087.0,2760.0,2.76
2021,Noguera,Pomera,Apple,pome_fruit,pome_fruit,0.0,0.0,,672.0,32777.0,32.777
2021,Noguera,Perera,Pear,pome_fruit,pome_fruit,0.0,0.0,,1056.0,15088.0,15.088
2021,Noguera,Albercoquer,Apricot,stone_fruit,apricot,0.0,0.0,,40.0,1305.0,1.305
2021,Noguera,Cirerer i guinder,Cherry and sour cherry,stone_fruit,cherry,0.0,0.0,,26.0,3945.0,3.945
2021,Noguera,Presseguer,Peach,stone_fruit,stone_fruit,0.0,0.0,,584.0,20970.0,20.97
2021,Noguera,Nectariner,Nectarine,stone_fruit,stone_fruit,0.0,0.0,,544.0,16360.0,16.36
2021,Noguera,Pruner,Plum,stone_fruit,stone_fruit,0.0,0.0,,5.0,15000.0,15.0
2021,Noguera,Ametller,Almond,nut,almond,1018.0,600.0,0.6,423.0,1460.0,1.46
2021,Noguera,Noguera,Walnut,nut,walnut,12.0,1560.0,1.56,39.0,4010.0,4.01
2021,Noguera,Caqui,Persimmon,other,other,0.0,0.0,,1.0,25580.0,25.58
2021,Noguera,Vinya de raïm per a vi,Wine grape,vine,vine,101.0,4200.0,4.2,216.0,8400.0,8.4
2021,Noguera,Olivera per a oliva d'oli,Oil olive,olive,olive,1213.0,860.0,0.86,291.0,3040.0,3.04
2021,Osona,Albercoquer,Apricot,stone_fruit,apricot,0.0,0.0,,1.0,14000.0,14.0
2021,Osona,Cirerer i guinder,Cherry and sour cherry,stone_fruit,cherry,0.0,0.0,,1.0,2500.0,2.5
2021,Osona,Noguera,Walnut,nut,walnut,24.0,1900.0,1.9,9.0,3100.0,3.1
2021,Osona,Vinya de raïm per a vi,Wine grape,vine,vine,4.0,2600.0,2.6,3.0,0.0,
2021,Osona,Olivera per a oliva d'oli,Oil olive,olive,olive,2.0,1300.0,1.3,0.0,0.0,
2021,Pallars Jussà,Pomera,Apple,pome_fruit,pome_fruit,0.0,0.0,,4.0,21535.0,21.535
2021,Pallars Jussà,Perera,Pear,pome_fruit,pome_fruit,0.0,0.0,,1.0,14985.0,14.985
2021,Pallars Jussà,Albercoquer,Apricot,stone_fruit,apricot,0.0,0.0,,1.0,5906.0,5.906
2021,Pallars Jussà,Cirerer i guinder,Cherry and sour cherry,stone_fruit,cherry,0.0,0.0,,4.0,3542.0,3.542
2021,Pallars Jussà,Presseguer,Peach,stone_fruit,stone_fruit,0.0,0.0,,3.0,19780.0,19.78
2021,Pallars Jussà,Pruner,Plum,stone_fruit,stone_fruit,0.0,0.0,,1.0,14850.0,14.85
2021,Pallars Jussà,Ametller,Almond,nut,almond,1303.0,400.0,0.4,46.0,1170.0,1.17
2021,Pallars Jussà,Noguera,Walnut,nut,walnut,45.0,1430.0,1.43,16.0,4000.0,4.0
2021,Pallars Jussà,Vinya de raïm per a vi,Wine grape,vine,vine,213.0,4155.0,4.155,48.0,8400.0,8.4
2021,Pallars Jussà,Olivera per a oliva d'oli,Oil olive,olive,olive,744.0,940.0,0.94,14.0,3280.0,3.28
2021,Pallars Sobirà,Pomera,Apple,pome_fruit,pome_fruit,0.0,0.0,,3.0,28624.0,28.624
2021,Pallars Sobirà,Noguera,Walnut,nut,walnut,1.0,1420.0,1.42,5.0,3820.0,3.82
2021,Pallars Sobirà,Vinya de raïm per a vi,Wine grape,vine,vine,5.0,3200.0,3.2,6.0,6500.0,6.5
2021,Pallars Sobirà,Olivera per a oliva d'oli,Oil olive,olive,olive,1.0,930.0,0.93,0.0,0.0,
2021,Pla d'Urgell,Pomera,Apple,pome_fruit,pome_fruit,0.0,0.0,,1904.0,35304.0,35.304
2021,Pla d'Urgell,Perera,Pear,pome_fruit,pome_fruit,0.0,0.0,,1072.0,15005.0,15.005
2021,Pla d'Urgell,Albercoquer,Apricot,stone_fruit,apricot,0.0,0.0,,38.0,4307.0,4.307
2021,Pla d'Urgell,Cirerer i guinder,Cherry and sour cherry,stone_fruit,cherry,1.0,2132.0,2.132,6.0,4037.0,4.037
2021,Pla d'Urgell,Presseguer,Peach,stone_fruit,stone_fruit,0.0,0.0,,252.0,21070.0,21.07
2021,Pla d'Urgell,Nectariner,Nectarine,stone_fruit,stone_fruit,0.0,0.0,,231.0,17850.0,17.85
2021,Pla d'Urgell,Pruner,Plum,stone_fruit,stone_fruit,0.0,0.0,,11.0,15300.0,15.3
2021,Pla d'Urgell,Magraner,Pomegranate,other,other,0.0,0.0,,3.0,16370.0,16.37
2021,Pla d'Urgell,Ametller,Almond,nut,almond,18.0,400.0,0.4,101.0,1210.0,1.21
2021,Pla d'Urgell,Noguera,Walnut,nut,walnut,3.0,1570.0,1.57,105.0,4010.0,4.01
2021,Pla d'Urgell,Olivera per a oliva d'oli,Oil olive,olive,olive,28.0,950.0,0.95,62.0,3400.0,3.4
2021,Pla de l'Estany,Noguera,Walnut,nut,walnut,23.0,2400.0,2.4,47.0,4000.0,4.0
2021,Pla de l'Estany,Vinya de raïm per a vi,Wine grape,vine,vine,1.0,3675.0,3.675,0.0,0.0,
2021,Pla de l'Estany,Olivera per a oliva d'oli,Oil olive,olive,olive,26.0,1577.0,1.577,6.0,1710.0,1.71
2021,Priorat,Pomera,Apple,pome_fruit,pome_fruit,0.0,0.0,,3.0,20000.0,20.0
2021,Priorat,Albercoquer,Apricot,stone_fruit,apricot,1.0,900.0,0.9,2.0,5500.0,5.5
2021,Priorat,Cirerer i guinder,Cherry and sour cherry,stone_fruit,cherry,4.0,2000.0,2.0,81.0,6958.0,6.958
2021,Priorat,Presseguer,Peach,stone_fruit,stone_fruit,0.0,0.0,,21.0,13000.0,13.0
2021,Priorat,Pruner,Plum,stone_fruit,stone_fruit,0.0,0.0,,1.0,14000.0,14.0
2021,Priorat,Ametller,Almond,nut,almond,574.0,300.0,0.3,136.0,2087.0,2.087
2021,Priorat,Noguera,Walnut,nut,walnut,2.0,800.0,0.8,0.0,0.0,
2021,Priorat,Avellaner,Hazelnut,nut,hazelnut,423.0,200.0,0.2,105.0,700.0,0.7
2021,Priorat,Vinya de raïm per a vi,Wine grape,vine,vine,3156.0,3834.0,3.834,332.0,5141.0,5.141
2021,Priorat,Olivera per a oliva d'oli,Oil olive,olive,olive,1323.0,1308.0,1.308,1190.0,2760.0,2.76
2021,Ribera d'Ebre,Pomera,Apple,pome_fruit,pome_fruit,0.0,0.0,,1.0,24000.0,24.0
2021,Ribera d'Ebre,Perera,Pear,pome_fruit,pome_fruit,0.0,0.0,,59.0,7500.0,7.5
2021,Ribera d'Ebre,Albercoquer,Apricot,stone_fruit,apricot,3.0,921.0,0.921,141.0,5776.0,5.776
2021,Ribera d'Ebre,Cirerer i guinder,Cherry and sour cherry,stone_fruit,cherry,35.0,2000.0,2.0,879.0,6958.0,6.958
2021,Ribera d'Ebre,Presseguer,Peach,stone_fruit,stone_fruit,3.0,6000.0,6.0,680.0,14832.0,14.832
2021,Ribera d'Ebre,Nectariner,Nectarine,stone_fruit,stone_fruit,0.0,0.0,,421.0,14168.0,14.168
2021,Ribera d'Ebre,Pruner,Plum,stone_fruit,stone_fruit,0.0,0.0,,49.0,14678.0,14.678
2021,Ribera d'Ebre,Magraner,Pomegranate,other,other,1.0,5000.0,5.0,2.0,10000.0,10.0
2021,Ribera d'Ebre,Ametller,Almond,nut,almond,2620.0,300.0,0.3,951.0,2087.0,2.087
2021,Ribera d'Ebre,Noguera,Walnut,nut,walnut,0.0,0.0,,4.0,2200.0,2.2
2021,Ribera d'Ebre,Avellaner,Hazelnut,nut,hazelnut,87.0,200.0,0.2,8.0,700.0,0.7
2021,Ribera d'Ebre,Vinya de raïm per a vi,Wine grape,vine,vine,855.0,6085.0,6.085,158.0,5615.0,5.615
2021,Ribera d'Ebre,Olivera per a oliva d'oli,Oil olive,olive,olive,4505.0,1040.0,1.04,3618.0,2760.0,2.76
2021,Segarra,Ametller,Almond,nut,almond,542.0,630.0,0.63,7.0,1570.0,1.57
2021,Segarra,Noguera,Walnut,nut,walnut,7.0,1410.0,1.41,5.0,4020.0,4.02
2021,Segarra,Vinya de raïm per a vi,Wine grape,vine,vine,86.0,5180.0,5.18,0.0,0.0,
2021,Segarra,Olivera per a oliva d'oli,Oil olive,olive,olive,406.0,840.0,0.84,2.0,2940.0,2.94
2021,Segrià,Pomera,Apple,pome_fruit,pome_fruit,0.0,0.0,,1473.0,34241.0,34.241
2021,Segrià,Perera,Pear,pome_fruit,pome_fruit,13.0,9247.0,9.247,5370.0,15627.0,15.627
2021,Segrià,Albercoquer,Apricot,stone_fruit,apricot,87.0,3689.0,3.689,1353.0,4941.0,4.941
2021,Segrià,Cirerer i guinder,Cherry and sour cherry,stone_fruit,cherry,0.0,0.0,,711.0,4048.0,4.048
2021,Segrià,Presseguer,Peach,stone_fruit,stone_fruit,12.0,12060.0,12.06,7377.0,21545.0,21.545
2021,Segrià,Nectariner,Nectarine,stone_fruit,stone_fruit,0.0,0.0,,6718.0,17340.0,17.34
2021,Segrià,Pruner,Plum,stone_fruit,stone_fruit,0.0,0.0,,150.0,15250.0,15.25
2021,Segrià,Magraner,Pomegranate,other,other,0.0,0.0,,69.0,16370.0,16.37
2021,Segrià,Ametller,Almond,nut,almond,2227.0,600.0,0.6,2970.0,1532.0,1.532
2021,Segrià,Noguera,Walnut,nut,walnut,5.0,1570.0,1.57,122.0,3980.0,3.98
2021,Segrià,Caqui,Persimmon,other,other,0.0,0.0,,48.0,25580.0,25.58
2021,Segrià,Vinya de raïm per a vi,Wine grape,vine,vine,48.0,4200.0,4.2,1954.0,9130.0,9.13
2021,Segrià,Olivera per a oliva d'oli,Oil olive,olive,olive,8190.0,840.0,0.84,2425.0,3365.0,3.365
2021,Selva,Pomera,Apple,pome_fruit,pome_fruit,0.0,0.0,,31.0,45363.0,45.363
2021,Selva,Perera,Pear,pome_fruit,pome_fruit,0.0,0.0,,53.0,18011.0,18.011
2021,Selva,Presseguer,Peach,stone_fruit,stone_fruit,0.0,0.0,,2.0,25404.0,25.404
2021,Selva,Ametller,Almond,nut,almond,0.0,0.0,,1.0,1000.0,1.0
2021,Selva,Noguera,Walnut,nut,walnut,0.0,0.0,,26.0,800.0,0.8
2021,Selva,Avellaner,Hazelnut,nut,hazelnut,402.0,550.0,0.55,383.0,725.0,0.725
2021,Selva,Vinya de raïm per a vi,Wine grape,vine,vine,30.0,3998.0,3.998,3.0,5760.0,5.76
2021,Selva,Olivera per a oliva d'oli,Oil olive,olive,olive,29.0,1300.0,1.3,16.0,2200.0,2.2
2021,Solsonès,Pomera,Apple,pome_fruit,pome_fruit,0.0,0.0,,12.0,25408.0,25.408
2021,Solsonès,Noguera,Walnut,nut,walnut,3.0,1540.0,1.54,1.0,4000.0,4.0
2021,Solsonès,Vinya de raïm per a vi,Wine grape,vine,vine,5.0,3150.0,3.15,0.0,0.0,
2021,Solsonès,Olivera per a oliva d'oli,Oil olive,olive,olive,7.0,920.0,0.92,0.0,0.0,
2021,Tarragonès,Albercoquer,Apricot,stone_fruit,apricot,0.0,0.0,,10.0,5500.0,5.5
2021,Tarragonès,Presseguer,Peach,stone_fruit,stone_fruit,0.0,0.0,,27.0,13500.0,13.5
2021,Tarragonès,Nectariner,Nectarine,stone_fruit,stone_fruit,0.0,0.0,,1.0,14000.0,14.0
2021,Tarragonès,Pruner,Plum,stone_fruit,stone_fruit,0.0,0.0,,2.0,14000.0,14.0
2021,Tarragonès,Ametller,Almond,nut,almond,138.0,400.0,0.4,159.0,2087.0,2.087
2021,Tarragonès,Noguera,Walnut,nut,walnut,7.0,800.0,0.8,79.0,2200.0,2.2
2021,Tarragonès,Avellaner,Hazelnut,nut,hazelnut,133.0,300.0,0.3,1583.0,800.0,0.8
2021,Tarragonès,Vinya de raïm per a vi,Wine grape,vine,vine,1264.0,6623.0,6.623,7.0,7679.0,7.679
2021,Tarragonès,Olivera per a oliva d'oli,Oil olive,olive,olive,1012.0,1884.0,1.884,616.0,3892.0,3.892
2021,Terra Alta,Pomera,Apple,pome_fruit,pome_fruit,2.0,7800.0,7.8,3.0,21000.0,21.0
2021,Terra Alta,Perera,Pear,pome_fruit,pome_fruit,0.0,0.0,,1.0,7500.0,7.5
2021,Terra Alta,Albercoquer,Apricot,stone_fruit,apricot,0.0,0.0,,2.0,5200.0,5.2
2021,Terra Alta,Cirerer i guinder,Cherry and sour cherry,stone_fruit,cherry,32.0,2000.0,2.0,168.0,6958.0,6.958
2021,Terra Alta,Presseguer,Peach,stone_fruit,stone_fruit,9.0,6000.0,6.0,26.0,13000.0,13.0
2021,Terra Alta,Nectariner,Nectarine,stone_fruit,stone_fruit,0.0,0.0,,2.0,14000.0,14.0
2021,Terra Alta,Magraner,Pomegranate,other,other,1.0,5000.0,5.0,0.0,0.0,
2021,Terra Alta,Ametller,Almond,nut,almond,7761.0,400.0,0.4,925.0,2087.0,2.087
2021,Terra Alta,Noguera,Walnut,nut,walnut,17.0,800.0,0.8,7.0,2200.0,2.2
2021,Terra Alta,Avellaner,Hazelnut,nut,hazelnut,428.0,300.0,0.3,122.0,700.0,0.7
2021,Terra Alta,Vinya de raïm per a vi,Wine grape,vine,vine,5714.0,8219.0,8.219,186.0,9985.0,9.985
2021,Terra Alta,Olivera per a oliva d'oli,Oil olive,olive,olive,4505.0,1314.0,1.314,1093.0,2760.0,2.76
2021,Urgell,Pomera,Apple,pome_fruit,pome_fruit,3.0,12700.0,12.7,1191.0,34885.0,34.885
2021,Urgell,Perera,Pear,pome_fruit,pome_fruit,0.0,0.0,,441.0,12043.0,12.043
2021,Urgell,Presseguer,Peach,stone_fruit,stone_fruit,0.0,0.0,,15.0,20380.0,20.38
2021,Urgell,Nectariner,Nectarine,stone_fruit,stone_fruit,0.0,0.0,,25.0,16340.0,16.34
2021,Urgell,Ametller,Almond,nut,almond,1782.0,600.0,0.6,520.0,1520.0,1.52
2021,Urgell,Noguera,Walnut,nut,walnut,4.0,1410.0,1.41,24.0,4010.0,4.01
2021,Urgell,Avellaner,Hazelnut,nut,hazelnut,0.0,0.0,,2.0,1675.0,1.675
2021,Urgell,Vinya de raïm per a vi,Wine grape,vine,vine,848.0,8180.0,8.18,449.0,16270.0,16.27
2021,Urgell,Olivera per a oliva d'oli,Oil olive,olive,olive,2806.0,930.0,0.93,403.0,3600.0,3.6
2021,Vallès Occidental,Pomera,Apple,pome_fruit,pome_fruit,0.0,0.0,,1.0,23100.0,23.1
2021,Vallès Occidental,Perera,Pear,pome_fruit,pome_fruit,0.0,0.0,,1.0,17200.0,17.2
2021,Vallès Occidental,Albercoquer,Apricot,stone_fruit,apricot,1.0,6800.0,6.8,2.0,14600.0,14.6
2021,Vallès Occidental,Cirerer i guinder,Cherry and sour cherry,stone_fruit,cherry,1.0,2500.0,2.5,11.0,3500.0,3.5
2021,Vallès Occidental,Presseguer,Peach,stone_fruit,stone_fruit,5.0,7600.0,7.6,7.0,13500.0,13.5
2021,Vallès Occidental,Pruner,Plum,stone_fruit,stone_fruit,0.0,0.0,,2.0,9900.0,9.9
2021,Vallès Occidental,Ametller,Almond,nut,almond,8.0,550.0,0.55,3.0,1300.0,1.3
2021,Vallès Occidental,Noguera,Walnut,nut,walnut,5.0,600.0,0.6,0.0,0.0,
2021,Vallès Occidental,Avellaner,Hazelnut,nut,hazelnut,3.0,400.0,0.4,2.0,1400.0,1.4
2021,Vallès Occidental,Vinya de raïm per a vi,Wine grape,vine,vine,25.0,1190.0,1.19,1.0,3900.0,3.9
2021,Vallès Occidental,Olivera per a oliva d'oli,Oil olive,olive,olive,181.0,1600.0,1.6,7.0,2500.0,2.5
2021,Vallès Oriental,Cirerer i guinder,Cherry and sour cherry,stone_fruit,cherry,0.0,0.0,,2.0,4000.0,4.0
2021,Vallès Oriental,Presseguer,Peach,stone_fruit,stone_fruit,0.0,0.0,,3.0,13600.0,13.6
2021,Vallès Oriental,Nectariner,Nectarine,stone_fruit,stone_fruit,0.0,0.0,,1.0,12600.0,12.6
2021,Vallès Oriental,Ametller,Almond,nut,almond,8.0,550.0,0.55,0.0,0.0,
2021,Vallès Oriental,Noguera,Walnut,nut,walnut,0.0,0.0,,1.0,2700.0,2.7
2021,Vallès Oriental,Avellaner,Hazelnut,nut,hazelnut,34.0,500.0,0.5,27.0,1400.0,1.4
2021,Vallès Oriental,Vinya de raïm per a vi,Wine grape,vine,vine,144.0,3650.0,3.65,0.0,0.0,
2021,Vallès Oriental,Olivera per a oliva d'oli,Oil olive,olive,olive,179.0,1700.0,1.7,18.0,3000.0,3.0
2022,Alt Camp,Pomera,Apple,pome_fruit,pome_fruit,1.0,9000.0,9.0,5.0,24000.0,24.0
2022,Alt Camp,Perera,Pear,pome_fruit,pome_fruit,0.0,0.0,,1.0,7400.0,7.4
2022,Alt Camp,Cirerer i guinder,Cherry and sour cherry,stone_fruit,cherry,36.0,1200.0,1.2,33.0,3272.0,3.272
2022,Alt Camp,Presseguer,Peach,stone_fruit,stone_fruit,0.0,0.0,,5.0,9800.0,9.8
2022,Alt Camp,Pruner,Plum,stone_fruit,stone_fruit,0.0,0.0,,2.0,4800.0,4.8
2022,Alt Camp,Magraner,Pomegranate,other,other,0.0,0.0,,2.0,10000.0,10.0
2022,Alt Camp,Ametller,Almond,nut,almond,1325.0,268.0,0.268,207.0,1398.0,1.398
2022,Alt Camp,Noguera,Walnut,nut,walnut,9.0,650.0,0.65,27.0,1900.0,1.9
2022,Alt Camp,Avellaner,Hazelnut,nut,hazelnut,104.0,292.0,0.292,1553.0,934.0,0.934
2022,Alt Camp,Nectariner,Nectarine,stone_fruit,stone_fruit,0.0,0.0,,3.0,11000.0,11.0
2022,Alt Camp,Caqui,Persimmon,other,other,0.0,0.0,,11.0,9500.0,9.5
2022,Alt Camp,Prèssec plà,Flat peach,stone_fruit,stone_fruit,0.0,0.0,,1.0,9800.0,9.8
2022,Alt Camp,Vinya de raïm per a vi,Wine grape,vine,vine,6278.0,5288.0,5.288,20.0,6670.0,6.67
2022,Alt Camp,Olivera per a oliva d'oli,Oil olive,olive,olive,1282.0,327.0,0.327,388.0,655.0,0.655
2022,Alt Empordà,Pomera,Apple,pome_fruit,pome_fruit,0.0,0.0,,1126.0,40987.0,40.987
2022,Alt Empordà,Perera,Pear,pome_fruit,pome_fruit,0.0,0.0,,3.0,16000.0,16.0
2022,Alt Empordà,Albercoquer,Apricot,stone_fruit,apricot,0.0,0.0,,13.0,6000.0,6.0
2022,Alt Empordà,Cirerer i guinder,Cherry and sour cherry,stone_fruit,cherry,0.0,0.0,,59.0,1334.0,1.334
2022,Alt Empordà,Presseguer,Peach,stone_fruit,stone_fruit,0.0,0.0,,18.0,25400.0,25.4
2022,Alt Empordà,Magraner,Pomegranate,other,other,1.0,8000.0,8.0,0.0,0.0,
2022,Alt Empordà,Ametller,Almond,nut,almond,4.0,500.0,0.5,4.0,700.0,0.7
2022,Alt Empordà,Noguera,Walnut,nut,walnut,6.0,800.0,0.8,16.0,1500.0,1.5
2022,Alt Empordà,Nectariner,Nectarine,stone_fruit,stone_fruit,0.0,0.0,,3.0,26800.0,26.8
2022,Alt Empordà,Caqui,Persimmon,other,other,0.0,0.0,,2.0,18900.0,18.9
2022,Alt Empordà,Prèssec plà,Flat peach,stone_fruit,stone_fruit,0.0,0.0,,1.0,8400.0,8.4
2022,Alt Empordà,Vinya de raïm per a vi,Wine grape,vine,vine,1727.0,3970.0,3.97,61.0,5809.0,5.809
2022,Alt Empordà,Olivera per a oliva d'oli,Oil olive,olive,olive,2035.0,700.0,0.7,170.0,1300.0,1.3
2022,Alt Penedès,Pomera,Apple,pome_fruit,pome_fruit,2.0,8200.0,8.2,6.0,19000.0,19.0
2022,Alt Penedès,Perera,Pear,pome_fruit,pome_fruit,0.0,0.0,,2.0,9380.0,9.38
2022,Alt Penedès,Albercoquer,Apricot,stone_fruit,apricot,2.0,6650.0,6.65,10.0,10500.0,10.5
2022,Alt Penedès,Cirerer i guinder,Cherry and sour cherry,stone_fruit,cherry,17.0,1500.0,1.5,23.0,3500.0,3.5
2022,Alt Penedès,Presseguer,Peach,stone_fruit,stone_fruit,41.0,4200.0,4.2,134.0,7600.0,7.6
2022,Alt Penedès,Pruner,Plum,stone_fruit,stone_fruit,3.0,5600.0,5.6,6.0,9200.0,9.2
2022,Alt Penedès,Ametller,Almond,nut,almond,52.0,560.0,0.56,7.0,980.0,0.98
2022,Alt Penedès,Noguera,Walnut,nut,walnut,2.0,770.0,0.77,0.0,0.0,
2022,Alt Penedès,Avellaner,Hazelnut,nut,hazelnut,0.0,0.0,,1.0,1190.0,1.19
2022,Alt Penedès,Nectariner,Nectarine,stone_fruit,stone_fruit,0.0,0.0,,9.0,7700.0,7.7
2022,Alt Penedès,Caqui,Persimmon,other,other,1.0,2870.0,2.87,2.0,9450.0,9.45
2022,Alt Penedès,Prèssec plà,Flat peach,stone_fruit,stone_fruit,0.0,0.0,,8.0,7600.0,7.6
2022,Alt Penedès,Vinya de raïm per a vi,Wine grape,vine,vine,17427.0,7219.0,7.219,17.0,14706.0,14.706
2022,Alt Penedès,Olivera per a oliva d'oli,Oil olive,olive,olive,624.0,400.0,0.4,80.0,1100.0,1.1
2022,Alt Urgell,Pomera,Apple,pome_fruit,pome_fruit,1.0,16182.0,16.182,16.0,29016.0,29.016
2022,Alt Urgell,Perera,Pear,pome_fruit,pome_fruit,0.0,0.0,,1.0,13050.0,13.05
2022,Alt Urgell,Ametller,Almond,nut,almond,5.0,150.0,0.15,0.0,0.0,
2022,Alt Urgell,Noguera,Walnut,nut,walnut,1.0,1400.0,1.4,0.0,0.0,
2022,Alt Urgell,Vinya de raïm per a vi,Wine grape,vine,vine,12.0,2960.0,2.96,0.0,0.0,
2022,Alt Urgell,Olivera per a oliva d'oli,Oil olive,olive,olive,47.0,900.0,0.9,4.0,3100.0,3.1
2022,Alta Ribagorça,Pomera,Apple,pome_fruit,pome_fruit,0.0,0.0,,11.0,30783.0,30.783
2022,Anoia,Pomera,Apple,pome_fruit,pome_fruit,3.0,10100.0,10.1,2.0,23000.0,23.0
2022,Anoia,Perera,Pear,pome_fruit,pome_fruit,1.0,8000.0,8.0,2.0,16100.0,16.1
2022,Anoia,Albercoquer,Apricot,stone_fruit,apricot,1.0,7500.0,7.5,2.0,14200.0,14.2
2022,Anoia,Cirerer i guinder,Cherry and sour cherry,stone_fruit,cherry,1.0,2000.0,2.0,8.0,3500.0,3.5
2022,Anoia,Presseguer,Peach,stone_fruit,stone_fruit,4.0,4300.0,4.3,66.0,7170.0,7.17
2022,Anoia,Pruner,Plum,stone_fruit,stone_fruit,0.0,0.0,,2.0,8300.0,8.3
2022,Anoia,Magraner,Pomegranate,other,other,0.0,0.0,,1.0,13200.0,13.2
2022,Anoia,Ametller,Almond,nut,almond,334.0,168.0,0.168,3.0,420.0,0.42
2022,Anoia,Noguera,Walnut,nut,walnut,16.0,500.0,0.5,3.0,2300.0,2.3
2022,Anoia,Avellaner,Hazelnut,nut,hazelnut,2.0,600.0,0.6,0.0,0.0,
2022,Anoia,Nectariner,Nectarine,stone_fruit,stone_fruit,1.0,5500.0,5.5,2.0,7800.0,7.8
2022,Anoia,Caqui,Persimmon,other,other,1.0,4100.0,4.1,0.0,0.0,
2022,Anoia,Vinya de raïm per a vi,Wine grape,vine,vine,2141.0,4551.0,4.551,3.0,12491.0,12.491
2022,Anoia,Olivera per a oliva d'oli,Oil olive,olive,olive,523.0,450.0,0.45,23.0,1200.0,1.2
2022,Aran,Pomera,Apple,pome_fruit,pome_fruit,0.0,0.0,,1.0,22506.0,22.506
2022,Aran,Vinya de raïm per a vi,Wine grape,vine,vine,1.0,3300.0,3.3,0.0,0.0,
2022,Bages,Pomera,Apple,pome_fruit,pome_fruit,0.0,0.0,,2.0,24700.0,24.7
2022,Bages,Albercoquer,Apricot,stone_fruit,apricot,1.0,5500.0,5.5,1.0,14700.0,14.7
2022,Bages,Cirerer i guinder,Cherry and sour cherry,stone_fruit,cherry,2.0,1500.0,1.5,2.0,4000.0,4.0
2022,Bages,Presseguer,Peach,stone_fruit,stone_fruit,3.0,4290.0,4.29,3.0,8100.0,8.1
2022,Bages,Pruner,Plum,stone_fruit,stone_fruit,0.0,5900.0,,1.0,9000.0,9.0
2022,Bages,Ametller,Almond,nut,almond,90.0,600.0,0.6,4.0,1200.0,1.2
2022,Bages,Noguera,Walnut,nut,walnut,5.0,600.0,0.6,10.0,2500.0,2.5
2022,Bages,Vinya de raïm per a vi,Wine grape,vine,vine,391.0,2023.0,2.023,30.0,6378.0,6.378
2022,Bages,Olivera per a oliva d'oli,Oil olive,olive,olive,193.0,720.0,0.72,42.0,2160.0,2.16
2022,Baix Camp,Pomera,Apple,pome_fruit,pome_fruit,2.0,9000.0,9.0,11.0,26000.0,26.0
2022,Baix Camp,Perera,Pear,pome_fruit,pome_fruit,0.0,0.0,,2.0,7400.0,7.4
2022,Baix Camp,Albercoquer,Apricot,stone_fruit,apricot,0.0,0.0,,15.0,3990.0,3.99
2022,Baix Camp,Cirerer i guinder,Cherry and sour cherry,stone_fruit,cherry,2.0,1200.0,1.2,13.0,3272.0,3.272
2022,Baix Camp,Presseguer,Peach,stone_fruit,stone_fruit,0.0,4200.0,,41.0,9800.0,9.8
2022,Baix Camp,Pruner,Plum,stone_fruit,stone_fruit,0.0,0.0,,13.0,4800.0,4.8
2022,Baix Camp,Magraner,Pomegranate,other,other,3.0,5000.0,5.0,0.0,10000.0,
2022,Baix Camp,Ametller,Almond,nut,almond,499.0,220.0,0.22,414.0,1148.0,1.148
2022,Baix Camp,Noguera,Walnut,nut,walnut,3.0,650.0,0.65,15.0,1900.0,1.9
2022,Baix Camp,Avellaner,Hazelnut,nut,hazelnut,1325.0,292.0,0.292,3326.0,934.0,0.934
2022,Baix Camp,Nectariner,Nectarine,stone_fruit,stone_fruit,0.0,0.0,,1.0,14000.0,14.0
2022,Baix Camp,Prèssec plà,Flat peach,stone_fruit,stone_fruit,1.0,3500.0,3.5,1.0,9800.0,9.8
2022,Baix Camp,Vinya de raïm per a vi,Wine grape,vine,vine,206.0,4987.0,4.987,6.0,6637.0,6.637
2022,Baix Camp,Olivera per a oliva d'oli,Oil olive,olive,olive,2553.0,533.0,0.533,3767.0,1094.0,1.094
2022,Baix Ebre,Perera,Pear,pome_fruit,pome_fruit,0.0,0.0,,15.0,7400.0,7.4
2022,Baix Ebre,Albercoquer,Apricot,stone_fruit,apricot,0.0,0.0,,13.0,3990.0,3.99
2022,Baix Ebre,Cirerer i guinder,Cherry and sour cherry,stone_fruit,cherry,10.0,1200.0,1.2,49.0,3272.0,3.272
2022,Baix Ebre,Presseguer,Peach,stone_fruit,stone_fruit,1.0,4200.0,4.2,68.0,9800.0,9.8
2022,Baix Ebre,Pruner,Plum,stone_fruit,stone_fruit,0.0,0.0,,2.0,4800.0,4.8
2022,Baix Ebre,Magraner,Pomegranate,other,other,0.0,0.0,,1.0,10000.0,10.0
2022,Baix Ebre,Ametller,Almond,nut,almond,928.0,320.0,0.32,287.0,1670.0,1.67
2022,Baix Ebre,Noguera,Walnut,nut,walnut,0.0,650.0,,4.0,1900.0,1.9
2022,Baix Ebre,Nectariner,Nectarine,stone_fruit,stone_fruit,0.0,0.0,,17.0,14000.0,14.0
2022,Baix Ebre,Caqui,Persimmon,other,other,0.0,0.0,,3.0,9500.0,9.5
2022,Baix Ebre,Prèssec plà,Flat peach,stone_fruit,stone_fruit,0.0,0.0,,17.0,9800.0,9.8
2022,Baix Ebre,Vinya de raïm per a vi,Wine grape,vine,vine,22.0,6863.0,6.863,13.0,7745.0,7.745
2022,Baix Ebre,Olivera per a oliva d'oli,Oil olive,olive,olive,16809.0,613.0,0.613,1393.0,1225.0,1.225
2022,Baix Empordà,Pomera,Apple,pome_fruit,pome_fruit,0.0,0.0,,937.0,41339.0,41.339
2022,Baix Empordà,Perera,Pear,pome_fruit,pome_fruit,0.0,0.0,,7.0,16240.0,16.24
2022,Baix Empordà,Albercoquer,Apricot,stone_fruit,apricot,0.0,0.0,,2.0,6000.0,6.0
2022,Baix Empordà,Cirerer i guinder,Cherry and sour cherry,stone_fruit,cherry,0.0,0.0,,7.0,3500.0,3.5
2022,Baix Empordà,Presseguer,Peach,stone_fruit,stone_fruit,0.0,0.0,,21.0,25400.0,25.4
2022,Baix Empordà,Ametller,Almond,nut,almond,1.0,500.0,0.5,1.0,1500.0,1.5
2022,Baix Empordà,Noguera,Walnut,nut,walnut,0.0,0.0,,4.0,1800.0,1.8
2022,Baix Empordà,Nectariner,Nectarine,stone_fruit,stone_fruit,0.0,0.0,,1.0,26800.0,26.8
2022,Baix Empordà,Vinya de raïm per a vi,Wine grape,vine,vine,251.0,3776.0,3.776,11.0,5809.0,5.809
2022,Baix Empordà,Olivera per a oliva d'oli,Oil olive,olive,olive,488.0,480.0,0.48,22.0,680.0,0.68
2022,Baix Llobregat,Pomera,Apple,pome_fruit,pome_fruit,0.0,0.0,,11.0,22000.0,22.0
2022,Baix Llobregat,Perera,Pear,pome_fruit,pome_fruit,0.0,0.0,,13.0,14300.0,14.3
2022,Baix Llobregat,Albercoquer,Apricot,stone_fruit,apricot,1.0,5500.0,5.5,8.0,10200.0,10.2
2022,Baix Llobregat,Cirerer i guinder,Cherry and sour cherry,stone_fruit,cherry,34.0,1500.0,1.5,88.0,3500.0,3.5
2022,Baix Llobregat,Presseguer,Peach,stone_fruit,stone_fruit,9.0,3400.0,3.4,70.0,7100.0,7.1
2022,Baix Llobregat,Pruner,Plum,stone_fruit,stone_fruit,2.0,4800.0,4.8,33.0,7300.0,7.3
2022,Baix Llobregat,Ametller,Almond,nut,almond,16.0,600.0,0.6,0.0,0.0,
2022,Baix Llobregat,Nectariner,Nectarine,stone_fruit,stone_fruit,0.0,0.0,,3.0,13200.0,13.2
2022,Baix Llobregat,Caqui,Persimmon,other,other,3.0,4100.0,4.1,2.0,13500.0,13.5
2022,Baix Llobregat,Prèssec plà,Flat peach,stone_fruit,stone_fruit,0.0,0.0,,1.0,7100.0,7.1
2022,Baix Llobregat,Vinya de raïm per a vi,Wine grape,vine,vine,260.0,4004.0,4.004,1.0,14181.0,14.181
2022,Baix Llobregat,Olivera per a oliva d'oli,Oil olive,olive,olive,428.0,1157.0,1.157,35.0,2581.0,2.581
2022,Baix Penedès,Pomera,Apple,pome_fruit,pome_fruit,5.0,7000.0,7.0,0.0,0.0,
2022,Baix Penedès,Cirerer i guinder,Cherry and sour cherry,stone_fruit,cherry,5.0,1200.0,1.2,1.0,3272.0,3.272
2022,Baix Penedès,Presseguer,Peach,stone_fruit,stone_fruit,7.0,4200.0,4.2,8.0,9800.0,9.8
2022,Baix Penedès,Ametller,Almond,nut,almond,186.0,268.0,0.268,35.0,1398.0,1.398
2022,Baix Penedès,Vinya de raïm per a vi,Wine grape,vine,vine,3552.0,8669.0,8.669,37.0,9551.0,9.551
2022,Baix Penedès,Olivera per a oliva d'oli,Oil olive,olive,olive,1037.0,533.0,0.533,113.0,1064.0,1.064
2022,Barcelonès,Vinya de raïm per a vi,Wine grape,vine,vine,3.0,1699.0,1.699,0.0,0.0,
2022,Berguedà,Pomera,Apple,pome_fruit,pome_fruit,0.0,0.0,,1.0,22000.0,22.0
2022,Berguedà,Noguera,Walnut,nut,walnut,1.0,900.0,0.9,0.0,0.0,
2022,Berguedà,Vinya de raïm per a vi,Wine grape,vine,vine,8.0,53.0,0.053,0.0,0.0,
2022,Cerdanya,Pomera,Apple,pome_fruit,pome_fruit,1.0,0.0,,8.0,33479.0,33.479
2022,Cerdanya,Perera,Pear,pome_fruit,pome_fruit,0.0,0.0,,1.0,14000.0,14.0
2022,Cerdanya,Presseguer,Peach,stone_fruit,stone_fruit,0.0,0.0,,1.0,23400.0,23.4
2022,Cerdanya,Vinya de raïm per a vi,Wine grape,vine,vine,7.0,3582.0,3.582,0.0,0.0,
2022,Conca de Barberà,Pomera,Apple,pome_fruit,pome_fruit,0.0,0.0,,1.0,16000.0,16.0
2022,Conca de Barberà,Cirerer i guinder,Cherry and sour cherry,stone_fruit,cherry,18.0,1200.0,1.2,1.0,3272.0,3.272
2022,Conca de Barberà,Presseguer,Peach,stone_fruit,stone_fruit,0.0,0.0,,1.0,7600.0,7.6
2022,Conca de Barberà,Ametller,Almond,nut,almond,663.0,165.0,0.165,4.0,1148.0,1.148
2022,Conca de Barberà,Noguera,Walnut,nut,walnut,11.0,650.0,0.65,26.0,1900.0,1.9
2022,Conca de Barberà,Avellaner,Hazelnut,nut,hazelnut,325.0,292.0,0.292,56.0,934.0,0.934
2022,Conca de Barberà,Nectariner,Nectarine,stone_fruit,stone_fruit,0.0,0.0,,1.0,11000.0,11.0
2022,Conca de Barberà,Caqui,Persimmon,other,other,3.0,4500.0,4.5,0.0,0.0,
2022,Conca de Barberà,Prèssec plà,Flat peach,stone_fruit,stone_fruit,0.0,0.0,,1.0,9800.0,9.8
2022,Conca de Barberà,Vinya de raïm per a vi,Wine grape,vine,vine,4036.0,8880.0,8.88,28.0,10904.0,10.904
2022,Conca de Barberà,Olivera per a oliva d'oli,Oil olive,olive,olive,861.0,338.0,0.338,34.0,675.0,0.675
2022,Garraf,Albercoquer,Apricot,stone_fruit,apricot,2.0,5500.0,5.5,0.0,15600.0,
2022,Garraf,Cirerer i guinder,Cherry and sour cherry,stone_fruit,cherry,0.0,2000.0,,1.0,3700.0,3.7
2022,Garraf,Presseguer,Peach,stone_fruit,stone_fruit,0.0,5100.0,,3.0,8900.0,8.9
2022,Garraf,Pruner,Plum,stone_fruit,stone_fruit,0.0,5900.0,,1.0,9000.0,9.0
2022,Garraf,Ametller,Almond,nut,almond,5.0,600.0,0.6,0.0,0.0,
2022,Garraf,Vinya de raïm per a vi,Wine grape,vine,vine,875.0,5323.0,5.323,0.0,0.0,
2022,Garraf,Olivera per a oliva d'oli,Oil olive,olive,olive,56.0,450.0,0.45,3.0,1200.0,1.2
2022,Garrigues,Pomera,Apple,pome_fruit,pome_fruit,0.0,0.0,,400.0,26412.0,26.412
2022,Garrigues,Perera,Pear,pome_fruit,pome_fruit,0.0,0.0,,507.0,12006.0,12.006
2022,Garrigues,Albercoquer,Apricot,stone_fruit,apricot,0.0,0.0,,55.0,1712.0,1.712
2022,Garrigues,Cirerer i guinder,Cherry and sour cherry,stone_fruit,cherry,0.0,0.0,,27.0,3128.0,3.128
2022,Garrigues,Presseguer,Peach,stone_fruit,stone_fruit,0.0,0.0,,53.0,15756.0,15.756
2022,Garrigues,Pruner,Plum,stone_fruit,stone_fruit,0.0,0.0,,42.0,6818.0,6.818
2022,Garrigues,Magraner,Pomegranate,other,other,1.0,9500.0,9.5,0.0,0.0,
2022,Garrigues,Ametller,Almond,nut,almond,4283.0,123.0,0.123,1102.0,540.0,0.54
2022,Garrigues,Noguera,Walnut,nut,walnut,23.0,1300.0,1.3,14.0,3800.0,3.8
2022,Garrigues,Avellaner,Hazelnut,nut,hazelnut,3.0,500.0,0.5,0.0,0.0,
2022,Garrigues,Nectariner,Nectarine,stone_fruit,stone_fruit,0.0,9800.0,,159.0,11589.0,11.589
2022,Garrigues,Caqui,Persimmon,other,other,0.0,0.0,,3.0,24500.0,24.5
2022,Garrigues,Prèssec plà,Flat peach,stone_fruit,stone_fruit,0.0,0.0,,98.0,11187.0,11.187
2022,Garrigues,Platerina,Flat nectarine,stone_fruit,stone_fruit,0.0,0.0,,6.0,11414.0,11.414
2022,Garrigues,Vinya de raïm per a vi,Wine grape,vine,vine,539.0,4950.0,4.95,62.0,10330.0,10.33
2022,Garrigues,Olivera per a oliva d'oli,Oil olive,olive,olive,14295.0,498.0,0.498,6180.0,2280.0,2.28
2022,Garrotxa,Pomera,Apple,pome_fruit,pome_fruit,0.0,0.0,,1.0,33888.0,33.888
2022,Garrotxa,Albercoquer,Apricot,stone_fruit,apricot,0.0,0.0,,1.0,6000.0,6.0
2022,Garrotxa,Noguera,Walnut,nut,walnut,4.0,500.0,0.5,2.0,800.0,0.8
2022,Garrotxa,Vinya de raïm per a vi,Wine grape,vine,vine,6.0,3970.0,3.97,0.0,0.0,
2022,Garrotxa,Olivera per a oliva d'oli,Oil olive,olive,olive,5.0,1200.0,1.2,0.0,0.0,
2022,Gironès,Pomera,Apple,pome_fruit,pome_fruit,0.0,0.0,,58.0,39125.0,39.125
2022,Gironès,Perera,Pear,pome_fruit,pome_fruit,0.0,0.0,,108.0,15840.0,15.84
2022,Gironès,Presseguer,Peach,stone_fruit,stone_fruit,0.0,0.0,,3.0,25400.0,25.4
2022,Gironès,Pruner,Plum,stone_fruit,stone_fruit,0.0,0.0,,1.0,8000.0,8.0
2022,Gironès,Noguera,Walnut,nut,walnut,2.0,400.0,0.4,7.0,1200.0,1.2
2022,Gironès,Avellaner,Hazelnut,nut,hazelnut,30.0,700.0,0.7,60.0,900.0,0.9
2022,Gironès,Vinya de raïm per a vi,Wine grape,vine,vine,42.0,3970.0,3.97,0.0,0.0,
2022,Gironès,Olivera per a oliva d'oli,Oil olive,olive,olive,39.0,1300.0,1.3,10.0,1450.0,1.45
2022,Maresme,Pomera,Apple,pome_fruit,pome_fruit,0.0,0.0,,1.0,26700.0,26.7
2022,Maresme,Perera,Pear,pome_fruit,pome_fruit,0.0,0.0,,1.0,17700.0,17.7
2022,Maresme,Cirerer i guinder,Cherry and sour cherry,stone_fruit,cherry,3.0,2100.0,2.1,2.0,3700.0,3.7
2022,Maresme,Presseguer,Peach,stone_fruit,stone_fruit,1.0,5030.0,5.03,0.0,8900.0,
2022,Maresme,Ametller,Almond,nut,almond,1.0,600.0,0.6,0.0,0.0,
2022,Maresme,Vinya de raïm per a vi,Wine grape,vine,vine,150.0,2376.0,2.376,42.0,3500.0,3.5
2022,Maresme,Olivera per a oliva d'oli,Oil olive,olive,olive,5.0,1200.0,1.2,11.0,2400.0,2.4
2022,Moianès,Ametller,Almond,nut,almond,3.0,500.0,0.5,0.0,0.0,
2022,Moianès,Vinya de raïm per a vi,Wine grape,vine,vine,11.0,1186.0,1.186,0.0,0.0,
2022,Moianès,Olivera per a oliva d'oli,Oil olive,olive,olive,6.0,500.0,0.5,0.0,0.0,
2022,Montsià,Pomera,Apple,pome_fruit,pome_fruit,0.0,0.0,,1.0,16000.0,16.0
2022,Montsià,Perera,Pear,pome_fruit,pome_fruit,1.0,3600.0,3.6,4.0,7400.0,7.4
2022,Montsià,Albercoquer,Apricot,stone_fruit,apricot,2.0,460.0,0.46,8.0,2990.0,2.99
2022,Montsià,Cirerer i guinder,Cherry and sour cherry,stone_fruit,cherry,4.0,1200.0,1.2,9.0,3272.0,3.272
2022,Montsià,Presseguer,Peach,stone_fruit,stone_fruit,9.0,4200.0,4.2,22.0,9800.0,9.8
2022,Montsià,Pruner,Plum,stone_fruit,stone_fruit,0.0,0.0,,4.0,4800.0,4.8
2022,Montsià,Magraner,Pomegranate,other,other,0.0,0.0,,24.0,10000.0,10.0
2022,Montsià,Ametller,Almond,nut,almond,358.0,320.0,0.32,182.0,1670.0,1.67
2022,Montsià,Noguera,Walnut,nut,walnut,1.0,650.0,0.65,1.0,1900.0,1.9
2022,Montsià,Nectariner,Nectarine,stone_fruit,stone_fruit,0.0,0.0,,7.0,14000.0,14.0
2022,Montsià,Caqui,Persimmon,other,other,0.0,0.0,,1.0,9500.0,9.5
2022,Montsià,Prèssec plà,Flat peach,stone_fruit,stone_fruit,0.0,0.0,,5.0,9800.0,9.8
2022,Montsià,Vinya de raïm per a vi,Wine grape,vine,vine,5.0,6863.0,6.863,2.0,7745.0,7.745
2022,Montsià,Olivera per a oliva d'oli,Oil olive,olive,olive,14436.0,574.0,0.574,1192.0,1155.0,1.155
2022,Noguera,Pomera,Apple,pome_fruit,pome_fruit,0.0,0.0,,660.0,10050.0,10.05
2022,Noguera,Perera,Pear,pome_fruit,pome_fruit,0.0,0.0,,1041.0,4526.0,4.526
2022,Noguera,Albercoquer,Apricot,stone_fruit,apricot,0.0,0.0,,33.0,1175.0,1.175
2022,Noguera,Cirerer i guinder,Cherry and sour cherry,stone_fruit,cherry,0.0,1700.0,,23.0,3500.0,3.5
2022,Noguera,Presseguer,Peach,stone_fruit,stone_fruit,0.0,0.0,,337.0,20970.0,20.97
2022,Noguera,Pruner,Plum,stone_fruit,stone_fruit,1.0,5800.0,5.8,9.0,9000.0,9.0
2022,Noguera,Ametller,Almond,nut,almond,927.0,180.0,0.18,227.0,766.0,0.766
2022,Noguera,Noguera,Walnut,nut,walnut,9.0,1500.0,1.5,33.0,3900.0,3.9
2022,Noguera,Nectariner,Nectarine,stone_fruit,stone_fruit,0.0,9800.0,,506.0,14724.0,14.724
2022,Noguera,Prèssec plà,Flat peach,stone_fruit,stone_fruit,0.0,0.0,,229.0,14889.0,14.889
2022,Noguera,Platerina,Flat nectarine,stone_fruit,stone_fruit,0.0,0.0,,16.0,14724.0,14.724
2022,Noguera,Vinya de raïm per a vi,Wine grape,vine,vine,154.0,3906.0,3.906,171.0,7812.0,7.812
2022,Noguera,Olivera per a oliva d'oli,Oil olive,olive,olive,1182.0,516.0,0.516,276.0,1824.0,1.824
2022,Osona,Albercoquer,Apricot,stone_fruit,apricot,1.0,5500.0,5.5,1.0,14700.0,14.7
2022,Osona,Noguera,Walnut,nut,walnut,21.0,1600.0,1.6,9.0,3100.0,3.1
2022,Osona,Vinya de raïm per a vi,Wine grape,vine,vine,6.0,2600.0,2.6,3.0,4400.0,4.4
2022,Osona,Olivera per a oliva d'oli,Oil olive,olive,olive,2.0,1040.0,1.04,0.0,0.0,
2022,Pallars Jussà,Pomera,Apple,pome_fruit,pome_fruit,4.0,13100.0,13.1,0.0,20367.0,
2022,Pallars Jussà,Perera,Pear,pome_fruit,pome_fruit,1.0,7900.0,7.9,0.0,0.0,
2022,Pallars Jussà,Albercoquer,Apricot,stone_fruit,apricot,1.0,4400.0,4.4,0.0,0.0,
2022,Pallars Jussà,Cirerer i guinder,Cherry and sour cherry,stone_fruit,cherry,1.0,1700.0,1.7,2.0,3200.0,3.2
2022,Pallars Jussà,Presseguer,Peach,stone_fruit,stone_fruit,1.0,12500.0,12.5,2.0,19780.0,19.78
2022,Pallars Jussà,Pruner,Plum,stone_fruit,stone_fruit,1.0,5800.0,5.8,0.0,0.0,
2022,Pallars Jussà,Ametller,Almond,nut,almond,1207.0,80.0,0.08,39.0,730.0,0.73
2022,Pallars Jussà,Noguera,Walnut,nut,walnut,46.0,1400.0,1.4,11.0,3900.0,3.9
2022,Pallars Jussà,Vinya de raïm per a vi,Wine grape,vine,vine,246.0,2493.0,2.493,24.0,7560.0,7.56
2022,Pallars Jussà,Olivera per a oliva d'oli,Oil olive,olive,olive,723.0,376.0,0.376,14.0,1312.0,1.312
2022,Pallars Sobirà,Pomera,Apple,pome_fruit,pome_fruit,1.0,13050.0,13.05,2.0,25482.0,25.482
2022,Pallars Sobirà,Noguera,Walnut,nut,walnut,1.0,1400.0,1.4,5.0,3900.0,3.9
2022,Pallars Sobirà,Vinya de raïm per a vi,Wine grape,vine,vine,8.0,2080.0,2.08,5.0,5200.0,5.2
2022,Pallars Sobirà,Olivera per a oliva d'oli,Oil olive,olive,olive,1.0,900.0,0.9,0.0,0.0,
2022,Pla de l'Estany,Pomera,Apple,pome_fruit,pome_fruit,0.0,0.0,,2.0,39628.0,39.628
2022,Pla de l'Estany,Noguera,Walnut,nut,walnut,22.0,348.0,0.348,47.0,480.0,0.48
2022,Pla de l'Estany,Olivera per a oliva d'oli,Oil olive,olive,olive,17.0,1500.0,1.5,6.0,1700.0,1.7
2022,Pla d'Urgell,Pomera,Apple,pome_fruit,pome_fruit,0.0,0.0,,1748.0,31992.0,31.992
2022,Pla d'Urgell,Perera,Pear,pome_fruit,pome_fruit,0.0,0.0,,947.0,13137.0,13.137
2022,Pla d'Urgell,Albercoquer,Apricot,stone_fruit,apricot,0.0,0.0,,34.0,2326.0,2.326
2022,Pla d'Urgell,Cirerer i guinder,Cherry and sour cherry,stone_fruit,cherry,0.0,0.0,,6.0,3190.0,3.19
2022,Pla d'Urgell,Presseguer,Peach,stone_fruit,stone_fruit,0.0,0.0,,95.0,16224.0,16.224
2022,Pla d'Urgell,Pruner,Plum,stone_fruit,stone_fruit,0.0,0.0,,9.0,6885.0,6.885
2022,Pla d'Urgell,Magraner,Pomegranate,other,other,0.0,0.0,,3.0,17200.0,17.2
2022,Pla d'Urgell,Ametller,Almond,nut,almond,13.0,120.0,0.12,79.0,605.0,0.605
2022,Pla d'Urgell,Noguera,Walnut,nut,walnut,3.0,942.0,0.942,108.0,2005.0,2.005
2022,Pla d'Urgell,Nectariner,Nectarine,stone_fruit,stone_fruit,0.0,7800.0,,158.0,11781.0,11.781
2022,Pla d'Urgell,Prèssec plà,Flat peach,stone_fruit,stone_fruit,0.0,0.0,,135.0,12168.0,12.168
2022,Pla d'Urgell,Platerina,Flat nectarine,stone_fruit,stone_fruit,0.0,0.0,,11.0,11603.0,11.603
2022,Pla d'Urgell,Olivera per a oliva d'oli,Oil olive,olive,olive,25.0,570.0,0.57,63.0,2040.0,2.04
2022,Priorat,Pomera,Apple,pome_fruit,pome_fruit,1.0,6800.0,6.8,3.0,16000.0,16.0
2022,Priorat,Perera,Pear,pome_fruit,pome_fruit,0.0,0.0,,2.0,7400.0,7.4
2022,Priorat,Albercoquer,Apricot,stone_fruit,apricot,0.0,460.0,,5.0,3850.0,3.85
2022,Priorat,Cirerer i guinder,Cherry and sour cherry,stone_fruit,cherry,16.0,1200.0,1.2,69.0,3272.0,3.272
2022,Priorat,Presseguer,Peach,stone_fruit,stone_fruit,0.0,0.0,,33.0,5600.0,5.6
2022,Priorat,Pruner,Plum,stone_fruit,stone_fruit,0.0,0.0,,6.0,2500.0,2.5
2022,Priorat,Ametller,Almond,nut,almond,566.0,165.0,0.165,143.0,1148.0,1.148
2022,Priorat,Noguera,Walnut,nut,walnut,2.0,650.0,0.65,0.0,1900.0,
2022,Priorat,Avellaner,Hazelnut,nut,hazelnut,405.0,233.0,0.233,105.0,818.0,0.818
2022,Priorat,Nectariner,Nectarine,stone_fruit,stone_fruit,0.0,0.0,,2.0,8000.0,8.0
2022,Priorat,Prèssec plà,Flat peach,stone_fruit,stone_fruit,0.0,0.0,,10.0,5600.0,5.6
2022,Priorat,Vinya de raïm per a vi,Wine grape,vine,vine,3219.0,3214.0,3.214,355.0,4310.0,4.31
2022,Priorat,Olivera per a oliva d'oli,Oil olive,olive,olive,1241.0,338.0,0.338,1131.0,675.0,0.675
2022,Ribera d'Ebre,Pomera,Apple,pome_fruit,pome_fruit,0.0,0.0,,1.0,9000.0,9.0
2022,Ribera d'Ebre,Perera,Pear,pome_fruit,pome_fruit,0.0,0.0,,49.0,7400.0,7.4
2022,Ribera d'Ebre,Albercoquer,Apricot,stone_fruit,apricot,6.0,460.0,0.46,122.0,2888.0,2.888
2022,Ribera d'Ebre,Cirerer i guinder,Cherry and sour cherry,stone_fruit,cherry,66.0,1200.0,1.2,786.0,3272.0,3.272
2022,Ribera d'Ebre,Presseguer,Peach,stone_fruit,stone_fruit,10.0,2400.0,2.4,467.0,5600.0,5.6
2022,Ribera d'Ebre,Pruner,Plum,stone_fruit,stone_fruit,0.0,0.0,,41.0,4800.0,4.8
2022,Ribera d'Ebre,Magraner,Pomegranate,other,other,0.0,0.0,,1.0,7000.0,7.0
2022,Ribera d'Ebre,Ametller,Almond,nut,almond,1592.0,105.0,0.105,974.0,730.0,0.73
2022,Ribera d'Ebre,Noguera,Walnut,nut,walnut,0.0,0.0,,4.0,1900.0,1.9
2022,Ribera d'Ebre,Avellaner,Hazelnut,nut,hazelnut,88.0,233.0,0.233,7.0,818.0,0.818
2022,Ribera d'Ebre,Nectariner,Nectarine,stone_fruit,stone_fruit,0.0,0.0,,360.0,6400.0,6.4
2022,Ribera d'Ebre,Prèssec plà,Flat peach,stone_fruit,stone_fruit,1.0,3500.0,3.5,147.0,5600.0,5.6
2022,Ribera d'Ebre,Platerina,Flat nectarine,stone_fruit,stone_fruit,0.0,0.0,,7.0,9800.0,9.8
2022,Ribera d'Ebre,Vinya de raïm per a vi,Wine grape,vine,vine,843.0,4656.0,4.656,179.0,5654.0,5.654
2022,Ribera d'Ebre,Olivera per a oliva d'oli,Oil olive,olive,olive,5353.0,332.0,0.332,3726.0,665.0,0.665
2022,Ripollès,Presseguer,Peach,stone_fruit,stone_fruit,0.0,0.0,,2.0,23400.0,23.4
2022,Segarra,Ametller,Almond,nut,almond,503.0,126.0,0.126,7.0,785.0,0.785
2022,Segarra,Noguera,Walnut,nut,walnut,7.0,1400.0,1.4,5.0,3900.0,3.9
2022,Segarra,Vinya de raïm per a vi,Wine grape,vine,vine,82.0,3108.0,3.108,0.0,0.0,
2022,Segarra,Olivera per a oliva d'oli,Oil olive,olive,olive,402.0,336.0,0.336,2.0,1911.0,1.911
2022,Segrià,Pomera,Apple,pome_fruit,pome_fruit,4.0,17298.0,17.298,1354.0,31062.0,31.062
2022,Segrià,Perera,Pear,pome_fruit,pome_fruit,4.0,8700.0,8.7,4897.0,13746.0,13.746
2022,Segrià,Albercoquer,Apricot,stone_fruit,apricot,0.0,0.0,,1338.0,2668.0,2.668
2022,Segrià,Cirerer i guinder,Cherry and sour cherry,stone_fruit,cherry,0.0,1700.0,,636.0,3218.0,3.218
2022,Segrià,Presseguer,Peach,stone_fruit,stone_fruit,1.0,9286.0,9.286,2638.0,16719.0,16.719
2022,Segrià,Pruner,Plum,stone_fruit,stone_fruit,1.0,5800.0,5.8,129.0,6862.0,6.862
2022,Segrià,Magraner,Pomegranate,other,other,0.0,0.0,,50.0,17200.0,17.2
2022,Segrià,Ametller,Almond,nut,almond,1884.0,180.0,0.18,2080.0,766.0,0.766
2022,Segrià,Noguera,Walnut,nut,walnut,0.0,0.0,,89.0,3900.0,3.9
2022,Segrià,Nectariner,Nectarine,stone_fruit,stone_fruit,4.0,7800.0,7.8,5588.0,11358.0,11.358
2022,Segrià,Nashi,Asian pear,other,other,0.0,0.0,,1.0,10000.0,10.0
2022,Segrià,Caqui,Persimmon,other,other,0.0,0.0,,48.0,25200.0,25.2
2022,Segrià,Prèssec plà,Flat peach,stone_fruit,stone_fruit,0.0,0.0,,3771.0,12539.0,12.539
2022,Segrià,Platerina,Flat nectarine,stone_fruit,stone_fruit,0.0,0.0,,212.0,11358.0,11.358
2022,Segrià,Vinya de raïm per a vi,Wine grape,vine,vine,239.0,5210.0,5.21,1662.0,11869.0,11.869
2022,Segrià,Olivera per a oliva d'oli,Oil olive,olive,olive,6686.0,395.0,0.395,2283.0,2356.0,2.356
2022,Selva,Pomera,Apple,pome_fruit,pome_fruit,0.0,0.0,,22.0,39713.0,39.713
2022,Selva,Perera,Pear,pome_fruit,pome_fruit,0.0,0.0,,50.0,15600.0,15.6
2022,Selva,Presseguer,Peach,stone_fruit,stone_fruit,0.0,0.0,,2.0,25400.0,25.4
2022,Selva,Ametller,Almond,nut,almond,0.0,0.0,,1.0,900.0,0.9
2022,Selva,Noguera,Walnut,nut,walnut,1.0,700.0,0.7,25.0,1000.0,1.0
2022,Selva,Avellaner,Hazelnut,nut,hazelnut,397.0,413.0,0.413,382.0,590.0,0.59
2022,Selva,Vinya de raïm per a vi,Wine grape,vine,vine,32.0,3914.0,3.914,3.0,5740.0,5.74
2022,Selva,Olivera per a oliva d'oli,Oil olive,olive,olive,32.0,1373.0,1.373,17.0,1867.0,1.867
2022,Solsonès,Pomera,Apple,pome_fruit,pome_fruit,2.0,15531.0,15.531,10.0,25000.0,25.0
2022,Solsonès,Noguera,Walnut,nut,walnut,3.0,1500.0,1.5,0.0,0.0,
2022,Solsonès,Vinya de raïm per a vi,Wine grape,vine,vine,10.0,2205.0,2.205,0.0,0.0,
2022,Solsonès,Olivera per a oliva d'oli,Oil olive,olive,olive,8.0,900.0,0.9,0.0,0.0,
2022,Tarragonès,Perera,Pear,pome_fruit,pome_fruit,0.0,0.0,,2.0,7400.0,7.4
2022,Tarragonès,Albercoquer,Apricot,stone_fruit,apricot,0.0,0.0,,11.0,3850.0,3.85
2022,Tarragonès,Cirerer i guinder,Cherry and sour cherry,stone_fruit,cherry,0.0,0.0,,13.0,3272.0,3.272
2022,Tarragonès,Presseguer,Peach,stone_fruit,stone_fruit,1.0,4200.0,4.2,23.0,9800.0,9.8
2022,Tarragonès,Pruner,Plum,stone_fruit,stone_fruit,0.0,0.0,,5.0,4800.0,4.8
2022,Tarragonès,Ametller,Almond,nut,almond,134.0,268.0,0.268,160.0,1398.0,1.398
2022,Tarragonès,Noguera,Walnut,nut,walnut,7.0,650.0,0.65,77.0,1900.0,1.9
2022,Tarragonès,Avellaner,Hazelnut,nut,hazelnut,126.0,350.0,0.35,1395.0,934.0,0.934
2022,Tarragonès,Nectariner,Nectarine,stone_fruit,stone_fruit,0.0,0.0,,13.0,11000.0,11.0
2022,Tarragonès,Prèssec plà,Flat peach,stone_fruit,stone_fruit,0.0,0.0,,3.0,9800.0,9.8
2022,Tarragonès,Vinya de raïm per a vi,Wine grape,vine,vine,1276.0,5551.0,5.551,7.0,6433.0,6.433
2022,Tarragonès,Olivera per a oliva d'oli,Oil olive,olive,olive,898.0,338.0,0.338,574.0,675.0,0.675
2022,Terra Alta,Pomera,Apple,pome_fruit,pome_fruit,3.0,6500.0,6.5,0.0,0.0,
2022,Terra Alta,Perera,Pear,pome_fruit,pome_fruit,0.0,0.0,,1.0,7400.0,7.4
2022,Terra Alta,Albercoquer,Apricot,stone_fruit,apricot,0.0,0.0,,3.0,3640.0,3.64
2022,Terra Alta,Cirerer i guinder,Cherry and sour cherry,stone_fruit,cherry,31.0,1200.0,1.2,142.0,3272.0,3.272
2022,Terra Alta,Presseguer,Peach,stone_fruit,stone_fruit,3.0,2400.0,2.4,33.0,5600.0,5.6
2022,Terra Alta,Ametller,Almond,nut,almond,7546.0,140.0,0.14,880.0,730.0,0.73
2022,Terra Alta,Noguera,Walnut,nut,walnut,16.0,650.0,0.65,8.0,1900.0,1.9
2022,Terra Alta,Avellaner,Hazelnut,nut,hazelnut,403.0,350.0,0.35,124.0,817.0,0.817
2022,Terra Alta,Nectariner,Nectarine,stone_fruit,stone_fruit,0.0,0.0,,2.0,6400.0,6.4
2022,Terra Alta,Vinya de raïm per a vi,Wine grape,vine,vine,5734.0,6891.0,6.891,180.0,8370.0,8.37
2022,Terra Alta,Olivera per a oliva d'oli,Oil olive,olive,olive,4373.0,258.0,0.258,1056.0,655.0,0.655
2022,Urgell,Pomera,Apple,pome_fruit,pome_fruit,4.0,3800.0,3.8,1142.0,10050.0,10.05
2022,Urgell,Perera,Pear,pome_fruit,pome_fruit,3.0,3100.0,3.1,424.0,3613.0,3.613
2022,Urgell,Albercoquer,Apricot,stone_fruit,apricot,0.0,0.0,,1.0,2200.0,2.2
2022,Urgell,Presseguer,Peach,stone_fruit,stone_fruit,0.0,0.0,,7.0,20380.0,20.38
2022,Urgell,Pruner,Plum,stone_fruit,stone_fruit,0.0,0.0,,2.0,6000.0,6.0
2022,Urgell,Ametller,Almond,nut,almond,1478.0,120.0,0.12,379.0,760.0,0.76
2022,Urgell,Noguera,Walnut,nut,walnut,3.0,1400.0,1.4,25.0,3900.0,3.9
2022,Urgell,Avellaner,Hazelnut,nut,hazelnut,0.0,0.0,,2.0,1600.0,1.6
2022,Urgell,Nectariner,Nectarine,stone_fruit,stone_fruit,0.0,9800.0,,23.0,14706.0,14.706
2022,Urgell,Prèssec plà,Flat peach,stone_fruit,stone_fruit,0.0,0.0,,8.0,14470.0,14.47
2022,Urgell,Platerina,Flat nectarine,stone_fruit,stone_fruit,0.0,0.0,,8.0,14706.0,14.706
2022,Urgell,Vinya de raïm per a vi,Wine grape,vine,vine,1267.0,8998.0,8.998,33.0,15270.0,15.27
2022,Urgell,Olivera per a oliva d'oli,Oil olive,olive,olive,2319.0,372.0,0.372,399.0,2340.0,2.34
2022,Vallès Occidental,Perera,Pear,pome_fruit,pome_fruit,0.0,0.0,,1.0,17500.0,17.5
2022,Vallès Occidental,Albercoquer,Apricot,stone_fruit,apricot,1.0,7200.0,7.2,1.0,15600.0,15.6
2022,Vallès Occidental,Cirerer i guinder,Cherry and sour cherry,stone_fruit,cherry,1.0,2100.0,2.1,8.0,3500.0,3.5
2022,Vallès Occidental,Presseguer,Peach,stone_fruit,stone_fruit,3.0,5100.0,5.1,6.0,8900.0,8.9
2022,Vallès Occidental,Pruner,Plum,stone_fruit,stone_fruit,0.0,7000.0,,2.0,9900.0,9.9
2022,Vallès Occidental,Magraner,Pomegranate,other,other,1.0,4400.0,4.4,0.0,0.0,
2022,Vallès Occidental,Ametller,Almond,nut,almond,9.0,700.0,0.7,0.0,0.0,
2022,Vallès Occidental,Noguera,Walnut,nut,walnut,5.0,600.0,0.6,0.0,0.0,
2022,Vallès Occidental,Avellaner,Hazelnut,nut,hazelnut,2.0,400.0,0.4,1.0,1200.0,1.2
2022,Vallès Occidental,Caqui,Persimmon,other,other,0.0,0.0,,1.0,11800.0,11.8
2022,Vallès Occidental,Vinya de raïm per a vi,Wine grape,vine,vine,25.0,380.0,0.38,1.0,3800.0,3.8
2022,Vallès Occidental,Olivera per a oliva d'oli,Oil olive,olive,olive,170.0,1280.0,1.28,7.0,2000.0,2.0
2022,Vallès Oriental,Cirerer i guinder,Cherry and sour cherry,stone_fruit,cherry,0.0,2000.0,,1.0,3500.0,3.5
2022,Vallès Oriental,Presseguer,Peach,stone_fruit,stone_fruit,0.0,5030.0,,2.0,9000.0,9.0
2022,Vallès Oriental,Ametller,Almond,nut,almond,9.0,600.0,0.6,0.0,0.0,
2022,Vallès Oriental,Noguera,Walnut,nut,walnut,15.0,600.0,0.6,0.0,0.0,
2022,Vallès Oriental,Avellaner,Hazelnut,nut,hazelnut,33.0,500.0,0.5,23.0,1100.0,1.1
2022,Vallès Oriental,Nectariner,Nectarine,stone_fruit,stone_fruit,0.0,0.0,,1.0,13000.0,13.0
2022,Vallès Oriental,Vinya de raïm per a vi,Wine grape,vine,vine,143.0,2649.0,2.649,0.0,0.0,
2022,Vallès Oriental,Olivera per a oliva d'oli,Oil olive,olive,olive,178.0,1360.0,1.36,18.0,2400.0,2.4
2023,Alt Camp,Pomera,Apple,pome_fruit,pome_fruit,1.0,10440.0,10.44,5.0,27840.0,27.84
2023,Alt Camp,Cirerer i guinder,Cherry and sour cherry,stone_fruit,cherry,36.0,1800.0,1.8,9.0,5239.0,5.239
2023,Alt Camp,Presseguer,Peach,stone_fruit,stone_fruit,0.0,0.0,,1.0,13840.0,13.84
2023,Alt Camp,Magraner,Pomegranate,other,other,1.0,5000.0,5.0,2.0,9000.0,9.0
2023,Alt Camp,Ametller,Almond,nut,almond,1250.0,212.0,0.212,241.0,2535.0,2.535
2023,Alt Camp,Noguera,Walnut,nut,walnut,9.0,300.0,0.3,37.0,1400.0,1.4
2023,Alt Camp,Avellaner,Hazelnut,nut,hazelnut,116.0,234.0,0.234,1522.0,934.0,0.934
2023,Alt Camp,Caqui,Persimmon,other,other,0.0,0.0,,7.0,8000.0,8.0
2023,Alt Camp,Vinya de raïm per a vi,Wine grape,vine,vine,6284.0,5038.0,5.038,22.0,4083.0,4.083
2023,Alt Camp,Olivera per a oliva d'oli,Oil olive,olive,olive,1219.0,529.0,0.529,387.0,2017.0,2.017
2023,Alt Empordà,Pomera,Apple,pome_fruit,pome_fruit,0.0,0.0,,1082.0,40609.0,40.609
2023,Alt Empordà,Perera,Pear,pome_fruit,pome_fruit,0.0,0.0,,3.0,17734.0,17.734
2023,Alt Empordà,Albercoquer,Apricot,stone_fruit,apricot,6.0,6941.0,6.941,7.0,6941.0,6.941
2023,Alt Empordà,Cirerer i guinder,Cherry and sour cherry,stone_fruit,cherry,30.0,660.0,0.66,16.0,725.0,0.725
2023,Alt Empordà,Presseguer,Peach,stone_fruit,stone_fruit,1.0,20227.0,20.227,18.0,20227.0,20.227
2023,Alt Empordà,Ametller,Almond,nut,almond,11.0,246.0,0.246,3.0,328.0,0.328
2023,Alt Empordà,Noguera,Walnut,nut,walnut,4.0,390.0,0.39,16.0,760.0,0.76
2023,Alt Empordà,Nectariner,Nectarine,stone_fruit,stone_fruit,2.0,23400.0,23.4,2.0,23400.0,23.4
2023,Alt Empordà,Caqui,Persimmon,other,other,0.0,0.0,,2.0,9210.0,9.21
2023,Alt Empordà,Prèssec plà,Flat peach,stone_fruit,stone_fruit,0.0,0.0,,1.0,7000.0,7.0
2023,Alt Empordà,Vinya de raïm per a vi,Wine grape,vine,vine,1730.0,4262.0,4.262,72.0,4295.0,4.295
2023,Alt Empordà,Olivera per a oliva d'oli,Oil olive,olive,olive,1668.0,681.0,0.681,158.0,850.0,0.85
2023,Alt Penedès,Pomera,Apple,pome_fruit,pome_fruit,1.0,4530.0,4.53,1.0,10730.0,10.73
2023,Alt Penedès,Albercoquer,Apricot,stone_fruit,apricot,3.0,6650.0,6.65,9.0,13390.0,13.39
2023,Alt Penedès,Cirerer i guinder,Cherry and sour cherry,stone_fruit,cherry,29.0,920.0,0.92,8.0,2330.0,2.33
2023,Alt Penedès,Presseguer,Peach,stone_fruit,stone_fruit,72.0,3320.0,3.32,68.0,6900.0,6.9
2023,Alt Penedès,Pruner,Plum,stone_fruit,stone_fruit,5.0,5600.0,5.6,3.0,6380.0,6.38
2023,Alt Penedès,Ametller,Almond,nut,almond,49.0,250.0,0.25,6.0,410.0,0.41
2023,Alt Penedès,Noguera,Walnut,nut,walnut,2.0,480.0,0.48,0.0,0.0,
2023,Alt Penedès,Nectariner,Nectarine,stone_fruit,stone_fruit,0.0,0.0,,8.0,6840.0,6.84
2023,Alt Penedès,Caqui,Persimmon,other,other,1.0,2030.0,2.03,2.0,6680.0,6.68
2023,Alt Penedès,Prèssec plà,Flat peach,stone_fruit,stone_fruit,0.0,0.0,,9.0,7600.0,7.6
2023,Alt Penedès,Vinya de raïm per a vi,Wine grape,vine,vine,17374.0,5176.0,5.176,17.0,11197.0,11.197
2023,Alt Penedès,Olivera per a oliva d'oli,Oil olive,olive,olive,490.0,250.0,0.25,68.0,1070.0,1.07
2023,Alt Urgell,Pomera,Apple,pome_fruit,pome_fruit,4.0,4000.0,4.0,12.0,29907.0,29.907
2023,Alt Urgell,Perera,Pear,pome_fruit,pome_fruit,0.0,0.0,,1.0,15617.0,15.617
2023,Alt Urgell,Ametller,Almond,nut,almond,7.0,135.0,0.135,0.0,0.0,
2023,Alt Urgell,Noguera,Walnut,nut,walnut,1.0,1150.0,1.15,0.0,0.0,
2023,Alt Urgell,Vinya de raïm per a vi,Wine grape,vine,vine,11.0,2072.0,2.072,0.0,0.0,
2023,Alt Urgell,Olivera per a oliva d'oli,Oil olive,olive,olive,47.0,540.0,0.54,1.0,3050.0,3.05
2023,Alta Ribagorça,Pomera,Apple,pome_fruit,pome_fruit,0.0,0.0,,11.0,29907.0,29.907
2023,Anoia,Pomera,Apple,pome_fruit,pome_fruit,4.0,9840.0,9.84,0.0,0.0,
2023,Anoia,Perera,Pear,pome_fruit,pome_fruit,0.0,0.0,,1.0,15800.0,15.8
2023,Anoia,Albercoquer,Apricot,stone_fruit,apricot,1.0,7130.0,7.13,2.0,13300.0,13.3
2023,Anoia,Cirerer i guinder,Cherry and sour cherry,stone_fruit,cherry,3.0,2070.0,2.07,1.0,3500.0,3.5
2023,Anoia,Presseguer,Peach,stone_fruit,stone_fruit,19.0,2650.0,2.65,42.0,3850.0,3.85
2023,Anoia,Ametller,Almond,nut,almond,314.0,310.0,0.31,1.0,760.0,0.76
2023,Anoia,Noguera,Walnut,nut,walnut,28.0,500.0,0.5,2.0,2300.0,2.3
2023,Anoia,Avellaner,Hazelnut,nut,hazelnut,2.0,560.0,0.56,0.0,0.0,
2023,Anoia,Nectariner,Nectarine,stone_fruit,stone_fruit,2.0,5500.0,5.5,0.0,0.0,
2023,Anoia,Vinya de raïm per a vi,Wine grape,vine,vine,2060.0,3741.0,3.741,0.0,0.0,
2023,Anoia,Olivera per a oliva d'oli,Oil olive,olive,olive,478.0,250.0,0.25,24.0,1520.0,1.52
2023,Aran,Pomera,Apple,pome_fruit,pome_fruit,0.0,0.0,,1.0,29907.0,29.907
2023,Aran,Vinya de raïm per a vi,Wine grape,vine,vine,1.0,2079.0,2.079,0.0,0.0,
2023,Bages,Albercoquer,Apricot,stone_fruit,apricot,2.0,5500.0,5.5,0.0,0.0,
2023,Bages,Cirerer i guinder,Cherry and sour cherry,stone_fruit,cherry,3.0,1500.0,1.5,0.0,0.0,
2023,Bages,Presseguer,Peach,stone_fruit,stone_fruit,6.0,4290.0,4.29,1.0,11470.0,11.47
2023,Bages,Ametller,Almond,nut,almond,88.0,270.0,0.27,4.0,480.0,0.48
2023,Bages,Noguera,Walnut,nut,walnut,7.0,580.0,0.58,5.0,2500.0,2.5
2023,Bages,Vinya de raïm per a vi,Wine grape,vine,vine,402.0,1950.0,1.95,21.0,3496.0,3.496
2023,Bages,Olivera per a oliva d'oli,Oil olive,olive,olive,162.0,300.0,0.3,41.0,940.0,0.94
2023,Baix Camp,Pomera,Apple,pome_fruit,pome_fruit,0.0,0.0,,13.0,30160.0,30.16
2023,Baix Camp,Albercoquer,Apricot,stone_fruit,apricot,0.0,0.0,,16.0,5073.0,5.073
2023,Baix Camp,Cirerer i guinder,Cherry and sour cherry,stone_fruit,cherry,1.0,1800.0,1.8,6.0,5239.0,5.239
2023,Baix Camp,Presseguer,Peach,stone_fruit,stone_fruit,1.0,6000.0,6.0,32.0,13840.0,13.84
2023,Baix Camp,Pruner,Plum,stone_fruit,stone_fruit,0.0,0.0,,12.0,17441.0,17.441
2023,Baix Camp,Magraner,Pomegranate,other,other,3.0,5000.0,5.0,0.0,0.0,
2023,Baix Camp,Ametller,Almond,nut,almond,301.0,295.0,0.295,312.0,2082.0,2.082
2023,Baix Camp,Noguera,Walnut,nut,walnut,2.0,500.0,0.5,15.0,1400.0,1.4
2023,Baix Camp,Avellaner,Hazelnut,nut,hazelnut,775.0,192.0,0.192,2148.0,1101.0,1.101
2023,Baix Camp,Vinya de raïm per a vi,Wine grape,vine,vine,208.0,4973.0,4.973,6.0,3963.0,3.963
2023,Baix Camp,Olivera per a oliva d'oli,Oil olive,olive,olive,965.0,1665.0,1.665,2998.0,5046.0,5.046
2023,Baix Ebre,Pomera,Apple,pome_fruit,pome_fruit,1.0,10440.0,10.44,0.0,0.0,
2023,Baix Ebre,Perera,Pear,pome_fruit,pome_fruit,0.0,0.0,,10.0,9398.0,9.398
2023,Baix Ebre,Albercoquer,Apricot,stone_fruit,apricot,0.0,0.0,,9.0,5073.0,5.073
2023,Baix Ebre,Cirerer i guinder,Cherry and sour cherry,stone_fruit,cherry,10.0,1500.0,1.5,43.0,5239.0,5.239
2023,Baix Ebre,Presseguer,Peach,stone_fruit,stone_fruit,1.0,6000.0,6.0,52.0,13840.0,13.84
2023,Baix Ebre,Pruner,Plum,stone_fruit,stone_fruit,0.0,0.0,,2.0,17441.0,17.441
2023,Baix Ebre,Ametller,Almond,nut,almond,618.0,295.0,0.295,265.0,3028.0,3.028
2023,Baix Ebre,Noguera,Walnut,nut,walnut,0.0,500.0,,4.0,1400.0,1.4
2023,Baix Ebre,Nectariner,Nectarine,stone_fruit,stone_fruit,1.0,6000.0,6.0,14.0,17893.0,17.893
2023,Baix Ebre,Caqui,Persimmon,other,other,0.0,0.0,,1.0,9000.0,9.0
2023,Baix Ebre,Prèssec plà,Flat peach,stone_fruit,stone_fruit,0.0,0.0,,7.0,24241.0,24.241
2023,Baix Ebre,Vinya de raïm per a vi,Wine grape,vine,vine,7.0,2721.0,2.721,0.0,0.0,
2023,Baix Ebre,Olivera per a oliva d'oli,Oil olive,olive,olive,11092.0,2052.0,2.052,1414.0,4306.0,4.306
2023,Baix Empordà,Pomera,Apple,pome_fruit,pome_fruit,0.0,0.0,,950.0,40609.0,40.609
2023,Baix Empordà,Perera,Pear,pome_fruit,pome_fruit,0.0,0.0,,4.0,17734.0,17.734
2023,Baix Empordà,Albercoquer,Apricot,stone_fruit,apricot,1.0,6941.0,6.941,2.0,6941.0,6.941
2023,Baix Empordà,Presseguer,Peach,stone_fruit,stone_fruit,4.0,20227.0,20.227,16.0,20227.0,20.227
2023,Baix Empordà,Pruner,Plum,stone_fruit,stone_fruit,0.0,0.0,,1.0,11500.0,11.5
2023,Baix Empordà,Ametller,Almond,nut,almond,1.0,500.0,0.5,1.0,1500.0,1.5
2023,Baix Empordà,Noguera,Walnut,nut,walnut,0.0,0.0,,4.0,1600.0,1.6
2023,Baix Empordà,Nectariner,Nectarine,stone_fruit,stone_fruit,0.0,0.0,,1.0,23400.0,23.4
2023,Baix Empordà,Vinya de raïm per a vi,Wine grape,vine,vine,254.0,2122.0,2.122,11.0,2400.0,2.4
2023,Baix Empordà,Olivera per a oliva d'oli,Oil olive,olive,olive,285.0,689.0,0.689,29.0,850.0,0.85
2023,Baix Llobregat,Pomera,Apple,pome_fruit,pome_fruit,0.0,0.0,,7.0,23470.0,23.47
2023,Baix Llobregat,Perera,Pear,pome_fruit,pome_fruit,0.0,0.0,,8.0,16050.0,16.05
2023,Baix Llobregat,Albercoquer,Apricot,stone_fruit,apricot,0.0,0.0,,4.0,11200.0,11.2
2023,Baix Llobregat,Cirerer i guinder,Cherry and sour cherry,stone_fruit,cherry,40.0,1010.0,1.01,50.0,1680.0,1.68
2023,Baix Llobregat,Presseguer,Peach,stone_fruit,stone_fruit,8.0,5310.0,5.31,51.0,9790.0,9.79
2023,Baix Llobregat,Pruner,Plum,stone_fruit,stone_fruit,2.0,5550.0,5.55,22.0,8060.0,8.06
2023,Baix Llobregat,Ametller,Almond,nut,almond,10.0,210.0,0.21,0.0,0.0,
2023,Baix Llobregat,Nectariner,Nectarine,stone_fruit,stone_fruit,0.0,0.0,,2.0,13030.0,13.03
2023,Baix Llobregat,Caqui,Persimmon,other,other,1.0,1590.0,1.59,1.0,12100.0,12.1
2023,Baix Llobregat,Vinya de raïm per a vi,Wine grape,vine,vine,257.0,3300.0,3.3,1.0,8829.0,8.829
2023,Baix Llobregat,Olivera per a oliva d'oli,Oil olive,olive,olive,165.0,480.0,0.48,30.0,1820.0,1.82
2023,Baix Penedès,Pomera,Apple,pome_fruit,pome_fruit,5.0,8120.0,8.12,0.0,0.0,
2023,Baix Penedès,Cirerer i guinder,Cherry and sour cherry,stone_fruit,cherry,4.0,1800.0,1.8,0.0,0.0,
2023,Baix Penedès,Presseguer,Peach,stone_fruit,stone_fruit,3.0,6000.0,6.0,1.0,13840.0,13.84
2023,Baix Penedès,Ametller,Almond,nut,almond,79.0,295.0,0.295,33.0,2535.0,2.535
2023,Baix Penedès,Vinya de raïm per a vi,Wine grape,vine,vine,3598.0,3835.0,3.835,37.0,7364.0,7.364
2023,Baix Penedès,Olivera per a oliva d'oli,Oil olive,olive,olive,764.0,2283.0,2.283,68.0,4190.0,4.19
2023,Barcelonès,Vinya de raïm per a vi,Wine grape,vine,vine,3.0,1460.0,1.46,0.0,0.0,
2023,Berguedà,Pomera,Apple,pome_fruit,pome_fruit,0.0,0.0,,1.0,22500.0,22.5
2023,Berguedà,Noguera,Walnut,nut,walnut,1.0,890.0,0.89,0.0,0.0,
2023,Berguedà,Vinya de raïm per a vi,Wine grape,vine,vine,9.0,1000.0,1.0,0.0,0.0,
2023,Cerdanya,Pomera,Apple,pome_fruit,pome_fruit,2.0,4000.0,4.0,5.0,40609.0,40.609
2023,Cerdanya,Vinya de raïm per a vi,Wine grape,vine,vine,10.0,2314.0,2.314,0.0,0.0,
2023,Conca de Barberà,Pomera,Apple,pome_fruit,pome_fruit,0.0,0.0,,1.0,18560.0,18.56
2023,Conca de Barberà,Cirerer i guinder,Cherry and sour cherry,stone_fruit,cherry,19.0,1500.0,1.5,0.0,0.0,
2023,Conca de Barberà,Ametller,Almond,nut,almond,504.0,212.0,0.212,17.0,2082.0,2.082
2023,Conca de Barberà,Noguera,Walnut,nut,walnut,11.0,300.0,0.3,30.0,900.0,0.9
2023,Conca de Barberà,Avellaner,Hazelnut,nut,hazelnut,280.0,222.0,0.222,47.0,981.0,0.981
2023,Conca de Barberà,Caqui,Persimmon,other,other,3.0,3500.0,3.5,0.0,0.0,
2023,Conca de Barberà,Vinya de raïm per a vi,Wine grape,vine,vine,4012.0,4996.0,4.996,28.0,4511.0,4.511
2023,Conca de Barberà,Olivera per a oliva d'oli,Oil olive,olive,olive,716.0,696.0,0.696,31.0,1782.0,1.782
2023,Garraf,Presseguer,Peach,stone_fruit,stone_fruit,0.0,0.0,,1.0,6560.0,6.56
2023,Garraf,Ametller,Almond,nut,almond,2.0,150.0,0.15,0.0,0.0,
2023,Garraf,Vinya de raïm per a vi,Wine grape,vine,vine,876.0,3104.0,3.104,0.0,0.0,
2023,Garraf,Olivera per a oliva d'oli,Oil olive,olive,olive,56.0,280.0,0.28,10.0,1430.0,1.43
2023,Garrigues,Pomera,Apple,pome_fruit,pome_fruit,0.0,0.0,,361.0,29907.0,29.907
2023,Garrigues,Perera,Pear,pome_fruit,pome_fruit,0.0,0.0,,500.0,15617.0,15.617
2023,Garrigues,Albercoquer,Apricot,stone_fruit,apricot,0.0,0.0,,35.0,7085.0,7.085
2023,Garrigues,Cirerer i guinder,Cherry and sour cherry,stone_fruit,cherry,4.0,1680.0,1.68,25.0,5875.0,5.875
2023,Garrigues,Presseguer,Peach,stone_fruit,stone_fruit,0.0,0.0,,54.0,30815.0,30.815
2023,Garrigues,Pruner,Plum,stone_fruit,stone_fruit,0.0,0.0,,41.0,23940.0,23.94
2023,Garrigues,Magraner,Pomegranate,other,other,1.0,9000.0,9.0,0.0,19000.0,
2023,Garrigues,Ametller,Almond,nut,almond,3547.0,325.0,0.325,1311.0,1400.0,1.4
2023,Garrigues,Noguera,Walnut,nut,walnut,22.0,400.0,0.4,14.0,2400.0,2.4
2023,Garrigues,Avellaner,Hazelnut,nut,hazelnut,3.0,460.0,0.46,1.0,1400.0,1.4
2023,Garrigues,Nectariner,Nectarine,stone_fruit,stone_fruit,0.0,0.0,,137.0,26175.0,26.175
2023,Garrigues,Caqui,Persimmon,other,other,0.0,0.0,,1.0,24500.0,24.5
2023,Garrigues,Prèssec plà,Flat peach,stone_fruit,stone_fruit,0.0,0.0,,72.0,29046.0,29.046
2023,Garrigues,Platerina,Flat nectarine,stone_fruit,stone_fruit,0.0,0.0,,5.0,26175.0,26.175
2023,Garrigues,Vinya de raïm per a vi,Wine grape,vine,vine,532.0,5498.0,5.498,69.0,9503.0,9.503
2023,Garrigues,Olivera per a oliva d'oli,Oil olive,olive,olive,11124.0,725.0,0.725,5930.0,3000.0,3.0
2023,Garrotxa,Pomera,Apple,pome_fruit,pome_fruit,0.0,0.0,,1.0,40609.0,40.609
2023,Garrotxa,Albercoquer,Apricot,stone_fruit,apricot,1.0,6941.0,6.941,0.0,0.0,
2023,Garrotxa,Noguera,Walnut,nut,walnut,4.0,500.0,0.5,0.0,0.0,
2023,Garrotxa,Vinya de raïm per a vi,Wine grape,vine,vine,3.0,2314.0,2.314,0.0,0.0,
2023,Garrotxa,Olivera per a oliva d'oli,Oil olive,olive,olive,1.0,700.0,0.7,0.0,0.0,
2023,Gironès,Pomera,Apple,pome_fruit,pome_fruit,0.0,0.0,,53.0,40609.0,40.609
2023,Gironès,Perera,Pear,pome_fruit,pome_fruit,0.0,0.0,,89.0,17734.0,17.734
2023,Gironès,Presseguer,Peach,stone_fruit,stone_fruit,0.0,0.0,,3.0,20227.0,20.227
2023,Gironès,Pruner,Plum,stone_fruit,stone_fruit,0.0,0.0,,1.0,11500.0,11.5
2023,Gironès,Noguera,Walnut,nut,walnut,2.0,400.0,0.4,13.0,1000.0,1.0
2023,Gironès,Avellaner,Hazelnut,nut,hazelnut,19.0,600.0,0.6,57.0,1150.0,1.15
2023,Gironès,Vinya de raïm per a vi,Wine grape,vine,vine,41.0,3013.0,3.013,0.0,0.0,
2023,Gironès,Olivera per a oliva d'oli,Oil olive,olive,olive,44.0,700.0,0.7,10.0,860.0,0.86
2023,Maresme,Cirerer i guinder,Cherry and sour cherry,stone_fruit,cherry,1.0,1220.0,1.22,0.0,0.0,
2023,Maresme,Ametller,Almond,nut,almond,1.0,600.0,0.6,0.0,0.0,
2023,Maresme,Vinya de raïm per a vi,Wine grape,vine,vine,146.0,2200.0,2.2,42.0,4537.0,4.537
2023,Maresme,Olivera per a oliva d'oli,Oil olive,olive,olive,1.0,1320.0,1.32,11.0,2860.0,2.86
2023,Moianès,Ametller,Almond,nut,almond,3.0,170.0,0.17,0.0,0.0,
2023,Moianès,Noguera,Walnut,nut,walnut,0.0,0.0,,14.0,2500.0,2.5
2023,Moianès,Vinya de raïm per a vi,Wine grape,vine,vine,11.0,1000.0,1.0,0.0,0.0,
2023,Moianès,Olivera per a oliva d'oli,Oil olive,olive,olive,6.0,200.0,0.2,0.0,0.0,
2023,Montsià,Pomera,Apple,pome_fruit,pome_fruit,1.0,8120.0,8.12,1.0,18560.0,18.56
2023,Montsià,Perera,Pear,pome_fruit,pome_fruit,0.0,0.0,,1.0,9398.0,9.398
2023,Montsià,Albercoquer,Apricot,stone_fruit,apricot,2.0,2200.0,2.2,3.0,4200.0,4.2
2023,Montsià,Cirerer i guinder,Cherry and sour cherry,stone_fruit,cherry,3.0,1500.0,1.5,6.0,5239.0,5.239
2023,Montsià,Presseguer,Peach,stone_fruit,stone_fruit,5.0,6000.0,6.0,22.0,13840.0,13.84
2023,Montsià,Pruner,Plum,stone_fruit,stone_fruit,0.0,0.0,,1.0,17441.0,17.441
2023,Montsià,Magraner,Pomegranate,other,other,0.0,0.0,,24.0,10000.0,10.0
2023,Montsià,Ametller,Almond,nut,almond,280.0,295.0,0.295,183.0,3028.0,3.028
2023,Montsià,Noguera,Walnut,nut,walnut,0.0,0.0,,4.0,1400.0,1.4
2023,Montsià,Nectariner,Nectarine,stone_fruit,stone_fruit,0.0,0.0,,6.0,17893.0,17.893
2023,Montsià,Caqui,Persimmon,other,other,0.0,0.0,,1.0,9000.0,9.0
2023,Montsià,Vinya de raïm per a vi,Wine grape,vine,vine,5.0,1748.0,1.748,2.0,250.0,0.25
2023,Montsià,Olivera per a oliva d'oli,Oil olive,olive,olive,11882.0,2158.0,2.158,1149.0,3841.0,3.841
2023,Noguera,Pomera,Apple,pome_fruit,pome_fruit,0.0,0.0,,614.0,29907.0,29.907
2023,Noguera,Perera,Pear,pome_fruit,pome_fruit,0.0,0.0,,990.0,15616.0,15.616
2023,Noguera,Albercoquer,Apricot,stone_fruit,apricot,0.0,0.0,,32.0,7085.0,7.085
2023,Noguera,Cirerer i guinder,Cherry and sour cherry,stone_fruit,cherry,0.0,0.0,,19.0,5875.0,5.875
2023,Noguera,Presseguer,Peach,stone_fruit,stone_fruit,0.0,0.0,,296.0,30815.0,30.815
2023,Noguera,Pruner,Plum,stone_fruit,stone_fruit,0.0,0.0,,4.0,23940.0,23.94
2023,Noguera,Ametller,Almond,nut,almond,853.0,300.0,0.3,419.0,850.0,0.85
2023,Noguera,Noguera,Walnut,nut,walnut,9.0,300.0,0.3,39.0,2000.0,2.0
2023,Noguera,Nectariner,Nectarine,stone_fruit,stone_fruit,0.0,0.0,,449.0,26175.0,26.175
2023,Noguera,Prèssec plà,Flat peach,stone_fruit,stone_fruit,0.0,0.0,,189.0,29046.0,29.046
2023,Noguera,Platerina,Flat nectarine,stone_fruit,stone_fruit,0.0,0.0,,9.0,26175.0,26.175
2023,Noguera,Vinya de raïm per a vi,Wine grape,vine,vine,147.0,3803.0,3.803,173.0,7120.0,7.12
2023,Noguera,Olivera per a oliva d'oli,Oil olive,olive,olive,1150.0,750.0,0.75,287.0,1200.0,1.2
2023,Osona,Noguera,Walnut,nut,walnut,24.0,1180.0,1.18,9.0,2190.0,2.19
2023,Osona,Vinya de raïm per a vi,Wine grape,vine,vine,9.0,3812.0,3.812,0.0,0.0,
2023,Osona,Olivera per a oliva d'oli,Oil olive,olive,olive,2.0,210.0,0.21,0.0,0.0,
2023,Pallars Jussà,Cirerer i guinder,Cherry and sour cherry,stone_fruit,cherry,1.0,1680.0,1.68,2.0,5875.0,5.875
2023,Pallars Jussà,Ametller,Almond,nut,almond,1097.0,230.0,0.23,36.0,500.0,0.5
2023,Pallars Jussà,Noguera,Walnut,nut,walnut,42.0,1400.0,1.4,14.0,3900.0,3.9
2023,Pallars Jussà,Vinya de raïm per a vi,Wine grape,vine,vine,241.0,3161.0,3.161,24.0,8150.0,8.15
2023,Pallars Jussà,Olivera per a oliva d'oli,Oil olive,olive,olive,570.0,653.0,0.653,14.0,1300.0,1.3
2023,Pallars Sobirà,Pomera,Apple,pome_fruit,pome_fruit,0.0,0.0,,3.0,29907.0,29.907
2023,Pallars Sobirà,Noguera,Walnut,nut,walnut,1.0,924.0,0.924,5.0,2500.0,2.5
2023,Pallars Sobirà,Vinya de raïm per a vi,Wine grape,vine,vine,9.0,2050.0,2.05,5.0,5109.0,5.109
2023,Pallars Sobirà,Olivera per a oliva d'oli,Oil olive,olive,olive,1.0,800.0,0.8,0.0,0.0,
2023,Pla de l'Estany,Noguera,Walnut,nut,walnut,23.0,650.0,0.65,47.0,1200.0,1.2
2023,Pla de l'Estany,Vinya de raïm per a vi,Wine grape,vine,vine,1.0,2300.0,2.3,2.0,2452.0,2.452
2023,Pla de l'Estany,Olivera per a oliva d'oli,Oil olive,olive,olive,15.0,700.0,0.7,5.0,860.0,0.86
2023,Pla d'Urgell,Pomera,Apple,pome_fruit,pome_fruit,0.0,0.0,,1704.0,29907.0,29.907
2023,Pla d'Urgell,Perera,Pear,pome_fruit,pome_fruit,0.0,0.0,,906.0,15616.0,15.616
2023,Pla d'Urgell,Albercoquer,Apricot,stone_fruit,apricot,0.0,0.0,,34.0,7085.0,7.085
2023,Pla d'Urgell,Cirerer i guinder,Cherry and sour cherry,stone_fruit,cherry,0.0,0.0,,6.0,5875.0,5.875
2023,Pla d'Urgell,Presseguer,Peach,stone_fruit,stone_fruit,0.0,0.0,,68.0,30815.0,30.815
2023,Pla d'Urgell,Pruner,Plum,stone_fruit,stone_fruit,0.0,0.0,,8.0,23940.0,23.94
2023,Pla d'Urgell,Magraner,Pomegranate,other,other,0.0,0.0,,3.0,20000.0,20.0
2023,Pla d'Urgell,Ametller,Almond,nut,almond,12.0,51.0,0.051,96.0,570.0,0.57
2023,Pla d'Urgell,Noguera,Walnut,nut,walnut,2.0,204.0,0.204,86.0,2172.0,2.172
2023,Pla d'Urgell,Nectariner,Nectarine,stone_fruit,stone_fruit,0.0,0.0,,147.0,26175.0,26.175
2023,Pla d'Urgell,Prèssec plà,Flat peach,stone_fruit,stone_fruit,0.0,0.0,,94.0,29046.0,29.046
2023,Pla d'Urgell,Platerina,Flat nectarine,stone_fruit,stone_fruit,0.0,0.0,,8.0,26175.0,26.175
2023,Pla d'Urgell,Olivera per a oliva d'oli,Oil olive,olive,olive,27.0,475.0,0.475,57.0,1800.0,1.8
2023,Priorat,Pomera,Apple,pome_fruit,pome_fruit,1.0,7888.0,7.888,2.0,18560.0,18.56
2023,Priorat,Albercoquer,Apricot,stone_fruit,apricot,0.0,0.0,,2.0,4200.0,4.2
2023,Priorat,Cirerer i guinder,Cherry and sour cherry,stone_fruit,cherry,13.0,1800.0,1.8,43.0,4500.0,4.5
2023,Priorat,Presseguer,Peach,stone_fruit,stone_fruit,0.0,0.0,,16.0,11450.0,11.45
2023,Priorat,Pruner,Plum,stone_fruit,stone_fruit,0.0,0.0,,1.0,15450.0,15.45
2023,Priorat,Ametller,Almond,nut,almond,518.0,212.0,0.212,113.0,2082.0,2.082
2023,Priorat,Noguera,Walnut,nut,walnut,2.0,400.0,0.4,0.0,0.0,
2023,Priorat,Avellaner,Hazelnut,nut,hazelnut,368.0,186.0,0.186,96.0,818.0,0.818
2023,Priorat,Vinya de raïm per a vi,Wine grape,vine,vine,3247.0,2607.0,2.607,381.0,3550.0,3.55
2023,Priorat,Olivera per a oliva d'oli,Oil olive,olive,olive,883.0,644.0,0.644,932.0,1771.0,1.771
2023,Ribera d'Ebre,Perera,Pear,pome_fruit,pome_fruit,0.0,0.0,,55.0,9398.0,9.398
2023,Ribera d'Ebre,Albercoquer,Apricot,stone_fruit,apricot,6.0,2200.0,2.2,117.0,5073.0,5.073
2023,Ribera d'Ebre,Cirerer i guinder,Cherry and sour cherry,stone_fruit,cherry,61.0,1800.0,1.8,775.0,5239.0,5.239
2023,Ribera d'Ebre,Presseguer,Peach,stone_fruit,stone_fruit,8.0,6000.0,6.0,392.0,13840.0,13.84
2023,Ribera d'Ebre,Pruner,Plum,stone_fruit,stone_fruit,1.0,6000.0,6.0,33.0,17441.0,17.441
2023,Ribera d'Ebre,Magraner,Pomegranate,other,other,0.0,0.0,,2.0,10000.0,10.0
2023,Ribera d'Ebre,Ametller,Almond,nut,almond,1414.0,212.0,0.212,865.0,1755.0,1.755
2023,Ribera d'Ebre,Noguera,Walnut,nut,walnut,0.0,0.0,,4.0,1500.0,1.5
2023,Ribera d'Ebre,Avellaner,Hazelnut,nut,hazelnut,88.0,186.0,0.186,7.0,818.0,0.818
2023,Ribera d'Ebre,Nectariner,Nectarine,stone_fruit,stone_fruit,3.0,6000.0,6.0,296.0,17893.0,17.893
2023,Ribera d'Ebre,Prèssec plà,Flat peach,stone_fruit,stone_fruit,0.0,0.0,,111.0,24241.0,24.241
2023,Ribera d'Ebre,Platerina,Flat nectarine,stone_fruit,stone_fruit,0.0,0.0,,2.0,20000.0,20.0
2023,Ribera d'Ebre,Vinya de raïm per a vi,Wine grape,vine,vine,799.0,4512.0,4.512,181.0,7049.0,7.049
2023,Ribera d'Ebre,Olivera per a oliva d'oli,Oil olive,olive,olive,3589.0,647.0,0.647,3253.0,2147.0,2.147
2023,Ripollès,Vinya de raïm per a vi,Wine grape,vine,vine,1.0,2477.0,2.477,0.0,0.0,
2023,Segarra,Pomera,Apple,pome_fruit,pome_fruit,0.0,0.0,,4.0,29907.0,29.907
2023,Segarra,Ametller,Almond,nut,almond,480.0,250.0,0.25,7.0,850.0,0.85
2023,Segarra,Noguera,Walnut,nut,walnut,7.0,400.0,0.4,1.0,2400.0,2.4
2023,Segarra,Vinya de raïm per a vi,Wine grape,vine,vine,77.0,3218.0,3.218,0.0,0.0,
2023,Segarra,Olivera per a oliva d'oli,Oil olive,olive,olive,364.0,475.0,0.475,2.0,1800.0,1.8
2023,Segrià,Pomera,Apple,pome_fruit,pome_fruit,0.0,0.0,,1196.0,29907.0,29.907
2023,Segrià,Perera,Pear,pome_fruit,pome_fruit,0.0,0.0,,4693.0,15615.0,15.615
2023,Segrià,Albercoquer,Apricot,stone_fruit,apricot,0.0,0.0,,1300.0,7085.0,7.085
2023,Segrià,Cirerer i guinder,Cherry and sour cherry,stone_fruit,cherry,0.0,0.0,,655.0,5875.0,5.875
2023,Segrià,Presseguer,Peach,stone_fruit,stone_fruit,0.0,0.0,,2628.0,30815.0,30.815
2023,Segrià,Pruner,Plum,stone_fruit,stone_fruit,0.0,0.0,,121.0,23940.0,23.94
2023,Segrià,Magraner,Pomegranate,other,other,0.0,0.0,,53.0,22000.0,22.0
2023,Segrià,Ametller,Almond,nut,almond,1740.0,150.0,0.15,3060.0,1400.0,1.4
2023,Segrià,Noguera,Walnut,nut,walnut,0.0,1300.0,,140.0,3600.0,3.6
2023,Segrià,Nectariner,Nectarine,stone_fruit,stone_fruit,0.0,0.0,,5580.0,26175.0,26.175
2023,Segrià,Nashi,Asian pear,other,other,0.0,0.0,,1.0,10000.0,10.0
2023,Segrià,Caqui,Persimmon,other,other,0.0,0.0,,40.0,25000.0,25.0
2023,Segrià,Prèssec plà,Flat peach,stone_fruit,stone_fruit,0.0,0.0,,3483.0,29046.0,29.046
2023,Segrià,Platerina,Flat nectarine,stone_fruit,stone_fruit,0.0,0.0,,167.0,26175.0,26.175
2023,Segrià,Vinya de raïm per a vi,Wine grape,vine,vine,247.0,3953.0,3.953,1591.0,13995.0,13.995
2023,Segrià,Olivera per a oliva d'oli,Oil olive,olive,olive,6416.0,701.0,0.701,2377.0,5000.0,5.0
2023,Selva,Pomera,Apple,pome_fruit,pome_fruit,0.0,0.0,,25.0,40609.0,40.609
2023,Selva,Perera,Pear,pome_fruit,pome_fruit,0.0,0.0,,43.0,17734.0,17.734
2023,Selva,Presseguer,Peach,stone_fruit,stone_fruit,0.0,0.0,,2.0,20227.0,20.227
2023,Selva,Noguera,Walnut,nut,walnut,1.0,600.0,0.6,8.0,1000.0,1.0
2023,Selva,Avellaner,Hazelnut,nut,hazelnut,249.0,600.0,0.6,293.0,1150.0,1.15
2023,Selva,Vinya de raïm per a vi,Wine grape,vine,vine,33.0,1941.0,1.941,3.0,1942.0,1.942
2023,Selva,Olivera per a oliva d'oli,Oil olive,olive,olive,24.0,700.0,0.7,12.0,860.0,0.86
2023,Solsonès,Pomera,Apple,pome_fruit,pome_fruit,2.0,4000.0,4.0,10.0,29907.0,29.907
2023,Solsonès,Ametller,Almond,nut,almond,8.0,300.0,0.3,0.0,0.0,
2023,Solsonès,Noguera,Walnut,nut,walnut,3.0,1400.0,1.4,5.0,3900.0,3.9
2023,Solsonès,Vinya de raïm per a vi,Wine grape,vine,vine,22.0,2000.0,2.0,0.0,0.0,
2023,Solsonès,Olivera per a oliva d'oli,Oil olive,olive,olive,35.0,800.0,0.8,0.0,0.0,
2023,Tarragonès,Albercoquer,Apricot,stone_fruit,apricot,0.0,0.0,,8.0,5730.0,5.73
2023,Tarragonès,Presseguer,Peach,stone_fruit,stone_fruit,1.0,6000.0,6.0,19.0,13840.0,13.84
2023,Tarragonès,Ametller,Almond,nut,almond,101.0,295.0,0.295,93.0,2530.0,2.53
2023,Tarragonès,Noguera,Walnut,nut,walnut,6.0,400.0,0.4,61.0,1400.0,1.4
2023,Tarragonès,Avellaner,Hazelnut,nut,hazelnut,95.0,259.0,0.259,1163.0,1005.0,1.005
2023,Tarragonès,Nectariner,Nectarine,stone_fruit,stone_fruit,0.0,0.0,,1.0,17893.0,17.893
2023,Tarragonès,Vinya de raïm per a vi,Wine grape,vine,vine,1261.0,4612.0,4.612,7.0,4249.0,4.249
2023,Tarragonès,Olivera per a oliva d'oli,Oil olive,olive,olive,547.0,2182.0,2.182,443.0,3918.0,3.918
2023,Terra Alta,Pomera,Apple,pome_fruit,pome_fruit,2.0,7540.0,7.54,0.0,0.0,
2023,Terra Alta,Perera,Pear,pome_fruit,pome_fruit,0.0,0.0,,1.0,9398.0,9.398
2023,Terra Alta,Albercoquer,Apricot,stone_fruit,apricot,0.0,0.0,,1.0,4200.0,4.2
2023,Terra Alta,Cirerer i guinder,Cherry and sour cherry,stone_fruit,cherry,27.0,1500.0,1.5,117.0,5239.0,5.239
2023,Terra Alta,Presseguer,Peach,stone_fruit,stone_fruit,4.0,6000.0,6.0,27.0,11450.0,11.45
2023,Terra Alta,Magraner,Pomegranate,other,other,1.0,5000.0,5.0,0.0,0.0,
2023,Terra Alta,Ametller,Almond,nut,almond,4597.0,212.0,0.212,855.0,1755.0,1.755
2023,Terra Alta,Noguera,Walnut,nut,walnut,16.0,500.0,0.5,7.0,1500.0,1.5
2023,Terra Alta,Avellaner,Hazelnut,nut,hazelnut,347.0,259.0,0.259,73.0,877.0,0.877
2023,Terra Alta,Nectariner,Nectarine,stone_fruit,stone_fruit,0.0,0.0,,2.0,15450.0,15.45
2023,Terra Alta,Vinya de raïm per a vi,Wine grape,vine,vine,5714.0,6166.0,6.166,173.0,7024.0,7.024
2023,Terra Alta,Olivera per a oliva d'oli,Oil olive,olive,olive,3238.0,1473.0,1.473,1140.0,2306.0,2.306
2023,Urgell,Pomera,Apple,pome_fruit,pome_fruit,0.0,0.0,,1087.0,29907.0,29.907
2023,Urgell,Perera,Pear,pome_fruit,pome_fruit,0.0,0.0,,418.0,15615.0,15.615
2023,Urgell,Presseguer,Peach,stone_fruit,stone_fruit,0.0,0.0,,5.0,30815.0,30.815
2023,Urgell,Ametller,Almond,nut,almond,1367.0,250.0,0.25,503.0,1500.0,1.5
2023,Urgell,Noguera,Walnut,nut,walnut,2.0,1000.0,1.0,23.0,3000.0,3.0
2023,Urgell,Avellaner,Hazelnut,nut,hazelnut,0.0,0.0,,2.0,1200.0,1.2
2023,Urgell,Nectariner,Nectarine,stone_fruit,stone_fruit,0.0,0.0,,13.0,26175.0,26.175
2023,Urgell,Prèssec plà,Flat peach,stone_fruit,stone_fruit,0.0,0.0,,1.0,29046.0,29.046
2023,Urgell,Platerina,Flat nectarine,stone_fruit,stone_fruit,0.0,0.0,,9.0,26175.0,26.175
2023,Urgell,Vinya de raïm per a vi,Wine grape,vine,vine,1266.0,8713.0,8.713,33.0,15000.0,15.0
2023,Urgell,Olivera per a oliva d'oli,Oil olive,olive,olive,2184.0,702.0,0.702,400.0,3500.0,3.5
2023,Vallès Occidental,Cirerer i guinder,Cherry and sour cherry,stone_fruit,cherry,1.0,1100.0,1.1,3.0,1750.0,1.75
2023,Vallès Occidental,Presseguer,Peach,stone_fruit,stone_fruit,1.0,3510.0,3.51,4.0,6030.0,6.03
2023,Vallès Occidental,Pruner,Plum,stone_fruit,stone_fruit,0.0,0.0,,1.0,9930.0,9.93
2023,Vallès Occidental,Ametller,Almond,nut,almond,7.0,610.0,0.61,0.0,0.0,
2023,Vallès Occidental,Noguera,Walnut,nut,walnut,5.0,440.0,0.44,0.0,0.0,
2023,Vallès Occidental,Avellaner,Hazelnut,nut,hazelnut,2.0,400.0,0.4,0.0,0.0,
2023,Vallès Occidental,Caqui,Persimmon,other,other,0.0,0.0,,1.0,11800.0,11.8
2023,Vallès Occidental,Vinya de raïm per a vi,Wine grape,vine,vine,25.0,1000.0,1.0,1.0,1608.0,1.608
2023,Vallès Occidental,Olivera per a oliva d'oli,Oil olive,olive,olive,69.0,460.0,0.46,7.0,700.0,0.7
2023,Vallès Oriental,Cirerer i guinder,Cherry and sour cherry,stone_fruit,cherry,0.0,0.0,,1.0,3700.0,3.7
2023,Vallès Oriental,Ametller,Almond,nut,almond,7.0,580.0,0.58,0.0,0.0,
2023,Vallès Oriental,Noguera,Walnut,nut,walnut,0.0,0.0,,1.0,2700.0,2.7
2023,Vallès Oriental,Avellaner,Hazelnut,nut,hazelnut,33.0,350.0,0.35,24.0,730.0,0.73
2023,Vallès Oriental,Nectariner,Nectarine,stone_fruit,stone_fruit,0.0,0.0,,1.0,12930.0,12.93
2023,Vallès Oriental,Vinya de raïm per a vi,Wine grape,vine,vine,142.0,2545.0,2.545,0.0,0.0,
2023,Vallès Oriental,Olivera per a oliva d'oli,Oil olive,olive,olive,162.0,550.0,0.55,21.0,1230.0,1.23
2024,Alt Camp,Pomera,Apple,pome_fruit,pome_fruit,2.0,5000.0,5.0,4.0,14000.0,14.0
2024,Alt Camp,Cirerer i guinder,Cherry and sour cherry,stone_fruit,cherry,29.0,1500.0,1.5,6.0,4500.0,4.5
2024,Alt Camp,Magraner,Pomegranate,other,other,1.0,5000.0,5.0,2.0,12000.0,12.0
2024,Alt Camp,Ametller,Almond,nut,almond,1273.0,225.0,0.225,345.0,2700.0,2.7
2024,Alt Camp,Noguera,Walnut,nut,walnut,9.0,700.0,0.7,15.0,1900.0,1.9
2024,Alt Camp,Avellaner,Hazelnut,nut,hazelnut,116.0,75.0,0.075,1526.0,425.0,0.425
2024,Alt Camp,Caqui,Persimmon,other,other,0.0,0.0,,6.0,9000.0,9.0
2024,Alt Camp,Vinya de raïm per a vi,Wine grape,vine,vine,6358.0,4742.0,4.742,24.0,3748.0,3.748
2024,Alt Camp,Olivera per a oliva d'oli,Oil olive,olive,olive,1309.0,757.0,0.757,401.0,2452.0,2.452
2024,Alt Empordà,Pomera,Apple,pome_fruit,pome_fruit,0.0,0.0,,1197.0,43219.0,43.219
2024,Alt Empordà,Perera,Pear,pome_fruit,pome_fruit,0.0,0.0,,3.0,17756.0,17.756
2024,Alt Empordà,Albercoquer,Apricot,stone_fruit,apricot,5.0,2900.0,2.9,8.0,3450.0,3.45
2024,Alt Empordà,Cirerer i guinder,Cherry and sour cherry,stone_fruit,cherry,27.0,576.0,0.576,15.0,897.0,0.897
2024,Alt Empordà,Presseguer,Peach,stone_fruit,stone_fruit,0.0,0.0,,17.0,19390.0,19.39
2024,Alt Empordà,Ametller,Almond,nut,almond,11.0,246.0,0.246,6.0,328.0,0.328
2024,Alt Empordà,Noguera,Walnut,nut,walnut,3.0,390.0,0.39,53.0,700.0,0.7
2024,Alt Empordà,Nectariner,Nectarine,stone_fruit,stone_fruit,2.0,26250.0,26.25,1.0,26250.0,26.25
2024,Alt Empordà,Caqui,Persimmon,other,other,0.0,0.0,,2.0,12000.0,12.0
2024,Alt Empordà,Prèssec plà,Flat peach,stone_fruit,stone_fruit,0.0,0.0,,1.0,12000.0,12.0
2024,Alt Empordà,Vinya de raïm per a vi,Wine grape,vine,vine,1727.0,2489.0,2.489,79.0,4300.0,4.3
2024,Alt Empordà,Olivera per a oliva d'oli,Oil olive,olive,olive,1620.0,1588.0,1.588,167.0,2602.0,2.602
2024,Alt Penedès,Pomera,Apple,pome_fruit,pome_fruit,1.0,8051.0,8.051,1.0,17195.0,17.195
2024,Alt Penedès,Albercoquer,Apricot,stone_fruit,apricot,3.0,5865.0,5.865,12.0,12070.0,12.07
2024,Alt Penedès,Cirerer i guinder,Cherry and sour cherry,stone_fruit,cherry,21.0,1800.0,1.8,2.0,3300.0,3.3
2024,Alt Penedès,Presseguer,Peach,stone_fruit,stone_fruit,67.0,5265.0,5.265,60.0,9477.0,9.477
2024,Alt Penedès,Pruner,Plum,stone_fruit,stone_fruit,3.0,4488.0,4.488,3.0,9222.0,9.222
2024,Alt Penedès,Ametller,Almond,nut,almond,45.0,700.0,0.7,5.0,1000.0,1.0
2024,Alt Penedès,Noguera,Walnut,nut,walnut,2.0,800.0,0.8,0.0,0.0,
2024,Alt Penedès,Nectariner,Nectarine,stone_fruit,stone_fruit,0.0,0.0,,7.0,11000.0,11.0
2024,Alt Penedès,Caqui,Persimmon,other,other,1.0,3600.0,3.6,2.0,11900.0,11.9
2024,Alt Penedès,Prèssec plà,Flat peach,stone_fruit,stone_fruit,0.0,0.0,,9.0,7300.0,7.3
2024,Alt Penedès,Vinya de raïm per a vi,Wine grape,vine,vine,17369.0,4699.0,4.699,15.0,12000.0,12.0
2024,Alt Penedès,Olivera per a oliva d'oli,Oil olive,olive,olive,494.0,478.0,0.478,86.0,2170.0,2.17
2024,Alt Urgell,Pomera,Apple,pome_fruit,pome_fruit,3.0,4000.0,4.0,9.0,32752.0,32.752
2024,Alt Urgell,Perera,Pear,pome_fruit,pome_fruit,0.0,0.0,,1.0,9698.0,9.698
2024,Alt Urgell,Ametller,Almond,nut,almond,6.0,230.0,0.23,1.0,1500.0,1.5
2024,Alt Urgell,Noguera,Walnut,nut,walnut,1.0,1250.0,1.25,0.0,0.0,
2024,Alt Urgell,Vinya de raïm per a vi,Wine grape,vine,vine,11.0,2350.0,2.35,0.0,0.0,
2024,Alt Urgell,Olivera per a oliva d'oli,Oil olive,olive,olive,41.0,620.0,0.62,1.0,3500.0,3.5
2024,Alta Ribagorça,Pomera,Apple,pome_fruit,pome_fruit,0.0,0.0,,12.0,32752.0,32.752
2024,Anoia,Pomera,Apple,pome_fruit,pome_fruit,3.0,10088.0,10.088,1.0,20235.0,20.235
2024,Anoia,Perera,Pear,pome_fruit,pome_fruit,0.0,0.0,,1.0,12300.0,12.3
2024,Anoia,Albercoquer,Apricot,stone_fruit,apricot,0.0,0.0,,3.0,11250.0,11.25
2024,Anoia,Cirerer i guinder,Cherry and sour cherry,stone_fruit,cherry,3.0,2000.0,2.0,1.0,3500.0,3.5
2024,Anoia,Presseguer,Peach,stone_fruit,stone_fruit,3.0,4526.0,4.526,57.0,8176.0,8.176
2024,Anoia,Ametller,Almond,nut,almond,312.0,250.0,0.25,1.0,500.0,0.5
2024,Anoia,Noguera,Walnut,nut,walnut,26.0,500.0,0.5,2.0,1900.0,1.9
2024,Anoia,Avellaner,Hazelnut,nut,hazelnut,2.0,300.0,0.3,0.0,0.0,
2024,Anoia,Nectariner,Nectarine,stone_fruit,stone_fruit,1.0,1700.0,1.7,1.0,11000.0,11.0
2024,Anoia,Vinya de raïm per a vi,Wine grape,vine,vine,2056.0,3808.0,3.808,0.0,0.0,
2024,Anoia,Olivera per a oliva d'oli,Oil olive,olive,olive,457.0,478.0,0.478,24.0,3020.0,3.02
2024,Aran,Pomera,Apple,pome_fruit,pome_fruit,0.0,0.0,,1.0,32752.0,32.752
2024,Aran,Vinya de raïm per a vi,Wine grape,vine,vine,1.0,4000.0,4.0,0.0,0.0,
2024,Bages,Albercoquer,Apricot,stone_fruit,apricot,2.0,1300.0,1.3,0.0,0.0,
2024,Bages,Cirerer i guinder,Cherry and sour cherry,stone_fruit,cherry,1.0,700.0,0.7,0.0,0.0,
2024,Bages,Presseguer,Peach,stone_fruit,stone_fruit,6.0,4500.0,4.5,1.0,11700.0,11.7
2024,Bages,Ametller,Almond,nut,almond,90.0,300.0,0.3,0.0,0.0,
2024,Bages,Noguera,Walnut,nut,walnut,10.0,600.0,0.6,2.0,1000.0,1.0
2024,Bages,Vinya de raïm per a vi,Wine grape,vine,vine,405.0,1965.0,1.965,20.0,5000.0,5.0
2024,Bages,Olivera per a oliva d'oli,Oil olive,olive,olive,186.0,578.0,0.578,32.0,1920.0,1.92
2024,Baix Camp,Pomera,Apple,pome_fruit,pome_fruit,0.0,0.0,,17.0,35000.0,35.0
2024,Baix Camp,Albercoquer,Apricot,stone_fruit,apricot,1.0,2000.0,2.0,25.0,8000.0,8.0
2024,Baix Camp,Cirerer i guinder,Cherry and sour cherry,stone_fruit,cherry,1.0,1500.0,1.5,7.0,5600.0,5.6
2024,Baix Camp,Presseguer,Peach,stone_fruit,stone_fruit,1.0,5500.0,5.5,27.0,13520.0,13.52
2024,Baix Camp,Pruner,Plum,stone_fruit,stone_fruit,0.0,0.0,,9.0,10241.0,10.241
2024,Baix Camp,Magraner,Pomegranate,other,other,3.0,5000.0,5.0,0.0,0.0,
2024,Baix Camp,Ametller,Almond,nut,almond,298.0,375.0,0.375,422.0,3200.0,3.2
2024,Baix Camp,Noguera,Walnut,nut,walnut,4.0,700.0,0.7,14.0,2200.0,2.2
2024,Baix Camp,Avellaner,Hazelnut,nut,hazelnut,757.0,75.0,0.075,2221.0,425.0,0.425
2024,Baix Camp,Vinya de raïm per a vi,Wine grape,vine,vine,206.0,4607.0,4.607,7.0,1596.0,1.596
2024,Baix Camp,Olivera per a oliva d'oli,Oil olive,olive,olive,1084.0,788.0,0.788,3173.0,2421.0,2.421
2024,Baix Ebre,Pomera,Apple,pome_fruit,pome_fruit,1.0,5000.0,5.0,0.0,0.0,
2024,Baix Ebre,Perera,Pear,pome_fruit,pome_fruit,0.0,0.0,,10.0,7000.0,7.0
2024,Baix Ebre,Albercoquer,Apricot,stone_fruit,apricot,0.0,0.0,,7.0,8000.0,8.0
2024,Baix Ebre,Cirerer i guinder,Cherry and sour cherry,stone_fruit,cherry,9.0,1500.0,1.5,42.0,5600.0,5.6
2024,Baix Ebre,Presseguer,Peach,stone_fruit,stone_fruit,0.0,0.0,,46.0,13520.0,13.52
2024,Baix Ebre,Pruner,Plum,stone_fruit,stone_fruit,0.0,0.0,,1.0,10000.0,10.0
2024,Baix Ebre,Ametller,Almond,nut,almond,596.0,280.0,0.28,242.0,3200.0,3.2
2024,Baix Ebre,Noguera,Walnut,nut,walnut,0.0,0.0,,4.0,2200.0,2.2
2024,Baix Ebre,Nectariner,Nectarine,stone_fruit,stone_fruit,1.0,5600.0,5.6,15.0,15470.0,15.47
2024,Baix Ebre,Caqui,Persimmon,other,other,0.0,0.0,,1.0,9000.0,9.0
2024,Baix Ebre,Prèssec plà,Flat peach,stone_fruit,stone_fruit,0.0,0.0,,7.0,17059.0,17.059
2024,Baix Ebre,Vinya de raïm per a vi,Wine grape,vine,vine,7.0,4000.0,4.0,0.0,0.0,
2024,Baix Ebre,Olivera per a oliva d'oli,Oil olive,olive,olive,11390.0,528.0,0.528,1512.0,1898.0,1.898
2024,Baix Empordà,Pomera,Apple,pome_fruit,pome_fruit,0.0,0.0,,1064.0,43219.0,43.219
2024,Baix Empordà,Perera,Pear,pome_fruit,pome_fruit,0.0,0.0,,4.0,17756.0,17.756
2024,Baix Empordà,Albercoquer,Apricot,stone_fruit,apricot,1.0,3000.0,3.0,2.0,3450.0,3.45
2024,Baix Empordà,Presseguer,Peach,stone_fruit,stone_fruit,0.0,0.0,,19.0,19390.0,19.39
2024,Baix Empordà,Pruner,Plum,stone_fruit,stone_fruit,0.0,0.0,,1.0,8000.0,8.0
2024,Baix Empordà,Ametller,Almond,nut,almond,1.0,400.0,0.4,1.0,400.0,0.4
2024,Baix Empordà,Noguera,Walnut,nut,walnut,0.0,0.0,,1.0,1600.0,1.6
2024,Baix Empordà,Nectariner,Nectarine,stone_fruit,stone_fruit,0.0,0.0,,1.0,26250.0,26.25
2024,Baix Empordà,Vinya de raïm per a vi,Wine grape,vine,vine,254.0,2489.0,2.489,11.0,4300.0,4.3
2024,Baix Empordà,Olivera per a oliva d'oli,Oil olive,olive,olive,317.0,1595.0,1.595,31.0,2602.0,2.602
2024,Baix Llobregat,Pomera,Apple,pome_fruit,pome_fruit,1.0,10088.0,10.088,6.0,21660.0,21.66
2024,Baix Llobregat,Perera,Pear,pome_fruit,pome_fruit,0.0,0.0,,8.0,11700.0,11.7
2024,Baix Llobregat,Albercoquer,Apricot,stone_fruit,apricot,1.0,6500.0,6.5,2.0,12600.0,12.6
2024,Baix Llobregat,Cirerer i guinder,Cherry and sour cherry,stone_fruit,cherry,37.0,1482.0,1.482,41.0,2262.0,2.262
2024,Baix Llobregat,Presseguer,Peach,stone_fruit,stone_fruit,9.0,6200.0,6.2,46.0,11700.0,11.7
2024,Baix Llobregat,Pruner,Plum,stone_fruit,stone_fruit,3.0,6222.0,6.222,22.0,8904.0,8.904
2024,Baix Llobregat,Ametller,Almond,nut,almond,9.0,600.0,0.6,0.0,0.0,
2024,Baix Llobregat,Nectariner,Nectarine,stone_fruit,stone_fruit,0.0,0.0,,2.0,13400.0,13.4
2024,Baix Llobregat,Caqui,Persimmon,other,other,2.0,3600.0,3.6,1.0,11600.0,11.6
2024,Baix Llobregat,Vinya de raïm per a vi,Wine grape,vine,vine,253.0,3098.0,3.098,1.0,8000.0,8.0
2024,Baix Llobregat,Olivera per a oliva d'oli,Oil olive,olive,olive,172.0,918.0,0.918,29.0,3500.0,3.5
2024,Baix Penedès,Pomera,Apple,pome_fruit,pome_fruit,5.0,5000.0,5.0,0.0,0.0,
2024,Baix Penedès,Cirerer i guinder,Cherry and sour cherry,stone_fruit,cherry,3.0,1500.0,1.5,1.0,5600.0,5.6
2024,Baix Penedès,Presseguer,Peach,stone_fruit,stone_fruit,3.0,5500.0,5.5,1.0,13520.0,13.52
2024,Baix Penedès,Ametller,Almond,nut,almond,91.0,280.0,0.28,34.0,3200.0,3.2
2024,Baix Penedès,Vinya de raïm per a vi,Wine grape,vine,vine,3568.0,4254.0,4.254,37.0,7665.0,7.665
2024,Baix Penedès,Olivera per a oliva d'oli,Oil olive,olive,olive,755.0,1140.0,1.14,75.0,3226.0,3.226
2024,Barcelonès,Vinya de raïm per a vi,Wine grape,vine,vine,3.0,3090.0,3.09,0.0,0.0,
2024,Berguedà,Pomera,Apple,pome_fruit,pome_fruit,0.0,0.0,,1.0,21185.0,21.185
2024,Berguedà,Noguera,Walnut,nut,walnut,1.0,900.0,0.9,0.0,0.0,
2024,Berguedà,Vinya de raïm per a vi,Wine grape,vine,vine,10.0,1875.0,1.875,0.0,0.0,
2024,Cerdanya,Pomera,Apple,pome_fruit,pome_fruit,2.0,4000.0,4.0,6.0,43219.0,43.219
2024,Cerdanya,Vinya de raïm per a vi,Wine grape,vine,vine,10.0,2489.0,2.489,0.0,0.0,
2024,Conca de Barberà,Pomera,Apple,pome_fruit,pome_fruit,0.0,0.0,,1.0,14000.0,14.0
2024,Conca de Barberà,Cirerer i guinder,Cherry and sour cherry,stone_fruit,cherry,18.0,2200.0,2.2,0.0,0.0,
2024,Conca de Barberà,Ametller,Almond,nut,almond,479.0,250.0,0.25,13.0,2700.0,2.7
2024,Conca de Barberà,Noguera,Walnut,nut,walnut,10.0,100.0,0.1,33.0,180.0,0.18
2024,Conca de Barberà,Avellaner,Hazelnut,nut,hazelnut,275.0,75.0,0.075,51.0,225.0,0.225
2024,Conca de Barberà,Caqui,Persimmon,other,other,3.0,3500.0,3.5,0.0,0.0,
2024,Conca de Barberà,Vinya de raïm per a vi,Wine grape,vine,vine,3973.0,4540.0,4.54,28.0,5252.0,5.252
2024,Conca de Barberà,Olivera per a oliva d'oli,Oil olive,olive,olive,749.0,679.0,0.679,38.0,2003.0,2.003
2024,Garraf,Presseguer,Peach,stone_fruit,stone_fruit,0.0,0.0,,1.0,12400.0,12.4
2024,Garraf,Ametller,Almond,nut,almond,2.0,600.0,0.6,0.0,0.0,
2024,Garraf,Vinya de raïm per a vi,Wine grape,vine,vine,864.0,3010.0,3.01,0.0,0.0,
2024,Garraf,Olivera per a oliva d'oli,Oil olive,olive,olive,53.0,538.0,0.538,11.0,2850.0,2.85
2024,Garrigues,Pomera,Apple,pome_fruit,pome_fruit,0.0,0.0,,416.0,32752.0,32.752
2024,Garrigues,Perera,Pear,pome_fruit,pome_fruit,0.0,0.0,,483.0,9697.0,9.697
2024,Garrigues,Albercoquer,Apricot,stone_fruit,apricot,0.0,0.0,,33.0,7838.0,7.838
2024,Garrigues,Cirerer i guinder,Cherry and sour cherry,stone_fruit,cherry,4.0,1700.0,1.7,23.0,4872.0,4.872
2024,Garrigues,Presseguer,Peach,stone_fruit,stone_fruit,0.0,0.0,,52.0,30440.0,30.44
2024,Garrigues,Pruner,Plum,stone_fruit,stone_fruit,0.0,0.0,,36.0,19139.0,19.139
2024,Garrigues,Magraner,Pomegranate,other,other,1.0,9000.0,9.0,1.0,19000.0,19.0
2024,Garrigues,Ametller,Almond,nut,almond,3420.0,370.0,0.37,1510.0,2500.0,2.5
2024,Garrigues,Noguera,Walnut,nut,walnut,23.0,1200.0,1.2,14.0,3900.0,3.9
2024,Garrigues,Avellaner,Hazelnut,nut,hazelnut,3.0,525.0,0.525,1.0,1540.0,1.54
2024,Garrigues,Nectariner,Nectarine,stone_fruit,stone_fruit,0.0,0.0,,139.0,25884.0,25.884
2024,Garrigues,Prèssec plà,Flat peach,stone_fruit,stone_fruit,0.0,0.0,,68.0,27461.0,27.461
2024,Garrigues,Platerina,Flat nectarine,stone_fruit,stone_fruit,0.0,0.0,,5.0,23853.0,23.853
2024,Garrigues,Vinya de raïm per a vi,Wine grape,vine,vine,519.0,1700.0,1.7,79.0,10100.0,10.1
2024,Garrigues,Olivera per a oliva d'oli,Oil olive,olive,olive,10905.0,875.0,0.875,6164.0,4550.0,4.55
2024,Garrotxa,Pomera,Apple,pome_fruit,pome_fruit,0.0,0.0,,1.0,43219.0,43.219
2024,Garrotxa,Albercoquer,Apricot,stone_fruit,apricot,1.0,3200.0,3.2,0.0,0.0,
2024,Garrotxa,Vinya de raïm per a vi,Wine grape,vine,vine,3.0,2489.0,2.489,0.0,0.0,
2024,Garrotxa,Olivera per a oliva d'oli,Oil olive,olive,olive,1.0,1596.0,1.596,0.0,0.0,
2024,Gironès,Pomera,Apple,pome_fruit,pome_fruit,0.0,0.0,,55.0,43219.0,43.219
2024,Gironès,Perera,Pear,pome_fruit,pome_fruit,0.0,0.0,,63.0,17756.0,17.756
2024,Gironès,Presseguer,Peach,stone_fruit,stone_fruit,0.0,0.0,,3.0,19395.0,19.395
2024,Gironès,Pruner,Plum,stone_fruit,stone_fruit,0.0,0.0,,1.0,8000.0,8.0
2024,Gironès,Noguera,Walnut,nut,walnut,2.0,400.0,0.4,21.0,1000.0,1.0
2024,Gironès,Avellaner,Hazelnut,nut,hazelnut,27.0,300.0,0.3,60.0,350.0,0.35
2024,Gironès,Vinya de raïm per a vi,Wine grape,vine,vine,39.0,2489.0,2.489,0.0,0.0,
2024,Gironès,Olivera per a oliva d'oli,Oil olive,olive,olive,51.0,1596.0,1.596,10.0,2602.0,2.602
2024,Maresme,Cirerer i guinder,Cherry and sour cherry,stone_fruit,cherry,1.0,1900.0,1.9,0.0,0.0,
2024,Maresme,Ametller,Almond,nut,almond,1.0,600.0,0.6,2.0,600.0,0.6
2024,Maresme,Vinya de raïm per a vi,Wine grape,vine,vine,156.0,2165.0,2.165,41.0,3100.0,3.1
2024,Maresme,Olivera per a oliva d'oli,Oil olive,olive,olive,2.0,2580.0,2.58,13.0,3500.0,3.5
2024,Moianès,Ametller,Almond,nut,almond,2.0,400.0,0.4,0.0,0.0,
2024,Moianès,Noguera,Walnut,nut,walnut,0.0,0.0,,15.0,1000.0,1.0
2024,Moianès,Vinya de raïm per a vi,Wine grape,vine,vine,13.0,1137.0,1.137,0.0,0.0,
2024,Moianès,Olivera per a oliva d'oli,Oil olive,olive,olive,5.0,388.0,0.388,0.0,0.0,
2024,Montsià,Pomera,Apple,pome_fruit,pome_fruit,1.0,5000.0,5.0,2.0,14000.0,14.0
2024,Montsià,Perera,Pear,pome_fruit,pome_fruit,0.0,0.0,,1.0,7000.0,7.0
2024,Montsià,Albercoquer,Apricot,stone_fruit,apricot,2.0,2000.0,2.0,3.0,8000.0,8.0
2024,Montsià,Cirerer i guinder,Cherry and sour cherry,stone_fruit,cherry,3.0,2200.0,2.2,5.0,5600.0,5.6
2024,Montsià,Presseguer,Peach,stone_fruit,stone_fruit,7.0,5500.0,5.5,14.0,13520.0,13.52
2024,Montsià,Pruner,Plum,stone_fruit,stone_fruit,0.0,0.0,,1.0,10241.0,10.241
2024,Montsià,Magraner,Pomegranate,other,other,0.0,0.0,,30.0,12000.0,12.0
2024,Montsià,Ametller,Almond,nut,almond,279.0,250.0,0.25,235.0,3200.0,3.2
2024,Montsià,Noguera,Walnut,nut,walnut,1.0,700.0,0.7,5.0,1900.0,1.9
2024,Montsià,Nectariner,Nectarine,stone_fruit,stone_fruit,0.0,0.0,,6.0,15470.0,15.47
2024,Montsià,Vinya de raïm per a vi,Wine grape,vine,vine,5.0,4000.0,4.0,2.0,55000.0,55.0
2024,Montsià,Olivera per a oliva d'oli,Oil olive,olive,olive,11982.0,240.0,0.24,1211.0,1413.0,1.413
2024,Noguera,Pomera,Apple,pome_fruit,pome_fruit,0.0,0.0,,600.0,32752.0,32.752
2024,Noguera,Perera,Pear,pome_fruit,pome_fruit,0.0,0.0,,1016.0,9699.0,9.699
2024,Noguera,Albercoquer,Apricot,stone_fruit,apricot,0.0,0.0,,34.0,7838.0,7.838
2024,Noguera,Cirerer i guinder,Cherry and sour cherry,stone_fruit,cherry,0.0,0.0,,18.0,4872.0,4.872
2024,Noguera,Presseguer,Peach,stone_fruit,stone_fruit,0.0,0.0,,305.0,30440.0,30.44
2024,Noguera,Pruner,Plum,stone_fruit,stone_fruit,0.0,0.0,,3.0,19139.0,19.139
2024,Noguera,Ametller,Almond,nut,almond,828.0,400.0,0.4,506.0,2350.0,2.35
2024,Noguera,Noguera,Walnut,nut,walnut,9.0,800.0,0.8,38.0,3000.0,3.0
2024,Noguera,Nectariner,Nectarine,stone_fruit,stone_fruit,0.0,0.0,,425.0,25884.0,25.884
2024,Noguera,Prèssec plà,Flat peach,stone_fruit,stone_fruit,0.0,0.0,,185.0,27461.0,27.461
2024,Noguera,Platerina,Flat nectarine,stone_fruit,stone_fruit,0.0,0.0,,13.0,23853.0,23.853
2024,Noguera,Vinya de raïm per a vi,Wine grape,vine,vine,145.0,1100.0,1.1,172.0,5591.0,5.591
2024,Noguera,Olivera per a oliva d'oli,Oil olive,olive,olive,1148.0,625.0,0.625,373.0,3850.0,3.85
2024,Osona,Noguera,Walnut,nut,walnut,24.0,1500.0,1.5,9.0,3000.0,3.0
2024,Osona,Vinya de raïm per a vi,Wine grape,vine,vine,9.0,1875.0,1.875,0.0,0.0,
2024,Osona,Olivera per a oliva d'oli,Oil olive,olive,olive,3.0,408.0,0.408,0.0,0.0,
2024,Pallars Jussà,Cirerer i guinder,Cherry and sour cherry,stone_fruit,cherry,1.0,1700.0,1.7,2.0,4872.0,4.872
2024,Pallars Jussà,Ametller,Almond,nut,almond,1093.0,160.0,0.16,40.0,700.0,0.7
2024,Pallars Jussà,Noguera,Walnut,nut,walnut,43.0,500.0,0.5,14.0,2500.0,2.5
2024,Pallars Jussà,Vinya de raïm per a vi,Wine grape,vine,vine,233.0,3300.0,3.3,24.0,4705.0,4.705
2024,Pallars Jussà,Olivera per a oliva d'oli,Oil olive,olive,olive,566.0,900.0,0.9,19.0,3700.0,3.7
2024,Pallars Sobirà,Pomera,Apple,pome_fruit,pome_fruit,0.0,0.0,,2.0,32752.0,32.752
2024,Pallars Sobirà,Noguera,Walnut,nut,walnut,1.0,500.0,0.5,5.0,2450.0,2.45
2024,Pallars Sobirà,Vinya de raïm per a vi,Wine grape,vine,vine,14.0,2400.0,2.4,5.0,3700.0,3.7
2024,Pallars Sobirà,Olivera per a oliva d'oli,Oil olive,olive,olive,1.0,800.0,0.8,0.0,0.0,
2024,Pla de l'Estany,Noguera,Walnut,nut,walnut,1.0,750.0,0.75,69.0,1500.0,1.5
2024,Pla de l'Estany,Vinya de raïm per a vi,Wine grape,vine,vine,1.0,2489.0,2.489,2.0,4300.0,4.3
2024,Pla de l'Estany,Olivera per a oliva d'oli,Oil olive,olive,olive,12.0,1596.0,1.596,6.0,2602.0,2.602
2024,Pla d'Urgell,Pomera,Apple,pome_fruit,pome_fruit,0.0,0.0,,1753.0,32753.0,32.753
2024,Pla d'Urgell,Perera,Pear,pome_fruit,pome_fruit,0.0,0.0,,848.0,9698.0,9.698
2024,Pla d'Urgell,Albercoquer,Apricot,stone_fruit,apricot,0.0,0.0,,36.0,7838.0,7.838
2024,Pla d'Urgell,Cirerer i guinder,Cherry and sour cherry,stone_fruit,cherry,0.0,0.0,,6.0,4872.0,4.872
2024,Pla d'Urgell,Presseguer,Peach,stone_fruit,stone_fruit,0.0,0.0,,65.0,30440.0,30.44
2024,Pla d'Urgell,Pruner,Plum,stone_fruit,stone_fruit,0.0,0.0,,8.0,19139.0,19.139
2024,Pla d'Urgell,Magraner,Pomegranate,other,other,0.0,0.0,,3.0,15000.0,15.0
2024,Pla d'Urgell,Ametller,Almond,nut,almond,12.0,100.0,0.1,187.0,2350.0,2.35
2024,Pla d'Urgell,Noguera,Walnut,nut,walnut,2.0,1000.0,1.0,94.0,2000.0,2.0
2024,Pla d'Urgell,Nectariner,Nectarine,stone_fruit,stone_fruit,0.0,0.0,,141.0,25884.0,25.884
2024,Pla d'Urgell,Prèssec plà,Flat peach,stone_fruit,stone_fruit,0.0,0.0,,102.0,27461.0,27.461
2024,Pla d'Urgell,Platerina,Flat nectarine,stone_fruit,stone_fruit,0.0,0.0,,10.0,23853.0,23.853
2024,Pla d'Urgell,Olivera per a oliva d'oli,Oil olive,olive,olive,27.0,630.0,0.63,61.0,3165.0,3.165
2024,Priorat,Pomera,Apple,pome_fruit,pome_fruit,1.0,5000.0,5.0,1.0,14000.0,14.0
2024,Priorat,Albercoquer,Apricot,stone_fruit,apricot,0.0,0.0,,2.0,7000.0,7.0
2024,Priorat,Cirerer i guinder,Cherry and sour cherry,stone_fruit,cherry,14.0,1500.0,1.5,37.0,4500.0,4.5
2024,Priorat,Presseguer,Peach,stone_fruit,stone_fruit,0.0,0.0,,13.0,11500.0,11.5
2024,Priorat,Pruner,Plum,stone_fruit,stone_fruit,0.0,0.0,,1.0,10241.0,10.241
2024,Priorat,Ametller,Almond,nut,almond,498.0,175.0,0.175,106.0,2700.0,2.7
2024,Priorat,Noguera,Walnut,nut,walnut,2.0,500.0,0.5,0.0,0.0,
2024,Priorat,Avellaner,Hazelnut,nut,hazelnut,358.0,75.0,0.075,98.0,225.0,0.225
2024,Priorat,Vinya de raïm per a vi,Wine grape,vine,vine,3262.0,1919.0,1.919,422.0,2936.0,2.936
2024,Priorat,Olivera per a oliva d'oli,Oil olive,olive,olive,909.0,337.0,0.337,958.0,1379.0,1.379
2024,Ribera d'Ebre,Perera,Pear,pome_fruit,pome_fruit,0.0,0.0,,63.0,7000.0,7.0
2024,Ribera d'Ebre,Albercoquer,Apricot,stone_fruit,apricot,6.0,2000.0,2.0,138.0,8628.0,8.628
2024,Ribera d'Ebre,Cirerer i guinder,Cherry and sour cherry,stone_fruit,cherry,68.0,1720.0,1.72,780.0,5600.0,5.6
2024,Ribera d'Ebre,Presseguer,Peach,stone_fruit,stone_fruit,7.0,5500.0,5.5,351.0,13520.0,13.52
2024,Ribera d'Ebre,Pruner,Plum,stone_fruit,stone_fruit,1.0,4000.0,4.0,36.0,10241.0,10.241
2024,Ribera d'Ebre,Magraner,Pomegranate,other,other,0.0,0.0,,3.0,12000.0,12.0
2024,Ribera d'Ebre,Ametller,Almond,nut,almond,1397.0,175.0,0.175,974.0,2700.0,2.7
2024,Ribera d'Ebre,Noguera,Walnut,nut,walnut,0.0,0.0,,4.0,1900.0,1.9
2024,Ribera d'Ebre,Avellaner,Hazelnut,nut,hazelnut,85.0,75.0,0.075,7.0,250.0,0.25
2024,Ribera d'Ebre,Nectariner,Nectarine,stone_fruit,stone_fruit,3.0,3500.0,3.5,287.0,15470.0,15.47
2024,Ribera d'Ebre,Prèssec plà,Flat peach,stone_fruit,stone_fruit,0.0,0.0,,108.0,17059.0,17.059
2024,Ribera d'Ebre,Platerina,Flat nectarine,stone_fruit,stone_fruit,0.0,0.0,,7.0,17000.0,17.0
2024,Ribera d'Ebre,Vinya de raïm per a vi,Wine grape,vine,vine,790.0,4133.0,4.133,186.0,6704.0,6.704
2024,Ribera d'Ebre,Olivera per a oliva d'oli,Oil olive,olive,olive,3711.0,282.0,0.282,3415.0,2174.0,2.174
2024,Ripollès,Vinya de raïm per a vi,Wine grape,vine,vine,1.0,2489.0,2.489,0.0,0.0,
2024,Segarra,Pomera,Apple,pome_fruit,pome_fruit,0.0,0.0,,4.0,32752.0,32.752
2024,Segarra,Ametller,Almond,nut,almond,449.0,400.0,0.4,11.0,2000.0,2.0
2024,Segarra,Noguera,Walnut,nut,walnut,2.0,400.0,0.4,0.0,0.0,
2024,Segarra,Vinya de raïm per a vi,Wine grape,vine,vine,67.0,2750.0,2.75,0.0,0.0,
2024,Segarra,Olivera per a oliva d'oli,Oil olive,olive,olive,365.0,627.0,0.627,2.0,3165.0,3.165
2024,Segrià,Pomera,Apple,pome_fruit,pome_fruit,0.0,0.0,,1254.0,32753.0,32.753
2024,Segrià,Perera,Pear,pome_fruit,pome_fruit,0.0,0.0,,4593.0,9699.0,9.699
2024,Segrià,Albercoquer,Apricot,stone_fruit,apricot,0.0,0.0,,1397.0,7838.0,7.838
2024,Segrià,Cirerer i guinder,Cherry and sour cherry,stone_fruit,cherry,0.0,0.0,,741.0,4872.0,4.872
2024,Segrià,Presseguer,Peach,stone_fruit,stone_fruit,0.0,0.0,,2545.0,30440.0,30.44
2024,Segrià,Pruner,Plum,stone_fruit,stone_fruit,0.0,0.0,,111.0,19139.0,19.139
2024,Segrià,Magraner,Pomegranate,other,other,0.0,0.0,,47.0,20000.0,20.0
2024,Segrià,Ametller,Almond,nut,almond,1631.0,180.0,0.18,3384.0,2350.0,2.35
2024,Segrià,Noguera,Walnut,nut,walnut,5.0,1200.0,1.2,133.0,3600.0,3.6
2024,Segrià,Nectariner,Nectarine,stone_fruit,stone_fruit,0.0,0.0,,5615.0,25884.0,25.884
2024,Segrià,Nashi,Asian pear,other,other,0.0,0.0,,1.0,10000.0,10.0
2024,Segrià,Caqui,Persimmon,other,other,0.0,0.0,,49.0,25000.0,25.0
2024,Segrià,Prèssec plà,Flat peach,stone_fruit,stone_fruit,0.0,0.0,,3399.0,27461.0,27.461
2024,Segrià,Platerina,Flat nectarine,stone_fruit,stone_fruit,0.0,0.0,,180.0,23853.0,23.853
2024,Segrià,Vinya de raïm per a vi,Wine grape,vine,vine,71.0,2750.0,2.75,1815.0,13329.0,13.329
2024,Segrià,Olivera per a oliva d'oli,Oil olive,olive,olive,6215.0,695.0,0.695,2638.0,4515.0,4.515
2024,Selva,Pomera,Apple,pome_fruit,pome_fruit,0.0,0.0,,16.0,43219.0,43.219
2024,Selva,Perera,Pear,pome_fruit,pome_fruit,0.0,0.0,,16.0,17756.0,17.756
2024,Selva,Presseguer,Peach,stone_fruit,stone_fruit,0.0,0.0,,2.0,19395.0,19.395
2024,Selva,Noguera,Walnut,nut,walnut,1.0,500.0,0.5,8.0,800.0,0.8
2024,Selva,Avellaner,Hazelnut,nut,hazelnut,235.0,300.0,0.3,322.0,350.0,0.35
2024,Selva,Vinya de raïm per a vi,Wine grape,vine,vine,31.0,2489.0,2.489,3.0,4300.0,4.3
2024,Selva,Olivera per a oliva d'oli,Oil olive,olive,olive,24.0,1596.0,1.596,14.0,2602.0,2.602
2024,Solsonès,Pomera,Apple,pome_fruit,pome_fruit,2.0,4000.0,4.0,10.0,32752.0,32.752
2024,Solsonès,Ametller,Almond,nut,almond,7.0,500.0,0.5,0.0,0.0,
2024,Solsonès,Noguera,Walnut,nut,walnut,2.0,1400.0,1.4,5.0,3500.0,3.5
2024,Solsonès,Vinya de raïm per a vi,Wine grape,vine,vine,25.0,2500.0,2.5,0.0,0.0,
2024,Solsonès,Olivera per a oliva d'oli,Oil olive,olive,olive,32.0,800.0,0.8,0.0,0.0,
2024,Tarragonès,Albercoquer,Apricot,stone_fruit,apricot,1.0,2000.0,2.0,9.0,4249.0,4.249
2024,Tarragonès,Presseguer,Peach,stone_fruit,stone_fruit,1.0,5500.0,5.5,17.0,13520.0,13.52
2024,Tarragonès,Ametller,Almond,nut,almond,97.0,300.0,0.3,127.0,3200.0,3.2
2024,Tarragonès,Noguera,Walnut,nut,walnut,0.0,0.0,,39.0,2200.0,2.2
2024,Tarragonès,Avellaner,Hazelnut,nut,hazelnut,83.0,75.0,0.075,1169.0,350.0,0.35
2024,Tarragonès,Nectariner,Nectarine,stone_fruit,stone_fruit,0.0,0.0,,1.0,15470.0,15.47
2024,Tarragonès,Vinya de raïm per a vi,Wine grape,vine,vine,1255.0,4270.0,4.27,7.0,6923.0,6.923
2024,Tarragonès,Olivera per a oliva d'oli,Oil olive,olive,olive,574.0,867.0,0.867,455.0,2189.0,2.189
2024,Terra Alta,Pomera,Apple,pome_fruit,pome_fruit,2.0,5000.0,5.0,0.0,0.0,
2024,Terra Alta,Albercoquer,Apricot,stone_fruit,apricot,0.0,0.0,,1.0,6500.0,6.5
2024,Terra Alta,Cirerer i guinder,Cherry and sour cherry,stone_fruit,cherry,26.0,1500.0,1.5,110.0,4500.0,4.5
2024,Terra Alta,Presseguer,Peach,stone_fruit,stone_fruit,4.0,5500.0,5.5,28.0,11500.0,11.5
2024,Terra Alta,Magraner,Pomegranate,other,other,1.0,4000.0,4.0,0.0,0.0,
2024,Terra Alta,Ametller,Almond,nut,almond,4549.0,300.0,0.3,892.0,3200.0,3.2
2024,Terra Alta,Noguera,Walnut,nut,walnut,17.0,500.0,0.5,8.0,1900.0,1.9
2024,Terra Alta,Avellaner,Hazelnut,nut,hazelnut,326.0,75.0,0.075,72.0,225.0,0.225
2024,Terra Alta,Nectariner,Nectarine,stone_fruit,stone_fruit,0.0,0.0,,2.0,15470.0,15.47
2024,Terra Alta,Vinya de raïm per a vi,Wine grape,vine,vine,5705.0,4807.0,4.807,170.0,6176.0,6.176
2024,Terra Alta,Olivera per a oliva d'oli,Oil olive,olive,olive,3327.0,362.0,0.362,1275.0,1327.0,1.327
2024,Urgell,Pomera,Apple,pome_fruit,pome_fruit,0.0,0.0,,1081.0,32753.0,32.753
2024,Urgell,Perera,Pear,pome_fruit,pome_fruit,0.0,0.0,,394.0,9698.0,9.698
2024,Urgell,Presseguer,Peach,stone_fruit,stone_fruit,0.0,0.0,,5.0,30440.0,30.44
2024,Urgell,Ametller,Almond,nut,almond,1332.0,500.0,0.5,673.0,2350.0,2.35
2024,Urgell,Noguera,Walnut,nut,walnut,2.0,1000.0,1.0,29.0,4000.0,4.0
2024,Urgell,Avellaner,Hazelnut,nut,hazelnut,0.0,0.0,,2.0,1200.0,1.2
2024,Urgell,Nectariner,Nectarine,stone_fruit,stone_fruit,0.0,0.0,,11.0,25884.0,25.884
2024,Urgell,Platerina,Flat nectarine,stone_fruit,stone_fruit,0.0,0.0,,9.0,23853.0,23.853
2024,Urgell,Vinya de raïm per a vi,Wine grape,vine,vine,1246.0,5000.0,5.0,36.0,15000.0,15.0
2024,Urgell,Olivera per a oliva d'oli,Oil olive,olive,olive,2150.0,650.0,0.65,487.0,5000.0,5.0
2024,Vallès Occidental,Cirerer i guinder,Cherry and sour cherry,stone_fruit,cherry,1.0,1900.0,1.9,3.0,3300.0,3.3
2024,Vallès Occidental,Presseguer,Peach,stone_fruit,stone_fruit,1.0,6800.0,6.8,4.0,12400.0,12.4
2024,Vallès Occidental,Pruner,Plum,stone_fruit,stone_fruit,0.0,0.0,,1.0,9328.0,9.328
2024,Vallès Occidental,Ametller,Almond,nut,almond,6.0,600.0,0.6,0.0,0.0,
2024,Vallès Occidental,Noguera,Walnut,nut,walnut,4.0,600.0,0.6,0.0,0.0,
2024,Vallès Occidental,Caqui,Persimmon,other,other,0.0,0.0,,1.0,11800.0,11.8
2024,Vallès Occidental,Vinya de raïm per a vi,Wine grape,vine,vine,27.0,3968.0,3.968,1.0,8000.0,8.0
2024,Vallès Occidental,Olivera per a oliva d'oli,Oil olive,olive,olive,72.0,878.0,0.878,43.0,1470.0,1.47
2024,Vallès Oriental,Cirerer i guinder,Cherry and sour cherry,stone_fruit,cherry,0.0,0.0,,1.0,3600.0,3.6
2024,Vallès Oriental,Ametller,Almond,nut,almond,7.0,600.0,0.6,0.0,0.0,
2024,Vallès Oriental,Avellaner,Hazelnut,nut,hazelnut,27.0,300.0,0.3,28.0,300.0,0.3
2024,Vallès Oriental,Nectariner,Nectarine,stone_fruit,stone_fruit,0.0,0.0,,1.0,6500.0,6.5
2024,Vallès Oriental,Vinya de raïm per a vi,Wine grape,vine,vine,144.0,3968.0,3.968,0.0,0.0,
2024,Vallès Oriental,Olivera per a oliva d'oli,Oil olive,olive,olive,170.0,1048.0,1.048,20.0,2470.0,2.47
